term,score,label
eh,1.04,abstract
essentialness,1.04,abstract
although,1.07,abstract
spirituality,1.07,abstract
would,1.12,abstract
spiritually,1.14,abstract
whatsoever,1.17,abstract
conceptualistic,1.18,abstract
conventionalism,1.18,abstract
enlightening,1.19,abstract
perhaps,1.19,abstract
if,1.19,abstract
belief,1.19,abstract
idealize,1.19,abstract
inasmuch,1.2,abstract
though,1.2,abstract
agnostically,1.2,abstract
ambivalent,1.21,abstract
idealistic,1.21,abstract
inexplicable,1.21,abstract
figuratively,1.21,abstract
intuitively,1.21,abstract
terribly,1.21,abstract
in principle,1.21,abstract
interpretively,1.21,abstract
unenvied,1.21,abstract
infinitely,1.22,abstract
because,1.22,abstract
irresolutely,1.22,abstract
intuitive,1.23,abstract
thusly,1.23,abstract
wherever,1.23,abstract
zing,1.23,abstract
infinitively,1.23,abstract
someway,1.24,abstract
advantageously,1.24,abstract
inconclusiveness,1.24,abstract
absurdity,1.25,abstract
hope,1.25,abstract
knowingness,1.25,abstract
conceptual,1.26,abstract
herewith,1.26,abstract
ultimately,1.26,abstract
answerability,1.26,abstract
objectivism,1.26,abstract
treasonously,1.26,abstract
meanwhile,1.27,abstract
nonetheless,1.27,abstract
infinitive,1.27,abstract
futureless,1.27,abstract
improvable,1.27,abstract
undisputedly,1.27,abstract
unendingly,1.27,abstract
unmeant,1.27,abstract
fantastical,1.28,abstract
sanctimonious,1.28,abstract
unpromising,1.28,abstract
especially,1.28,abstract
inadvertently,1.28,abstract
preferentially,1.28,abstract
somehow,1.28,abstract
somewhat,1.28,abstract
inconsequence,1.28,abstract
acceptableness,1.28,abstract
figurativeness,1.28,abstract
hallowedness,1.28,abstract
prophetical,1.28,abstract
inadvisable,1.29,abstract
injunctive,1.29,abstract
unfathomably,1.29,abstract
indeterminately,1.29,abstract
unexceptionably,1.29,abstract
ethical,1.3,abstract
hypothetical,1.3,abstract
ingenuous,1.3,abstract
intangible,1.3,abstract
psychopathological,1.3,abstract
surreal,1.3,abstract
justifiably,1.3,abstract
objectively,1.3,abstract
unadvisedly,1.3,abstract
vitally,1.3,abstract
whichever,1.3,abstract
ambiguity,1.3,abstract
glorification,1.3,abstract
inapprehensive,1.3,abstract
inscrutableness,1.3,abstract
irrespectively,1.3,abstract
legalism,1.3,abstract
comfortless,1.31,abstract
fateful,1.31,abstract
risky,1.31,abstract
unjust,1.31,abstract
metaphysically,1.31,abstract
misfortunately,1.31,abstract
thereof,1.31,abstract
morals,1.31,abstract
fleetingness,1.31,abstract
inwardness,1.31,abstract
nonreciprocal,1.31,abstract
reasonless,1.31,abstract
unascertained,1.31,abstract
unsuitably,1.31,abstract
euphemistic,1.32,abstract
unforgivable,1.32,abstract
unrewarding,1.32,abstract
basically,1.32,abstract
whereof,1.32,abstract
archaically,1.32,abstract
existentialistic,1.32,abstract
implicatively,1.32,abstract
indescribability,1.32,abstract
liberalness,1.32,abstract
transiency,1.32,abstract
unimaginatively,1.32,abstract
unpremeditatedly,1.32,abstract
deductive,1.33,abstract
incomprehensible,1.33,abstract
uninspired,1.33,abstract
vicarious,1.33,abstract
enough,1.33,abstract
ideally,1.33,abstract
therefore,1.33,abstract
unforgivably,1.33,abstract
as,1.33,abstract
until,1.33,abstract
degeneracy,1.33,abstract
intellectualism,1.33,abstract
luck,1.33,abstract
mediocrity,1.33,abstract
possibility,1.33,abstract
realism,1.33,abstract
subjectivity,1.33,abstract
despite,1.33,abstract
avail,1.33,abstract
spiriting,1.33,abstract
extraneously,1.33,abstract
impassivity,1.33,abstract
inapplicability,1.33,abstract
indefiniteness,1.33,abstract
irreproachably,1.33,abstract
noncontroversial,1.33,abstract
unmorally,1.33,abstract
unspiritual,1.33,abstract
untowardly,1.33,abstract
forever,1.34,abstract
philosophically,1.34,abstract
almightiness,1.34,abstract
psyche,1.34,abstract
could,1.34,abstract
disbelieving,1.34,abstract
by chance,1.34,abstract
soullessly,1.34,abstract
otherworldly,1.35,abstract
unbridled,1.35,abstract
how,1.35,abstract
providentially,1.35,abstract
gosh,1.35,abstract
introspection,1.35,abstract
sanctity,1.35,abstract
ungodliness,1.35,abstract
utopianism,1.35,abstract
vigilantism,1.35,abstract
applicableness,1.35,abstract
culpably,1.35,abstract
deservingness,1.35,abstract
discretional,1.35,abstract
exceptionalness,1.35,abstract
impracticability,1.35,abstract
infiniteness,1.35,abstract
imperative,1.36,abstract
indefinite,1.36,abstract
inessential,1.36,abstract
paradigmatic,1.36,abstract
abstractly,1.36,abstract
idealistically,1.36,abstract
necessarily,1.36,abstract
sensibly,1.36,abstract
thence,1.36,abstract
thus,1.36,abstract
interpolation,1.36,abstract
steadfastness,1.36,abstract
moralize,1.36,abstract
archetypical,1.36,abstract
inexorableness,1.36,abstract
Inf,1.36,abstract
insurrectionary,1.36,abstract
irrelatively,1.36,abstract
irreverently,1.36,abstract
legitimization,1.36,abstract
nonconformance,1.36,abstract
optionally,1.36,abstract
theorization,1.36,abstract
universality,1.36,abstract
unpersuasively,1.36,abstract
ideal,1.37,abstract
theoretical,1.37,abstract
unblessed,1.37,abstract
unimaginable,1.37,abstract
actually,1.37,abstract
conceptually,1.37,abstract
irrevocably,1.37,abstract
prudently,1.37,abstract
sincerely,1.37,abstract
unimaginably,1.37,abstract
bliss,1.37,abstract
oblivion,1.37,abstract
suppose,1.37,abstract
allegorically,1.37,abstract
capitalistically,1.37,abstract
democratization,1.37,abstract
free rein,1.37,abstract
incommunicativeness,1.37,abstract
indistinctiveness,1.37,abstract
inexplicitness,1.37,abstract
insaneness,1.37,abstract
openheartedly,1.37,abstract
remorselessness,1.37,abstract
superficiality,1.37,abstract
unwariness,1.37,abstract
duplicitous,1.38,abstract
figurative,1.38,abstract
illogic,1.38,abstract
illogical,1.38,abstract
inconceivable,1.38,abstract
preeminent,1.38,abstract
unforgiving,1.38,abstract
unspectacular,1.38,abstract
arbitrarily,1.38,abstract
evidently,1.38,abstract
intriguingly,1.38,abstract
nevermore,1.38,abstract
notwithstanding,1.38,abstract
pitilessly,1.38,abstract
pretentiously,1.38,abstract
qualitatively,1.38,abstract
seldom,1.38,abstract
since,1.38,abstract
adaptability,1.38,abstract
austerity,1.38,abstract
goodness,1.38,abstract
justness,1.38,abstract
limitlessness,1.38,abstract
potentiality,1.38,abstract
principles,1.38,abstract
anything,1.38,abstract
deserved,1.38,abstract
simpleminded,1.38,abstract
assumptive,1.38,abstract
chance on,1.38,abstract
hereupon,1.38,abstract
inequitably,1.38,abstract
perceivably,1.38,abstract
pressingly,1.38,abstract
presumable,1.38,abstract
resignedly,1.38,abstract
unconventionally,1.38,abstract
unforeseeably,1.38,abstract
unsettledness,1.38,abstract
untellable,1.38,abstract
contributable,1.39,abstract
deceitfully,1.39,abstract
yet,1.39,abstract
inconsequentiality,1.39,abstract
indeterminacy,1.39,abstract
lenience,1.39,abstract
reasoning,1.39,abstract
unconventionality,1.39,abstract
accountableness,1.39,abstract
customariness,1.39,abstract
definitiveness,1.39,abstract
inceptive,1.39,abstract
magnanimously,1.39,abstract
matchlessly,1.39,abstract
moralistically,1.39,abstract
mystifyingly,1.39,abstract
reasonability,1.39,abstract
valorously,1.39,abstract
disgruntled,1.4,abstract
expendable,1.4,abstract
heedful,1.4,abstract
impressionable,1.4,abstract
inequitable,1.4,abstract
normal,1.4,abstract
preposterous,1.4,abstract
unambiguous,1.4,abstract
undefined,1.4,abstract
ironically,1.4,abstract
morally,1.4,abstract
nowadays,1.4,abstract
stupidly,1.4,abstract
wantonly,1.4,abstract
blah,1.4,abstract
idealization,1.4,abstract
injustice,1.4,abstract
interpretation,1.4,abstract
legacy,1.4,abstract
responsibility,1.4,abstract
trusting,1.4,abstract
untrusting,1.4,abstract
blamelessness,1.4,abstract
courageousness,1.4,abstract
deceivingly,1.4,abstract
definitional,1.4,abstract
disreputableness,1.4,abstract
indiscriminative,1.4,abstract
intractability,1.4,abstract
perfectibility,1.4,abstract
pointlessly,1.4,abstract
unrecognizably,1.4,abstract
disenchanted,1.41,abstract
imperialistic,1.41,abstract
misrepresent,1.41,abstract
renowned,1.41,abstract
theological,1.41,abstract
unapproachable,1.41,abstract
underappreciated,1.41,abstract
undiplomatic,1.41,abstract
unnatural,1.41,abstract
unspecific,1.41,abstract
credibly,1.41,abstract
hence,1.41,abstract
lately,1.41,abstract
subjectively,1.41,abstract
traditionally,1.41,abstract
unrepentantly,1.41,abstract
whereby,1.41,abstract
adorability,1.41,abstract
afterworld,1.41,abstract
concept,1.41,abstract
despondency,1.41,abstract
equality,1.41,abstract
godliness,1.41,abstract
oppressiveness,1.41,abstract
sublimity,1.41,abstract
symbolism,1.41,abstract
tenacity,1.41,abstract
wrongness,1.41,abstract
presuming,1.41,abstract
transcending,1.41,abstract
depersonalize,1.41,abstract
emotively,1.41,abstract
existentially,1.41,abstract
guiltlessness,1.41,abstract
healthfully,1.41,abstract
incomprehensibleness,1.41,abstract
insolently,1.41,abstract
prevalently,1.41,abstract
quantifiably,1.41,abstract
unrepressed,1.41,abstract
unsacred,1.41,abstract
ensuing,1.42,abstract
evocative,1.42,abstract
expectable,1.42,abstract
intrusive,1.42,abstract
omnipresent,1.42,abstract
psychoanalytical,1.42,abstract
serendipitous,1.42,abstract
spiritualistic,1.42,abstract
unforeseeable,1.42,abstract
uninteresting,1.42,abstract
unknowable,1.42,abstract
unobvious,1.42,abstract
unpatriotic,1.42,abstract
ago,1.42,abstract
compellingly,1.42,abstract
merely,1.42,abstract
so,1.42,abstract
surrealistically,1.42,abstract
thereby,1.42,abstract
impartiality,1.42,abstract
inexistence,1.42,abstract
unrighteousness,1.42,abstract
overwhelm,1.42,abstract
unsettling,1.42,abstract
constructivism,1.42,abstract
discerningly,1.42,abstract
disconcertedness,1.42,abstract
dissimilation,1.42,abstract
floatingly,1.42,abstract
forebodingly,1.42,abstract
indistinctive,1.42,abstract
likableness,1.42,abstract
nonobjective,1.42,abstract
sanctimoniously,1.42,abstract
specialism,1.42,abstract
thenceforth,1.42,abstract
undauntedly,1.42,abstract
unobjectionably,1.42,abstract
unpretentiously,1.42,abstract
despicable,1.43,abstract
goddamn,1.43,abstract
intentioned,1.43,abstract
mere,1.43,abstract
righteous,1.43,abstract
subjective,1.43,abstract
trustable,1.43,abstract
unknowing,1.43,abstract
evidentially,1.43,abstract
ludicrously,1.43,abstract
respectfully,1.43,abstract
rightfully,1.43,abstract
uneasily,1.43,abstract
very,1.43,abstract
virtuously,1.43,abstract
wherefore,1.43,abstract
the,1.43,abstract
plausibility,1.43,abstract
selflessness,1.43,abstract
uselessness,1.43,abstract
belong,1.43,abstract
disillusion,1.43,abstract
ought,1.43,abstract
prevail,1.43,abstract
circumstanced,1.43,abstract
disingenuously,1.43,abstract
executively,1.43,abstract
incredulousness,1.43,abstract
ineloquent,1.43,abstract
insignificantly,1.43,abstract
interreligious,1.43,abstract
profoundness,1.43,abstract
sinfulness,1.43,abstract
subjectivism,1.43,abstract
unanswerably,1.43,abstract
unapparent,1.43,abstract
unbeneficial,1.43,abstract
unoriginally,1.43,abstract
unpartisan,1.43,abstract
benevolent,1.44,abstract
conjectural,1.44,abstract
defamatory,1.44,abstract
divine,1.44,abstract
extrasensory,1.44,abstract
goddamned,1.44,abstract
psychodynamic,1.44,abstract
superlative,1.44,abstract
ulterior,1.44,abstract
unanticipated,1.44,abstract
unfeasible,1.44,abstract
unspecified,1.44,abstract
delicately,1.44,abstract
dishonorably,1.44,abstract
fortunately,1.44,abstract
inexpressibly,1.44,abstract
justly,1.44,abstract
momentously,1.44,abstract
obligingly,1.44,abstract
really,1.44,abstract
subconsciously,1.44,abstract
then,1.44,abstract
theoretically,1.44,abstract
adversity,1.44,abstract
atonement,1.44,abstract
cordiality,1.44,abstract
extent,1.44,abstract
forgiveness,1.44,abstract
intangibility,1.44,abstract
integrity,1.44,abstract
neediness,1.44,abstract
persistency,1.44,abstract
distrust,1.44,abstract
excepting,1.44,abstract
unfulfilling,1.44,abstract
amazedly,1.44,abstract
boundlessness,1.44,abstract
compromisingly,1.44,abstract
conditionality,1.44,abstract
contemptibility,1.44,abstract
countertendency,1.44,abstract
dedicative,1.44,abstract
discretionally,1.44,abstract
egoistical,1.44,abstract
enviably,1.44,abstract
extraneousness,1.44,abstract
haughtiness,1.44,abstract
horrendously,1.44,abstract
impersonalize,1.44,abstract
inalienability,1.44,abstract
indubitableness,1.44,abstract
nonliterary,1.44,abstract
sketchiness,1.44,abstract
supposable,1.44,abstract
tactlessly,1.44,abstract
unfeasibly,1.44,abstract
unworthily,1.44,abstract
wrongheadedness,1.44,abstract
abstract,1.45,abstract
ignorable,1.45,abstract
unexplainable,1.45,abstract
unredeemable,1.45,abstract
unsympathetic,1.45,abstract
unthinkable,1.45,abstract
altruistically,1.45,abstract
dutifully,1.45,abstract
fascinatingly,1.45,abstract
relatively,1.45,abstract
uncompromisingly,1.45,abstract
unfailingly,1.45,abstract
zealously,1.45,abstract
existentialism,1.45,abstract
glory,1.45,abstract
incorruption,1.45,abstract
justice,1.45,abstract
justify,1.45,abstract
determinability,1.45,abstract
inhumanness,1.45,abstract
judicative,1.45,abstract
naturalistically,1.45,abstract
objectiveness,1.45,abstract
perilously,1.45,abstract
undifferentiated,1.45,abstract
unscrupulousness,1.45,abstract
unwarlike,1.45,abstract
aloof,1.46,abstract
amoral,1.46,abstract
believable,1.46,abstract
deniable,1.46,abstract
discerning,1.46,abstract
inconvenient,1.46,abstract
theoretic,1.46,abstract
treasonous,1.46,abstract
unorthodox,1.46,abstract
unsustainable,1.46,abstract
wondrous,1.46,abstract
adamantly,1.46,abstract
calamitously,1.46,abstract
endlessly,1.46,abstract
impressively,1.46,abstract
inopportunely,1.46,abstract
subsequently,1.46,abstract
unabashedly,1.46,abstract
unprecedentedly,1.46,abstract
a,1.46,abstract
an,1.46,abstract
albeit,1.46,abstract
whereas,1.46,abstract
whatever,1.46,abstract
deviancy,1.46,abstract
deviousness,1.46,abstract
discordance,1.46,abstract
endlessness,1.46,abstract
eternity,1.46,abstract
involvement,1.46,abstract
mortality,1.46,abstract
romanticism,1.46,abstract
mistrusting,1.46,abstract
seeming,1.46,abstract
absolutism,1.46,abstract
absurdness,1.46,abstract
advisability,1.46,abstract
antirealism,1.46,abstract
arduously,1.46,abstract
believingly,1.46,abstract
changelessly,1.46,abstract
conspiratorially,1.46,abstract
cravingly,1.46,abstract
expendability,1.46,abstract
factionalism,1.46,abstract
heartbrokenly,1.46,abstract
illogically,1.46,abstract
illusively,1.46,abstract
imaginatively,1.46,abstract
immaterially,1.46,abstract
immeasurability,1.46,abstract
imperceptive,1.46,abstract
inconsequently,1.46,abstract
inconvertibly,1.46,abstract
incredulously,1.46,abstract
indetermination,1.46,abstract
indivertible,1.46,abstract
inexcusableness,1.46,abstract
innocuously,1.46,abstract
insensibly,1.46,abstract
insubstantiality,1.46,abstract
misusage,1.46,abstract
namelessly,1.46,abstract
regressively,1.46,abstract
somberly,1.46,abstract
subaverage,1.46,abstract
tenuousness,1.46,abstract
theologize,1.46,abstract
trueness,1.46,abstract
unheralded,1.46,abstract
unilateralism,1.46,abstract
universalistic,1.46,abstract
unpretentiousness,1.46,abstract
unsympathetically,1.46,abstract
apolitical,1.47,abstract
unknown,1.47,abstract
sometime,1.47,abstract
unethically,1.47,abstract
euphoria,1.47,abstract
morality,1.47,abstract
theory,1.47,abstract
despicably,1.47,abstract
abstracted,1.48,abstract
ambiguous,1.48,abstract
behavioral,1.48,abstract
derisive,1.48,abstract
impending,1.48,abstract
inarguable,1.48,abstract
incomparable,1.48,abstract
mindful,1.48,abstract
passionate,1.48,abstract
philosophic,1.48,abstract
probable,1.48,abstract
purposeless,1.48,abstract
sensorial,1.48,abstract
speculative,1.48,abstract
suave,1.48,abstract
transcendental,1.48,abstract
unimpeachable,1.48,abstract
unprincipled,1.48,abstract
urbane,1.48,abstract
aesthetically,1.48,abstract
anyhow,1.48,abstract
characteristically,1.48,abstract
coincidentally,1.48,abstract
consummately,1.48,abstract
controversially,1.48,abstract
ever,1.48,abstract
inconsequentially,1.48,abstract
innocently,1.48,abstract
keenly,1.48,abstract
naturally,1.48,abstract
nevertheless,1.48,abstract
now,1.48,abstract
psychiatrically,1.48,abstract
rather,1.48,abstract
unbeknownst,1.48,abstract
undeniably,1.48,abstract
undyingly,1.48,abstract
unmercifully,1.48,abstract
vicariously,1.48,abstract
except,1.48,abstract
such,1.48,abstract
oh,1.48,abstract
wow,1.48,abstract
beguilement,1.48,abstract
docility,1.48,abstract
egoism,1.48,abstract
grandiosity,1.48,abstract
gullibility,1.48,abstract
inadvertence,1.48,abstract
infallibility,1.48,abstract
misanthropy,1.48,abstract
objectivity,1.48,abstract
optimism,1.48,abstract
pathos,1.48,abstract
randomization,1.48,abstract
shamelessness,1.48,abstract
synergy,1.48,abstract
transcendence,1.48,abstract
unbefitting,1.48,abstract
willpower,1.48,abstract
during,1.48,abstract
instead,1.48,abstract
respecting,1.48,abstract
accustom,1.48,abstract
enlighten,1.48,abstract
opinionated,1.48,abstract
persevere,1.48,abstract
thereabout,1.48,abstract
were,1.48,abstract
acceptably,1.48,abstract
agelessness,1.48,abstract
amicability,1.48,abstract
coequality,1.48,abstract
condescendence,1.48,abstract
confessable,1.48,abstract
conscionably,1.48,abstract
consentingly,1.48,abstract
detachedly,1.48,abstract
disaffiliation,1.48,abstract
dishonorableness,1.48,abstract
electorally,1.48,abstract
excusatory,1.48,abstract
fortuitousness,1.48,abstract
functionalism,1.48,abstract
idyllically,1.48,abstract
imageability,1.48,abstract
impartialness,1.48,abstract
imperceptiveness,1.48,abstract
imponderable,1.48,abstract
improbably,1.48,abstract
inexactness,1.48,abstract
ingloriously,1.48,abstract
insatiability,1.48,abstract
legitimateness,1.48,abstract
loathsomely,1.48,abstract
luckiness,1.48,abstract
marxism,1.48,abstract
mistrustfully,1.48,abstract
perseveringly,1.48,abstract
pointlessness,1.48,abstract
ponderable,1.48,abstract
positivism,1.48,abstract
reminiscently,1.48,abstract
repugnancy,1.48,abstract
rueful,1.48,abstract
sentimentalism,1.48,abstract
unanalyzed,1.48,abstract
uncalculating,1.48,abstract
uncommonness,1.48,abstract
unidentifiably,1.48,abstract
unlimitedly,1.48,abstract
unpromisingly,1.48,abstract
unwarrantedly,1.48,abstract
unwholesomely,1.48,abstract
usability,1.48,abstract
broody,1.5,abstract
conventional,1.5,abstract
desirous,1.5,abstract
diabolical,1.5,abstract
dissenting,1.5,abstract
farfetched,1.5,abstract
fated,1.5,abstract
heavenly,1.5,abstract
humanizing,1.5,abstract
immutable,1.5,abstract
implausible,1.5,abstract
inconclusive,1.5,abstract
indescribable,1.5,abstract
indeterminate,1.5,abstract
irrelevant,1.5,abstract
progressive,1.5,abstract
reverent,1.5,abstract
rhetorical,1.5,abstract
stereotyped,1.5,abstract
transitive,1.5,abstract
undisputed,1.5,abstract
unselfish,1.5,abstract
unverifiable,1.5,abstract
uttermost,1.5,abstract
wrongful,1.5,abstract
admirably,1.5,abstract
compassionately,1.5,abstract
deviously,1.5,abstract
dimensionally,1.5,abstract
distressingly,1.5,abstract
heedlessly,1.5,abstract
hopelessly,1.5,abstract
ideologically,1.5,abstract
inconsiderably,1.5,abstract
inconveniently,1.5,abstract
inextricably,1.5,abstract
interestingly,1.5,abstract
invincibly,1.5,abstract
ordinarily,1.5,abstract
paradoxically,1.5,abstract
provisionally,1.5,abstract
revoltingly,1.5,abstract
unprofessionally,1.5,abstract
wickedly,1.5,abstract
wonderfully,1.5,abstract
absoluteness,1.5,abstract
adherence,1.5,abstract
altruism,1.5,abstract
disloyalty,1.5,abstract
doom,1.5,abstract
enlightenment,1.5,abstract
generality,1.5,abstract
impulsivity,1.5,abstract
inappropriateness,1.5,abstract
meaningfulness,1.5,abstract
motive,1.5,abstract
normalness,1.5,abstract
particulars,1.5,abstract
privacy,1.5,abstract
reaffirmation,1.5,abstract
rhetoric,1.5,abstract
seriousness,1.5,abstract
stringency,1.5,abstract
veracity,1.5,abstract
pertaining,1.5,abstract
assuming,1.5,abstract
condescend,1.5,abstract
excommunicate,1.5,abstract
experienced,1.5,abstract
facilitate,1.5,abstract
insinuating,1.5,abstract
justifying,1.5,abstract
meant,1.5,abstract
overqualified,1.5,abstract
redefine,1.5,abstract
stupefied,1.5,abstract
supersede,1.5,abstract
abstractness,1.5,abstract
articulately,1.5,abstract
audaciously,1.5,abstract
befittingly,1.5,abstract
corruptibility,1.5,abstract
credulously,1.5,abstract
deliberative,1.5,abstract
despicableness,1.5,abstract
diffusely,1.5,abstract
distrustfulness,1.5,abstract
evangelicalism,1.5,abstract
fantasticality,1.5,abstract
faultily,1.5,abstract
forsakenly,1.5,abstract
glumness,1.5,abstract
guilefulness,1.5,abstract
inappreciable,1.5,abstract
incomprehensibility,1.5,abstract
inconstantly,1.5,abstract
inconvertibility,1.5,abstract
inconvincible,1.5,abstract
ineloquently,1.5,abstract
inexplicableness,1.5,abstract
inspiringly,1.5,abstract
insuppressibly,1.5,abstract
introspectiveness,1.5,abstract
liberality,1.5,abstract
nominally,1.5,abstract
peevishly,1.5,abstract
placeless,1.5,abstract
reconcilable,1.5,abstract
reservedly,1.5,abstract
revivalism,1.5,abstract
staunchness,1.5,abstract
stupendously,1.5,abstract
subjectivist,1.5,abstract
uncharitably,1.5,abstract
undoubting,1.5,abstract
unearthliness,1.5,abstract
unfaithfully,1.5,abstract
unfittingly,1.5,abstract
unimagined,1.5,abstract
unproductiveness,1.5,abstract
unrespectable,1.5,abstract
unscrupulously,1.5,abstract
vitalization,1.5,abstract
affective,1.52,abstract
allegorical,1.52,abstract
amazed,1.52,abstract
biased,1.52,abstract
blasphemous,1.52,abstract
conclusive,1.52,abstract
diffusive,1.52,abstract
disconcerting,1.52,abstract
dismayed,1.52,abstract
dubious,1.52,abstract
endurable,1.52,abstract
enlightened,1.52,abstract
essential,1.52,abstract
foregone,1.52,abstract
futile,1.52,abstract
heartwarming,1.52,abstract
impassive,1.52,abstract
inexact,1.52,abstract
inglorious,1.52,abstract
insensible,1.52,abstract
introspective,1.52,abstract
maladjusted,1.52,abstract
pardonable,1.52,abstract
perfectible,1.52,abstract
sensible,1.52,abstract
solemn,1.52,abstract
soulless,1.52,abstract
sufficing,1.52,abstract
typical,1.52,abstract
unachievable,1.52,abstract
unholy,1.52,abstract
unplanned,1.52,abstract
unreal,1.52,abstract
unspeakable,1.52,abstract
unsuitable,1.52,abstract
calculatedly,1.52,abstract
deceptively,1.52,abstract
divinely,1.52,abstract
effusively,1.52,abstract
facetiously,1.52,abstract
inevitably,1.52,abstract
inexactly,1.52,abstract
inordinately,1.52,abstract
just,1.52,abstract
longingly,1.52,abstract
maybe,1.52,abstract
neurotically,1.52,abstract
overwhelmingly,1.52,abstract
parenthetically,1.52,abstract
perfectly,1.52,abstract
prodigiously,1.52,abstract
regardless,1.52,abstract
seemingly,1.52,abstract
shockingly,1.52,abstract
thereafter,1.52,abstract
tiresomely,1.52,abstract
unnecessarily,1.52,abstract
and,1.52,abstract
whereupon,1.52,abstract
nirvana,1.52,abstract
changelessness,1.52,abstract
courage,1.52,abstract
egomania,1.52,abstract
heyday,1.52,abstract
idealist,1.52,abstract
immortality,1.52,abstract
impossibility,1.52,abstract
inevitability,1.52,abstract
insecurity,1.52,abstract
intent,1.52,abstract
justification,1.52,abstract
noninvolvement,1.52,abstract
oomph,1.52,abstract
penance,1.52,abstract
purpose,1.52,abstract
rationalist,1.52,abstract
sensibility,1.52,abstract
specialness,1.52,abstract
unhappiness,1.52,abstract
unoriginality,1.52,abstract
unreality,1.52,abstract
vitalism,1.52,abstract
behalf,1.52,abstract
acquaint,1.52,abstract
disenfranchise,1.52,abstract
imposing,1.52,abstract
luxuriate,1.52,abstract
predisposed,1.52,abstract
rationalize,1.52,abstract
adjectivally,1.52,abstract
adolescently,1.52,abstract
averseness,1.52,abstract
collectivism,1.52,abstract
contingently,1.52,abstract
correlativity,1.52,abstract
corruptibleness,1.52,abstract
credibleness,1.52,abstract
cumulativeness,1.52,abstract
dearness,1.52,abstract
depressively,1.52,abstract
derisively,1.52,abstract
detestably,1.52,abstract
disallowable,1.52,abstract
disconcertedly,1.52,abstract
discouragingly,1.52,abstract
dispiritingly,1.52,abstract
egotistically,1.52,abstract
enigmatically,1.52,abstract
ethnologically,1.52,abstract
fancifulness,1.52,abstract
fathomable,1.52,abstract
genealogically,1.52,abstract
hardheadedness,1.52,abstract
hyperconsciousness,1.52,abstract
idealness,1.52,abstract
imperviously,1.52,abstract
indicatively,1.52,abstract
irrepressibleness,1.52,abstract
irreversibleness,1.52,abstract
misguidedly,1.52,abstract
objectivist,1.52,abstract
ponderously,1.52,abstract
practicably,1.52,abstract
properness,1.52,abstract
prudishness,1.52,abstract
quantum leap,1.52,abstract
reductionism,1.52,abstract
revivification,1.52,abstract
seditiousness,1.52,abstract
spiritualization,1.52,abstract
symbiotically,1.52,abstract
tantamount to,1.52,abstract
unaffectedly,1.52,abstract
unbecomingness,1.52,abstract
unbigoted,1.52,abstract
uncompassionate,1.52,abstract
unconstitutionally,1.52,abstract
uncourageous,1.52,abstract
undervaluing,1.52,abstract
unquotable,1.52,abstract
unrightfully,1.52,abstract
unsubstantially,1.52,abstract
controversial,1.53,abstract
forthright,1.53,abstract
literal,1.53,abstract
unfathomable,1.53,abstract
amiss,1.53,abstract
cynically,1.53,abstract
excellently,1.53,abstract
intimately,1.53,abstract
pathologically,1.53,abstract
aggravation,1.53,abstract
fate,1.53,abstract
greed,1.53,abstract
wisdom,1.53,abstract
aspire,1.53,abstract
imagine,1.53,abstract
should,1.53,abstract
faithlessly,1.53,abstract
retrospectively,1.53,abstract
typicality,1.53,abstract
causative,1.54,abstract
discriminating,1.54,abstract
godless,1.54,abstract
impious,1.54,abstract
inevitable,1.54,abstract
informative,1.54,abstract
innocent,1.54,abstract
insufferable,1.54,abstract
metaphysic,1.54,abstract
metaphysical,1.54,abstract
patronizing,1.54,abstract
preferable,1.54,abstract
sinless,1.54,abstract
stupendous,1.54,abstract
unbelievable,1.54,abstract
unfathomed,1.54,abstract
unhelpful,1.54,abstract
unjustified,1.54,abstract
unquestionable,1.54,abstract
unredeemed,1.54,abstract
wifely,1.54,abstract
worst,1.54,abstract
admittedly,1.54,abstract
authoritatively,1.54,abstract
awhile,1.54,abstract
indelicately,1.54,abstract
subtly,1.54,abstract
supremely,1.54,abstract
temperamentally,1.54,abstract
temptingly,1.54,abstract
trustingly,1.54,abstract
unceasingly,1.54,abstract
unless,1.54,abstract
that,1.54,abstract
which,1.54,abstract
dementedly,1.54,abstract
affability,1.54,abstract
aptitude,1.54,abstract
endearment,1.54,abstract
existence,1.54,abstract
foreboding,1.54,abstract
godsend,1.54,abstract
happenstance,1.54,abstract
imperativeness,1.54,abstract
nationalization,1.54,abstract
overstatement,1.54,abstract
paradox,1.54,abstract
realization,1.54,abstract
revenge,1.54,abstract
subtlety,1.54,abstract
synthesis,1.54,abstract
accordance,1.54,abstract
anticipate,1.54,abstract
await,1.54,abstract
become,1.54,abstract
confounding,1.54,abstract
differentiate,1.54,abstract
indemnify,1.54,abstract
personify,1.54,abstract
spiritualize,1.54,abstract
sympathize,1.54,abstract
synergize,1.54,abstract
truehearted,1.54,abstract
abstractedly,1.54,abstract
adeptly,1.54,abstract
advisably,1.54,abstract
ambiguousness,1.54,abstract
antiheroic,1.54,abstract
applicably,1.54,abstract
ascertainably,1.54,abstract
associational,1.54,abstract
changeably,1.54,abstract
comparableness,1.54,abstract
condemningly,1.54,abstract
correlatively,1.54,abstract
defendable,1.54,abstract
demonical,1.54,abstract
desirably,1.54,abstract
detrimentally,1.54,abstract
disbelievingly,1.54,abstract
dispiriting,1.54,abstract
disreputably,1.54,abstract
electiveness,1.54,abstract
emotionalize,1.54,abstract
enduringly,1.54,abstract
excusably,1.54,abstract
gainfulness,1.54,abstract
high time,1.54,abstract
idolism,1.54,abstract
imperialistically,1.54,abstract
imperially,1.54,abstract
inarticulately,1.54,abstract
inartificiality,1.54,abstract
incoercible,1.54,abstract
indisputability,1.54,abstract
inexplicability,1.54,abstract
infallibly,1.54,abstract
inoffensiveness,1.54,abstract
intangibly,1.54,abstract
invulnerableness,1.54,abstract
irreplaceably,1.54,abstract
logicalness,1.54,abstract
muddleheaded,1.54,abstract
offhandedness,1.54,abstract
openheartedness,1.54,abstract
persuadable,1.54,abstract
pervasively,1.54,abstract
preconceive,1.54,abstract
reprehensively,1.54,abstract
representatively,1.54,abstract
repressively,1.54,abstract
satirically,1.54,abstract
sensualistic,1.54,abstract
shamefulness,1.54,abstract
tentativeness,1.54,abstract
terribleness,1.54,abstract
transitiveness,1.54,abstract
tremendousness,1.54,abstract
trustless,1.54,abstract
unfeelingly,1.54,abstract
unflatteringly,1.54,abstract
unintuitive,1.54,abstract
unmindful,1.54,abstract
unobjectionable,1.54,abstract
verbalism,1.54,abstract
amazing,1.55,abstract
charmless,1.55,abstract
distrustful,1.55,abstract
indefinable,1.55,abstract
indulgent,1.55,abstract
inspiring,1.55,abstract
monotonous,1.55,abstract
pleasant,1.55,abstract
rousing,1.55,abstract
sociological,1.55,abstract
sociopolitical,1.55,abstract
superstitious,1.55,abstract
unchristian,1.55,abstract
vague,1.55,abstract
absurdly,1.55,abstract
astonishingly,1.55,abstract
bewitchingly,1.55,abstract
blithely,1.55,abstract
devoutly,1.55,abstract
essentially,1.55,abstract
horribly,1.55,abstract
judiciously,1.55,abstract
luckily,1.55,abstract
marvelously,1.55,abstract
openly,1.55,abstract
tremendously,1.55,abstract
ultra,1.55,abstract
unfairly,1.55,abstract
wholeheartedly,1.55,abstract
wistfully,1.55,abstract
while,1.55,abstract
accountability,1.55,abstract
antipathy,1.55,abstract
bleakness,1.55,abstract
disenchantment,1.55,abstract
impudence,1.55,abstract
mindset,1.55,abstract
misrepresentation,1.55,abstract
resourcefulness,1.55,abstract
by,1.55,abstract
concerning,1.55,abstract
to,1.55,abstract
believe,1.55,abstract
causing,1.55,abstract
inspired,1.55,abstract
circumspectness,1.55,abstract
doubtlessness,1.55,abstract
eugenic,1.55,abstract
fundamentality,1.55,abstract
good natured,1.55,abstract
immortalization,1.55,abstract
in demand,1.55,abstract
ineligibly,1.55,abstract
influentially,1.55,abstract
mortifyingly,1.55,abstract
nondiscretionary,1.55,abstract
originative,1.55,abstract
permissively,1.55,abstract
revelatory,1.55,abstract
thanklessness,1.55,abstract
undiscerning,1.55,abstract
undreamt,1.55,abstract
ungratefully,1.55,abstract
unwholesomeness,1.55,abstract
zen,1.55,abstract
dispiritedness,1.56,abstract
harebrained,1.56,abstract
inconsequential,1.56,abstract
inspirational,1.56,abstract
instinctive,1.56,abstract
instinctual,1.56,abstract
mythic,1.56,abstract
normative,1.56,abstract
possible,1.56,abstract
quintessential,1.56,abstract
transformative,1.56,abstract
unenlightening,1.56,abstract
ungodly,1.56,abstract
unnecessary,1.56,abstract
unremembered,1.56,abstract
unsanctified,1.56,abstract
unwarned,1.56,abstract
conscientiously,1.56,abstract
deservedly,1.56,abstract
determinably,1.56,abstract
doubtlessly,1.56,abstract
futilely,1.56,abstract
heartedly,1.56,abstract
invitingly,1.56,abstract
reputedly,1.56,abstract
shamefully,1.56,abstract
alas,1.56,abstract
felicity,1.56,abstract
brainpower,1.56,abstract
contrary,1.56,abstract
damnation,1.56,abstract
escapism,1.56,abstract
holiness,1.56,abstract
inconsideration,1.56,abstract
indignity,1.56,abstract
ingratitude,1.56,abstract
insentient,1.56,abstract
insincerity,1.56,abstract
piety,1.56,abstract
predominance,1.56,abstract
presumptuousness,1.56,abstract
radicalism,1.56,abstract
unbelief,1.56,abstract
behoove,1.56,abstract
demystify,1.56,abstract
disown,1.56,abstract
lavishing,1.56,abstract
semiskilled,1.56,abstract
titillate,1.56,abstract
valued,1.56,abstract
ambiguously,1.56,abstract
arbitrariness,1.56,abstract
ashamedly,1.56,abstract
blamefulness,1.56,abstract
capableness,1.56,abstract
clearheadedly,1.56,abstract
cosmopolitanism,1.56,abstract
creationistic,1.56,abstract
disconcertingly,1.56,abstract
distractive,1.56,abstract
dynastically,1.56,abstract
expressivity,1.56,abstract
externalism,1.56,abstract
forbiddingness,1.56,abstract
free will,1.56,abstract
futileness,1.56,abstract
grimness,1.56,abstract
hyperinflationary,1.56,abstract
ill will,1.56,abstract
immaterialism,1.56,abstract
impartibility,1.56,abstract
inappreciably,1.56,abstract
indistinctness,1.56,abstract
invariantly,1.56,abstract
irrationalize,1.56,abstract
legendry,1.56,abstract
nonassertive,1.56,abstract
nondiscrimination,1.56,abstract
nonmaterial,1.56,abstract
nonmathematical,1.56,abstract
patronizingly,1.56,abstract
prepossession,1.56,abstract
transcendentally,1.56,abstract
undecidedly,1.56,abstract
unforgotten,1.56,abstract
uninventive,1.56,abstract
unknowingness,1.56,abstract
unrecalled,1.56,abstract
unreserved,1.56,abstract
unrevoked,1.56,abstract
vengefully,1.56,abstract
wholeheartedness,1.56,abstract
aimless,1.57,abstract
appreciable,1.57,abstract
dignified,1.57,abstract
feasible,1.57,abstract
formative,1.57,abstract
fundamental,1.57,abstract
ineffective,1.57,abstract
inestimable,1.57,abstract
inexcusable,1.57,abstract
interrelated,1.57,abstract
ironic,1.57,abstract
predetermined,1.57,abstract
salacious,1.57,abstract
timeless,1.57,abstract
unearned,1.57,abstract
unquestioning,1.57,abstract
worthiest,1.57,abstract
curiously,1.57,abstract
exceptionally,1.57,abstract
gratefully,1.57,abstract
howsoever,1.57,abstract
incomparably,1.57,abstract
inexplicably,1.57,abstract
moodily,1.57,abstract
ostentatiously,1.57,abstract
otherwise,1.57,abstract
perchance,1.57,abstract
resolutely,1.57,abstract
sympathetically,1.57,abstract
unconsciously,1.57,abstract
unforgettably,1.57,abstract
abstraction,1.57,abstract
accord,1.57,abstract
anytime,1.57,abstract
awesomeness,1.57,abstract
coincidence,1.57,abstract
discernment,1.57,abstract
duh,1.57,abstract
eventuality,1.57,abstract
humbug,1.57,abstract
inefficiency,1.57,abstract
inhumanity,1.57,abstract
loyalty,1.57,abstract
mercy,1.57,abstract
misapprehension,1.57,abstract
nonexistence,1.57,abstract
oversight,1.57,abstract
persuasiveness,1.57,abstract
repentance,1.57,abstract
ruse,1.57,abstract
subconscious,1.57,abstract
intellectualize,1.57,abstract
nonbinding,1.57,abstract
objectify,1.57,abstract
reinvigorate,1.57,abstract
accordantly,1.57,abstract
accusingly,1.57,abstract
appreciativeness,1.57,abstract
atonable,1.57,abstract
avoidably,1.57,abstract
blasphemousness,1.57,abstract
condonable,1.57,abstract
conscionable,1.57,abstract
determinativeness,1.57,abstract
discriminatively,1.57,abstract
distractedly,1.57,abstract
dubiousness,1.57,abstract
eternalize,1.57,abstract
headily,1.57,abstract
honorability,1.57,abstract
humorlessness,1.57,abstract
impassiveness,1.57,abstract
imploringly,1.57,abstract
impureness,1.57,abstract
inconceivably,1.57,abstract
indeterminable,1.57,abstract
invocative,1.57,abstract
life assurance,1.57,abstract
literalism,1.57,abstract
nonproprietary,1.57,abstract
particularity,1.57,abstract
receptiveness,1.57,abstract
remarkableness,1.57,abstract
tactlessness,1.57,abstract
uncorrupting,1.57,abstract
underrepresented,1.57,abstract
underspecified,1.57,abstract
unjustness,1.57,abstract
venerability,1.57,abstract
analogous,1.58,abstract
chagrined,1.58,abstract
disciplined,1.58,abstract
drastic,1.58,abstract
explicable,1.58,abstract
idiosyncratic,1.58,abstract
obligatory,1.58,abstract
pious,1.58,abstract
profound,1.58,abstract
representational,1.58,abstract
winnable,1.58,abstract
zany,1.58,abstract
accordingly,1.58,abstract
advisedly,1.58,abstract
amazingly,1.58,abstract
contemptibly,1.58,abstract
copiously,1.58,abstract
customarily,1.58,abstract
harrowingly,1.58,abstract
indisputably,1.58,abstract
irrefutably,1.58,abstract
prematurely,1.58,abstract
purposefully,1.58,abstract
retroactively,1.58,abstract
scholastically,1.58,abstract
subliminally,1.58,abstract
tumultuously,1.58,abstract
unarguably,1.58,abstract
allusion,1.58,abstract
antihuman,1.58,abstract
apprehensibility,1.58,abstract
blessedness,1.58,abstract
concordance,1.58,abstract
ethos,1.58,abstract
exponential,1.58,abstract
fabulousness,1.58,abstract
fallibility,1.58,abstract
misguidance,1.58,abstract
omnipotence,1.58,abstract
prudence,1.58,abstract
relevance,1.58,abstract
senselessness,1.58,abstract
subservience,1.58,abstract
suitability,1.58,abstract
behooves,1.58,abstract
misconstrue,1.58,abstract
undertook,1.58,abstract
abominableness,1.58,abstract
acquiescently,1.58,abstract
amicableness,1.58,abstract
antirevolutionary,1.58,abstract
arbitrational,1.58,abstract
blamefully,1.58,abstract
collectedness,1.58,abstract
comparativeness,1.58,abstract
confusability,1.58,abstract
conjunctive,1.58,abstract
conservativeness,1.58,abstract
constringent,1.58,abstract
correlational,1.58,abstract
depressiveness,1.58,abstract
egregiousness,1.58,abstract
explanatively,1.58,abstract
expletory,1.58,abstract
exuberate,1.58,abstract
forbearingly,1.58,abstract
formidableness,1.58,abstract
godlessly,1.58,abstract
halfhearted,1.58,abstract
idolatrize,1.58,abstract
implicitness,1.58,abstract
impressionableness,1.58,abstract
imputable,1.58,abstract
incapably,1.58,abstract
inexplicitly,1.58,abstract
innateness,1.58,abstract
inoffensively,1.58,abstract
insensitiveness,1.58,abstract
insidiousness,1.58,abstract
irreconcilability,1.58,abstract
irresistibleness,1.58,abstract
jestingly,1.58,abstract
languidness,1.58,abstract
libertinism,1.58,abstract
literalize,1.58,abstract
misadvised,1.58,abstract
relevantly,1.58,abstract
reproachable,1.58,abstract
respectfulness,1.58,abstract
semantically,1.58,abstract
specifiable,1.58,abstract
suboptimal,1.58,abstract
superstitiously,1.58,abstract
temperately,1.58,abstract
unappropriate,1.58,abstract
unasserted,1.58,abstract
unelaborated,1.58,abstract
unrepresentative,1.58,abstract
validness,1.58,abstract
wondrousness,1.58,abstract
computational,1.59,abstract
easygoing,1.59,abstract
esoteric,1.59,abstract
forgivable,1.59,abstract
heady,1.59,abstract
hopeless,1.59,abstract
immoral,1.59,abstract
inappropriate,1.59,abstract
infinite,1.59,abstract
intriguing,1.59,abstract
lone,1.59,abstract
nonexistent,1.59,abstract
obliging,1.59,abstract
relatable,1.59,abstract
tantamount,1.59,abstract
undetermined,1.59,abstract
unenviable,1.59,abstract
uninitiated,1.59,abstract
unmentioned,1.59,abstract
unpractical,1.59,abstract
unprecedented,1.59,abstract
unwitting,1.59,abstract
valiant,1.59,abstract
valueless,1.59,abstract
weird,1.59,abstract
wry,1.59,abstract
benevolently,1.59,abstract
discretely,1.59,abstract
dramatically,1.59,abstract
equally,1.59,abstract
ethically,1.59,abstract
humbly,1.59,abstract
hypothetically,1.59,abstract
intolerably,1.59,abstract
never,1.59,abstract
preposterously,1.59,abstract
rationally,1.59,abstract
sociologically,1.59,abstract
suggestively,1.59,abstract
supernaturally,1.59,abstract
unquestioningly,1.59,abstract
whether,1.59,abstract
actualization,1.59,abstract
anyways,1.59,abstract
assuredness,1.59,abstract
certainty,1.59,abstract
circumstances,1.59,abstract
complacency,1.59,abstract
dehumanization,1.59,abstract
dispassion,1.59,abstract
ethic,1.59,abstract
fakery,1.59,abstract
fantasy,1.59,abstract
honesty,1.59,abstract
irony,1.59,abstract
keenness,1.59,abstract
lovesickness,1.59,abstract
misappropriation,1.59,abstract
modularity,1.59,abstract
perversity,1.59,abstract
reconsideration,1.59,abstract
splendor,1.59,abstract
territoriality,1.59,abstract
vileness,1.59,abstract
wonderfulness,1.59,abstract
wont,1.59,abstract
worthlessness,1.59,abstract
differ,1.59,abstract
estrange,1.59,abstract
fooling,1.59,abstract
instill,1.59,abstract
invalidate,1.59,abstract
is,1.59,abstract
knowing,1.59,abstract
outdo,1.59,abstract
smitten,1.59,abstract
abstractedness,1.59,abstract
aptness,1.59,abstract
aristocratically,1.59,abstract
assimilative,1.59,abstract
auspiciously,1.59,abstract
avertedly,1.59,abstract
captivatingly,1.59,abstract
compensational,1.59,abstract
decentralism,1.59,abstract
deductively,1.59,abstract
dismayingly,1.59,abstract
downrightness,1.59,abstract
dreadfulness,1.59,abstract
egocentrism,1.59,abstract
euphonic,1.59,abstract
exasperatingly,1.59,abstract
exceptionality,1.59,abstract
explanative,1.59,abstract
foreknowing,1.59,abstract
generalness,1.59,abstract
griefless,1.59,abstract
imaginably,1.59,abstract
inconsistently,1.59,abstract
incurability,1.59,abstract
indiscernible,1.59,abstract
indiscreetness,1.59,abstract
indispensably,1.59,abstract
individualization,1.59,abstract
ineffectualness,1.59,abstract
inexhaustibility,1.59,abstract
infectiveness,1.59,abstract
insatiate,1.59,abstract
inscrutability,1.59,abstract
institutionalism,1.59,abstract
interdependently,1.59,abstract
invulnerably,1.59,abstract
judicially,1.59,abstract
legitimatize,1.59,abstract
marginality,1.59,abstract
negligibly,1.59,abstract
objectivistic,1.59,abstract
partialness,1.59,abstract
progressiveness,1.59,abstract
redemptive,1.59,abstract
renounceable,1.59,abstract
reprovingly,1.59,abstract
traditionalistic,1.59,abstract
ultraconservatism,1.59,abstract
unappeasable,1.59,abstract
unassociated,1.59,abstract
uncompelled,1.59,abstract
uncritically,1.59,abstract
unhistorical,1.59,abstract
unpledged,1.59,abstract
unrealism,1.59,abstract
untypically,1.59,abstract
utilizable,1.59,abstract
best,1.6,abstract
choosy,1.6,abstract
impractical,1.6,abstract
interesting,1.6,abstract
presumptive,1.6,abstract
rightful,1.6,abstract
subversive,1.6,abstract
supposed,1.6,abstract
uncritical,1.6,abstract
undomesticated,1.6,abstract
unexpressed,1.6,abstract
unforgettable,1.6,abstract
uninspiring,1.6,abstract
unmissed,1.6,abstract
unreasonable,1.6,abstract
concurrently,1.6,abstract
damnably,1.6,abstract
dearly,1.6,abstract
eagerly,1.6,abstract
errantly,1.6,abstract
etcetera,1.6,abstract
experimentally,1.6,abstract
fiendishly,1.6,abstract
frankly,1.6,abstract
furthermore,1.6,abstract
idiotically,1.6,abstract
impersonally,1.6,abstract
ridiculously,1.6,abstract
unconcernedly,1.6,abstract
unreasonably,1.6,abstract
valiantly,1.6,abstract
when,1.6,abstract
despond,1.6,abstract
cunningness,1.6,abstract
discretion,1.6,abstract
epiphany,1.6,abstract
flimflam,1.6,abstract
ignorance,1.6,abstract
imprudence,1.6,abstract
passivity,1.6,abstract
quaintness,1.6,abstract
ruthlessness,1.6,abstract
sordidness,1.6,abstract
spirit,1.6,abstract
susceptibility,1.6,abstract
veganism,1.6,abstract
vindication,1.6,abstract
clearheaded,1.6,abstract
limiting,1.6,abstract
abstractive,1.6,abstract
accusative,1.6,abstract
amendatory,1.6,abstract
blamelessly,1.6,abstract
conciseness,1.6,abstract
disquieted,1.6,abstract
dreaminess,1.6,abstract
dynamistic,1.6,abstract
engagingness,1.6,abstract
etherealness,1.6,abstract
fatherliness,1.6,abstract
feasibleness,1.6,abstract
forgivingness,1.6,abstract
formalness,1.6,abstract
groundlessly,1.6,abstract
hellacious,1.6,abstract
impressionability,1.6,abstract
improvingly,1.6,abstract
indecipherability,1.6,abstract
independency,1.6,abstract
indispensableness,1.6,abstract
intrepidness,1.6,abstract
manipulatively,1.6,abstract
nontribal,1.6,abstract
prosperousness,1.6,abstract
rudimentarily,1.6,abstract
so so,1.6,abstract
surpassingly,1.6,abstract
thus far,1.6,abstract
unaccountability,1.6,abstract
unexpectedness,1.6,abstract
unmerited,1.6,abstract
culpable,1.61,abstract
distinctive,1.61,abstract
freethinking,1.61,abstract
godforsaken,1.61,abstract
inauspicious,1.61,abstract
keen,1.61,abstract
nonjudgmental,1.61,abstract
precautious,1.61,abstract
selfless,1.61,abstract
unappeased,1.61,abstract
unofficial,1.61,abstract
unwilling,1.61,abstract
worse,1.61,abstract
astoundingly,1.61,abstract
everlastingly,1.61,abstract
factually,1.61,abstract
immensely,1.61,abstract
ineptly,1.61,abstract
majestically,1.61,abstract
officially,1.61,abstract
passively,1.61,abstract
perpetually,1.61,abstract
unreservedly,1.61,abstract
analogy,1.61,abstract
brashness,1.61,abstract
candidness,1.61,abstract
curiosity,1.61,abstract
idea,1.61,abstract
illicitness,1.61,abstract
implication,1.61,abstract
indiscretion,1.61,abstract
moment,1.61,abstract
panache,1.61,abstract
prestige,1.61,abstract
sexism,1.61,abstract
accrue,1.61,abstract
becomes,1.61,abstract
deduce,1.61,abstract
disconfirm,1.61,abstract
forsaken,1.61,abstract
implore,1.61,abstract
philosophize,1.61,abstract
acrimoniously,1.61,abstract
contemporariness,1.61,abstract
creepiness,1.61,abstract
depositional,1.61,abstract
depreciable,1.61,abstract
derivatively,1.61,abstract
detractingly,1.61,abstract
disaccustomed,1.61,abstract
discussible,1.61,abstract
disownment,1.61,abstract
ethological,1.61,abstract
immersive,1.61,abstract
indistinguishably,1.61,abstract
inharmoniousness,1.61,abstract
inquisitively,1.61,abstract
intolerability,1.61,abstract
justifiability,1.61,abstract
likeliness,1.61,abstract
loyalism,1.61,abstract
nonidentity,1.61,abstract
paternalism,1.61,abstract
primacy,1.61,abstract
purposelessly,1.61,abstract
resort to,1.61,abstract
retiringly,1.61,abstract
tranquilly,1.61,abstract
ultraorthodox,1.61,abstract
unambiguousness,1.61,abstract
unbothered,1.61,abstract
welcomingly,1.61,abstract
wrongheaded,1.61,abstract
adversarial,1.62,abstract
apathetic,1.62,abstract
arbitrary,1.62,abstract
beguiling,1.62,abstract
conceited,1.62,abstract
cultureless,1.62,abstract
deserving,1.62,abstract
disenfranchised,1.62,abstract
disingenuous,1.62,abstract
easier,1.62,abstract
enigmatic,1.62,abstract
foreseeable,1.62,abstract
ignorant,1.62,abstract
meaningful,1.62,abstract
mediocre,1.62,abstract
nonpolitical,1.62,abstract
piteous,1.62,abstract
rational,1.62,abstract
repressive,1.62,abstract
repugnant,1.62,abstract
retributive,1.62,abstract
serviceable,1.62,abstract
simple,1.62,abstract
spellbound,1.62,abstract
superb,1.62,abstract
unethical,1.62,abstract
unfair,1.62,abstract
unperturbed,1.62,abstract
unscrupulous,1.62,abstract
unvalued,1.62,abstract
viable,1.62,abstract
adversely,1.62,abstract
considerably,1.62,abstract
decidedly,1.62,abstract
dreamily,1.62,abstract
fabulously,1.62,abstract
hardly,1.62,abstract
henceforward,1.62,abstract
husbandly,1.62,abstract
initially,1.62,abstract
markedly,1.62,abstract
naively,1.62,abstract
notably,1.62,abstract
offhand,1.62,abstract
perceptively,1.62,abstract
plaintively,1.62,abstract
practically,1.62,abstract
specifically,1.62,abstract
sublimely,1.62,abstract
therein,1.62,abstract
truly,1.62,abstract
unemotionally,1.62,abstract
unfortunately,1.62,abstract
unobtrusively,1.62,abstract
unwaveringly,1.62,abstract
unwillingly,1.62,abstract
vainly,1.62,abstract
vigilantly,1.62,abstract
eureka,1.62,abstract
adventurousness,1.62,abstract
audacity,1.62,abstract
civility,1.62,abstract
expectation,1.62,abstract
fanaticism,1.62,abstract
general,1.62,abstract
hatefulness,1.62,abstract
ideology,1.62,abstract
imperceptibility,1.62,abstract
inconceivability,1.62,abstract
indecision,1.62,abstract
invariance,1.62,abstract
manner,1.62,abstract
materialization,1.62,abstract
objectification,1.62,abstract
otherness,1.62,abstract
peace,1.62,abstract
privatization,1.62,abstract
relevancy,1.62,abstract
serendipity,1.62,abstract
serenity,1.62,abstract
suspicion,1.62,abstract
value,1.62,abstract
virtue,1.62,abstract
assuring,1.62,abstract
dissociate,1.62,abstract
embitter,1.62,abstract
enamored,1.62,abstract
epitomize,1.62,abstract
fainthearted,1.62,abstract
pertain,1.62,abstract
prefer,1.62,abstract
relishing,1.62,abstract
renounce,1.62,abstract
administrable,1.62,abstract
aimlessness,1.62,abstract
amazedness,1.62,abstract
antipoetic,1.62,abstract
connectedly,1.62,abstract
contemptuousness,1.62,abstract
decentness,1.62,abstract
dejectedly,1.62,abstract
demotivate,1.62,abstract
deservedness,1.62,abstract
disaffiliate,1.62,abstract
discontenting,1.62,abstract
discrepantly,1.62,abstract
disgracefulness,1.62,abstract
disloyally,1.62,abstract
elfishness,1.62,abstract
emotionalist,1.62,abstract
emotiveness,1.62,abstract
entrancingly,1.62,abstract
extensibility,1.62,abstract
forsakenness,1.62,abstract
ghastliness,1.62,abstract
guilelessly,1.62,abstract
hard up,1.62,abstract
inapprehensible,1.62,abstract
indisputableness,1.62,abstract
inexcusability,1.62,abstract
informingly,1.62,abstract
interrogatingly,1.62,abstract
irremovably,1.62,abstract
luridly,1.62,abstract
meditatively,1.62,abstract
misimpression,1.62,abstract
monumentality,1.62,abstract
nonpathogenic,1.62,abstract
normalization,1.62,abstract
on average,1.62,abstract
rationalistic,1.62,abstract
tolerability,1.62,abstract
transcendently,1.62,abstract
trivialness,1.62,abstract
tyrannously,1.62,abstract
unattested,1.62,abstract
undependably,1.62,abstract
unimpressionable,1.62,abstract
unluckiness,1.62,abstract
unmeaning,1.62,abstract
unparticular,1.62,abstract
unpatriotically,1.62,abstract
valuably,1.62,abstract
verboseness,1.62,abstract
audacious,1.63,abstract
barbarous,1.63,abstract
cognitive,1.63,abstract
disimpassioned,1.63,abstract
eerie,1.63,abstract
gimmicky,1.63,abstract
guiltless,1.63,abstract
legitimate,1.63,abstract
loath,1.63,abstract
merciful,1.63,abstract
mindless,1.63,abstract
notorious,1.63,abstract
overrated,1.63,abstract
overt,1.63,abstract
pessimistic,1.63,abstract
poignant,1.63,abstract
predictable,1.63,abstract
presumptuous,1.63,abstract
trifling,1.63,abstract
uncanny,1.63,abstract
unfulfilled,1.63,abstract
ungrateful,1.63,abstract
unsanctioned,1.63,abstract
beneficially,1.63,abstract
casually,1.63,abstract
complacently,1.63,abstract
conservatively,1.63,abstract
dreadfully,1.63,abstract
else,1.63,abstract
extraordinarily,1.63,abstract
fancifully,1.63,abstract
inarguably,1.63,abstract
incidentally,1.63,abstract
indistinctly,1.63,abstract
invaluably,1.63,abstract
irretrievably,1.63,abstract
metaphorically,1.63,abstract
oddly,1.63,abstract
persuasively,1.63,abstract
potentially,1.63,abstract
promisingly,1.63,abstract
radically,1.63,abstract
remarkably,1.63,abstract
suspiciously,1.63,abstract
hey,1.63,abstract
anticommunism,1.63,abstract
antitrust,1.63,abstract
appreciation,1.63,abstract
benevolence,1.63,abstract
empathy,1.63,abstract
enchantment,1.63,abstract
faith,1.63,abstract
industriousness,1.63,abstract
insinuation,1.63,abstract
mystification,1.63,abstract
neutrality,1.63,abstract
obscurity,1.63,abstract
passivism,1.63,abstract
perceptiveness,1.63,abstract
pragmatism,1.63,abstract
precedent,1.63,abstract
randomness,1.63,abstract
rationality,1.63,abstract
reincarnation,1.63,abstract
risk,1.63,abstract
sarcasm,1.63,abstract
according,1.63,abstract
for,1.63,abstract
actualize,1.63,abstract
correlate,1.63,abstract
knew,1.63,abstract
adoptively,1.63,abstract
antireligious,1.63,abstract
belatedly,1.63,abstract
clamorously,1.63,abstract
contributive,1.63,abstract
decoratively,1.63,abstract
determinately,1.63,abstract
devotedness,1.63,abstract
esotericism,1.63,abstract
farfetchedness,1.63,abstract
grudgingly,1.63,abstract
idealess,1.63,abstract
measureless,1.63,abstract
misanthropically,1.63,abstract
moralization,1.63,abstract
nonconventional,1.63,abstract
predetermination,1.63,abstract
remorselessly,1.63,abstract
soul searching,1.63,abstract
substantiality,1.63,abstract
unendurably,1.63,abstract
unfamiliarly,1.63,abstract
unjustifiable,1.63,abstract
unsafely,1.63,abstract
utilitarianism,1.63,abstract
whimsicality,1.63,abstract
absurd,1.64,abstract
ardent,1.64,abstract
courtly,1.64,abstract
cynical,1.64,abstract
disloyal,1.64,abstract
exemplary,1.64,abstract
expressional,1.64,abstract
good,1.64,abstract
idiomatic,1.64,abstract
incapable,1.64,abstract
inclusive,1.64,abstract
indiscriminate,1.64,abstract
inherent,1.64,abstract
irreconcilable,1.64,abstract
oppressive,1.64,abstract
pitiful,1.64,abstract
ruthless,1.64,abstract
transcendent,1.64,abstract
transitory,1.64,abstract
unavoidable,1.64,abstract
unintelligent,1.64,abstract
unnamable,1.64,abstract
unwholesome,1.64,abstract
unwished,1.64,abstract
utmost,1.64,abstract
allegedly,1.64,abstract
already,1.64,abstract
bizarrely,1.64,abstract
cognitively,1.64,abstract
compatibly,1.64,abstract
hereafter,1.64,abstract
imminently,1.64,abstract
informally,1.64,abstract
neither,1.64,abstract
overtly,1.64,abstract
particularly,1.64,abstract
please,1.64,abstract
preciously,1.64,abstract
previously,1.64,abstract
rarely,1.64,abstract
respectively,1.64,abstract
sarcastically,1.64,abstract
symbolically,1.64,abstract
tolerably,1.64,abstract
undesirably,1.64,abstract
unequivocally,1.64,abstract
unshakably,1.64,abstract
prudential,1.64,abstract
amorality,1.64,abstract
bureaucracy,1.64,abstract
chance,1.64,abstract
expertise,1.64,abstract
idealism,1.64,abstract
improbability,1.64,abstract
liberalization,1.64,abstract
martyrdom,1.64,abstract
mysteriousness,1.64,abstract
prosperity,1.64,abstract
readiness,1.64,abstract
reputation,1.64,abstract
shrewdness,1.64,abstract
tastelessness,1.64,abstract
unlikelihood,1.64,abstract
captivate,1.64,abstract
degrade,1.64,abstract
deign,1.64,abstract
deprave,1.64,abstract
freeing,1.64,abstract
imploring,1.64,abstract
invoke,1.64,abstract
oppress,1.64,abstract
oversell,1.64,abstract
preclude,1.64,abstract
reasoned,1.64,abstract
trendsetting,1.64,abstract
unnerved,1.64,abstract
accusatively,1.64,abstract
answerably,1.64,abstract
antitheses,1.64,abstract
availably,1.64,abstract
beneficently,1.64,abstract
bigheartedness,1.64,abstract
combatable,1.64,abstract
complexness,1.64,abstract
comprehensibly,1.64,abstract
conceptualization,1.64,abstract
conscienceless,1.64,abstract
distributional,1.64,abstract
domestication,1.64,abstract
effectible,1.64,abstract
egoistically,1.64,abstract
ethnocentrism,1.64,abstract
federalism,1.64,abstract
fixedness,1.64,abstract
gullibly,1.64,abstract
inadmissibility,1.64,abstract
incomparability,1.64,abstract
incomparableness,1.64,abstract
incontrovertibility,1.64,abstract
incriminatory,1.64,abstract
indivisibleness,1.64,abstract
inductively,1.64,abstract
infeasibility,1.64,abstract
injuriously,1.64,abstract
innocuousness,1.64,abstract
insecurely,1.64,abstract
insipidness,1.64,abstract
intuitional,1.64,abstract
invaluableness,1.64,abstract
irrecoverably,1.64,abstract
irrefutability,1.64,abstract
justifiableness,1.64,abstract
literality,1.64,abstract
luridness,1.64,abstract
misleadingly,1.64,abstract
misrecognition,1.64,abstract
morosely,1.64,abstract
nonaffiliated,1.64,abstract
nonrecurring,1.64,abstract
nonsuccess,1.64,abstract
offhanded,1.64,abstract
outlandishly,1.64,abstract
passionlessly,1.64,abstract
pensiveness,1.64,abstract
perplexingly,1.64,abstract
professionalize,1.64,abstract
sacredly,1.64,abstract
saintliness,1.64,abstract
scrupulousness,1.64,abstract
secularity,1.64,abstract
unascertainable,1.64,abstract
universalism,1.64,abstract
unsociability,1.64,abstract
unsteadying,1.64,abstract
unworried,1.64,abstract
unworriedly,1.64,abstract
verifiability,1.64,abstract
adamant,1.65,abstract
ascertainable,1.65,abstract
guileless,1.65,abstract
illustrious,1.65,abstract
indefensible,1.65,abstract
ingratiating,1.65,abstract
monarchical,1.65,abstract
negligible,1.65,abstract
partisan,1.65,abstract
perfective,1.65,abstract
uncreated,1.65,abstract
uncurious,1.65,abstract
unexceptional,1.65,abstract
unexciting,1.65,abstract
unrivalled,1.65,abstract
unsuspected,1.65,abstract
aback,1.65,abstract
atrociously,1.65,abstract
benignly,1.65,abstract
conventionally,1.65,abstract
convincingly,1.65,abstract
generally,1.65,abstract
ineffectually,1.65,abstract
intermediately,1.65,abstract
irredeemably,1.65,abstract
manifestly,1.65,abstract
pathetically,1.65,abstract
quaintly,1.65,abstract
quintessentially,1.65,abstract
unaccountably,1.65,abstract
unknowingly,1.65,abstract
directionless,1.65,abstract
admissibility,1.65,abstract
disenfranchisement,1.65,abstract
disinclination,1.65,abstract
disrepute,1.65,abstract
exclusivity,1.65,abstract
fatalism,1.65,abstract
impassion,1.65,abstract
inference,1.65,abstract
poignancy,1.65,abstract
probability,1.65,abstract
prodigal,1.65,abstract
timelessness,1.65,abstract
veneration,1.65,abstract
unto,1.65,abstract
complicate,1.65,abstract
postulate,1.65,abstract
pretended,1.65,abstract
advantageousness,1.65,abstract
aggrievedly,1.65,abstract
astutely,1.65,abstract
brokenheartedly,1.65,abstract
bullishly,1.65,abstract
compassionateness,1.65,abstract
conjecturable,1.65,abstract
consequentially,1.65,abstract
conspiringly,1.65,abstract
contemplativeness,1.65,abstract
contributively,1.65,abstract
cordialness,1.65,abstract
deceivableness,1.65,abstract
decisional,1.65,abstract
digressively,1.65,abstract
directorially,1.65,abstract
dismalness,1.65,abstract
diversifiable,1.65,abstract
endurableness,1.65,abstract
essentialism,1.65,abstract
exhilarative,1.65,abstract
gallantness,1.65,abstract
inadaptable,1.65,abstract
inadequateness,1.65,abstract
inconsiderateness,1.65,abstract
insubordinately,1.65,abstract
insuppressible,1.65,abstract
learnedness,1.65,abstract
misgovern,1.65,abstract
nonbelligerent,1.65,abstract
opportunistically,1.65,abstract
purism,1.65,abstract
purposelessness,1.65,abstract
redemptory,1.65,abstract
remediate,1.65,abstract
sorrowfulness,1.65,abstract
substantively,1.65,abstract
tepidly,1.65,abstract
unplaced,1.65,abstract
voidable,1.65,abstract
wholesomely,1.65,abstract
witlessly,1.65,abstract
worshipfulness,1.65,abstract
dominant,1.66,abstract
honest,1.66,abstract
impossible,1.66,abstract
insensitive,1.66,abstract
insubstantial,1.66,abstract
philosophical,1.66,abstract
predictive,1.66,abstract
requisite,1.66,abstract
stringent,1.66,abstract
thorough,1.66,abstract
undersexed,1.66,abstract
ungenerous,1.66,abstract
unparalleled,1.66,abstract
unrealized,1.66,abstract
unregulated,1.66,abstract
almost,1.66,abstract
aptly,1.66,abstract
ardently,1.66,abstract
decently,1.66,abstract
diabolically,1.66,abstract
heartlessly,1.66,abstract
namely,1.66,abstract
offensively,1.66,abstract
originally,1.66,abstract
unbelievably,1.66,abstract
where,1.66,abstract
earnestness,1.66,abstract
essence,1.66,abstract
exuberance,1.66,abstract
fondness,1.66,abstract
marketability,1.66,abstract
merit,1.66,abstract
misperception,1.66,abstract
patience,1.66,abstract
pride,1.66,abstract
repression,1.66,abstract
outthink,1.66,abstract
unsatisfying,1.66,abstract
apologetically,1.66,abstract
detachedness,1.66,abstract
expectedly,1.66,abstract
fatefully,1.66,abstract
insincerely,1.66,abstract
instructively,1.66,abstract
modernly,1.66,abstract
ungratefulness,1.66,abstract
unrealizable,1.66,abstract
wise up,1.66,abstract
abject,1.67,abstract
asinine,1.67,abstract
atheistic,1.67,abstract
blameless,1.67,abstract
contending,1.67,abstract
crappy,1.67,abstract
dastardly,1.67,abstract
extrajudicial,1.67,abstract
fortuitous,1.67,abstract
fractious,1.67,abstract
grand,1.67,abstract
hardhearted,1.67,abstract
haughty,1.67,abstract
holy,1.67,abstract
hypercritical,1.67,abstract
inapplicable,1.67,abstract
irreplaceable,1.67,abstract
legalistic,1.67,abstract
liberal,1.67,abstract
pensive,1.67,abstract
preexisting,1.67,abstract
reprehensible,1.67,abstract
significant,1.67,abstract
snarky,1.67,abstract
spirited,1.67,abstract
suppressive,1.67,abstract
unappreciated,1.67,abstract
unashamed,1.67,abstract
undue,1.67,abstract
unexcelled,1.67,abstract
uninhibited,1.67,abstract
unmerciful,1.67,abstract
unseen,1.67,abstract
woeful,1.67,abstract
awfully,1.67,abstract
blatantly,1.67,abstract
boldly,1.67,abstract
candidly,1.67,abstract
conveniently,1.67,abstract
disrespectfully,1.67,abstract
empirically,1.67,abstract
finally,1.67,abstract
honorably,1.67,abstract
magically,1.67,abstract
massively,1.67,abstract
mystically,1.67,abstract
strategically,1.67,abstract
typically,1.67,abstract
unambiguously,1.67,abstract
unassailably,1.67,abstract
wherein,1.67,abstract
whereto,1.67,abstract
hallelujah,1.67,abstract
amateurism,1.67,abstract
authoritarianism,1.67,abstract
beforetime,1.67,abstract
bullheadedness,1.67,abstract
destiny,1.67,abstract
extremism,1.67,abstract
finality,1.67,abstract
fixation,1.67,abstract
formality,1.67,abstract
heathenism,1.67,abstract
hopelessness,1.67,abstract
instigation,1.67,abstract
intuition,1.67,abstract
mystique,1.67,abstract
pretence,1.67,abstract
righteousness,1.67,abstract
surliness,1.67,abstract
taboo,1.67,abstract
unfairness,1.67,abstract
wholesomeness,1.67,abstract
of,1.67,abstract
becoming,1.67,abstract
behold,1.67,abstract
coping,1.67,abstract
humanize,1.67,abstract
mortified,1.67,abstract
necessitate,1.67,abstract
perjured,1.67,abstract
abasement,1.67,abstract
audaciousness,1.67,abstract
auspiciousness,1.67,abstract
bemusedly,1.67,abstract
better off,1.67,abstract
categoricalness,1.67,abstract
commemoratively,1.67,abstract
communicatively,1.67,abstract
comprehensibility,1.67,abstract
confusedly,1.67,abstract
contentiousness,1.67,abstract
cryptically,1.67,abstract
denationalization,1.67,abstract
dependableness,1.67,abstract
disadvantageousness,1.67,abstract
disarticulate,1.67,abstract
diverseness,1.67,abstract
durational,1.67,abstract
ethicality,1.67,abstract
facetiousness,1.67,abstract
factitiously,1.67,abstract
fanaticize,1.67,abstract
foundationally,1.67,abstract
genteelness,1.67,abstract
human nature,1.67,abstract
humorousness,1.67,abstract
immateriality,1.67,abstract
impermanent,1.67,abstract
impermissible,1.67,abstract
impishness,1.67,abstract
incorrigibleness,1.67,abstract
indiscoverable,1.67,abstract
inexpressibleness,1.67,abstract
infusibility,1.67,abstract
ingenuousness,1.67,abstract
inhospitality,1.67,abstract
internationalization,1.67,abstract
invigorative,1.67,abstract
irrationalism,1.67,abstract
misguiding,1.67,abstract
mistakably,1.67,abstract
particularization,1.67,abstract
preparedly,1.67,abstract
present tense,1.67,abstract
reacceptance,1.67,abstract
reckonable,1.67,abstract
reformism,1.67,abstract
resoluteness,1.67,abstract
reviewability,1.67,abstract
riskiness,1.67,abstract
satiable,1.67,abstract
supportably,1.67,abstract
suppositional,1.67,abstract
tenaciousness,1.67,abstract
thankworthy,1.67,abstract
troublesomely,1.67,abstract
truthiness,1.67,abstract
uncomprehendingly,1.67,abstract
undiscernibly,1.67,abstract
unexaggerated,1.67,abstract
unexceptionable,1.67,abstract
unlawfulness,1.67,abstract
unmediated,1.67,abstract
unmemorable,1.67,abstract
unsociably,1.67,abstract
unvarying,1.67,abstract
venerably,1.67,abstract
yieldingness,1.67,abstract
anxious,1.68,abstract
astonishing,1.68,abstract
authoritative,1.68,abstract
bad,1.68,abstract
certain,1.68,abstract
coldhearted,1.68,abstract
delusional,1.68,abstract
disinclined,1.68,abstract
erroneous,1.68,abstract
fond,1.68,abstract
groovy,1.68,abstract
iffy,1.68,abstract
impish,1.68,abstract
indistinct,1.68,abstract
ironical,1.68,abstract
irreproachable,1.68,abstract
libelous,1.68,abstract
ludicrous,1.68,abstract
neoconservative,1.68,abstract
orthodox,1.68,abstract
platonic,1.68,abstract
precognitive,1.68,abstract
preconscious,1.68,abstract
promotable,1.68,abstract
prophetic,1.68,abstract
reacquainted,1.68,abstract
reminiscent,1.68,abstract
repentant,1.68,abstract
resolute,1.68,abstract
sentimental,1.68,abstract
thoughtless,1.68,abstract
unconscionable,1.68,abstract
undemocratic,1.68,abstract
unimpressed,1.68,abstract
unpretending,1.68,abstract
virtuous,1.68,abstract
anyway,1.68,abstract
broadly,1.68,abstract
dubiously,1.68,abstract
duly,1.68,abstract
hereby,1.68,abstract
ingenuously,1.68,abstract
insistently,1.68,abstract
profusely,1.68,abstract
purely,1.68,abstract
queenly,1.68,abstract
reverently,1.68,abstract
sentimentally,1.68,abstract
trivially,1.68,abstract
unconscionably,1.68,abstract
unseasonably,1.68,abstract
unseemly,1.68,abstract
unstably,1.68,abstract
unsuccessfully,1.68,abstract
whose,1.68,abstract
huh,1.68,abstract
accountancy,1.68,abstract
amuck,1.68,abstract
apprehension,1.68,abstract
bias,1.68,abstract
congruity,1.68,abstract
contestation,1.68,abstract
desperateness,1.68,abstract
disillusionment,1.68,abstract
dumbness,1.68,abstract
fraud,1.68,abstract
furtherance,1.68,abstract
godlessness,1.68,abstract
honor,1.68,abstract
imposition,1.68,abstract
incarnation,1.68,abstract
indiscipline,1.68,abstract
ingenuity,1.68,abstract
judgment,1.68,abstract
meekness,1.68,abstract
noncommittal,1.68,abstract
obliviousness,1.68,abstract
oxymoron,1.68,abstract
renown,1.68,abstract
significance,1.68,abstract
trepidation,1.68,abstract
tyranny,1.68,abstract
vindictiveness,1.68,abstract
volition,1.68,abstract
abide,1.68,abstract
abominate,1.68,abstract
blamed,1.68,abstract
consider,1.68,abstract
deceive,1.68,abstract
dishearten,1.68,abstract
ensure,1.68,abstract
exploit,1.68,abstract
feeling,1.68,abstract
forgo,1.68,abstract
implicate,1.68,abstract
know,1.68,abstract
lording,1.68,abstract
offend,1.68,abstract
reassert,1.68,abstract
reconciling,1.68,abstract
sanctify,1.68,abstract
sentimentalize,1.68,abstract
speculate,1.68,abstract
subjugate,1.68,abstract
substantiate,1.68,abstract
abhorring,1.68,abstract
adequateness,1.68,abstract
assumingly,1.68,abstract
becomingly,1.68,abstract
bleakly,1.68,abstract
boorishly,1.68,abstract
carefulness,1.68,abstract
challengingly,1.68,abstract
chidingly,1.68,abstract
conjunctively,1.68,abstract
considerateness,1.68,abstract
creditability,1.68,abstract
deceivable,1.68,abstract
depersonalization,1.68,abstract
depravedness,1.68,abstract
depreciatively,1.68,abstract
descriptiveness,1.68,abstract
desolating,1.68,abstract
disaffection,1.68,abstract
dog days,1.68,abstract
easefully,1.68,abstract
extortionately,1.68,abstract
forceless,1.68,abstract
goodheartedly,1.68,abstract
haplessly,1.68,abstract
homoeopathic,1.68,abstract
hyperconscious,1.68,abstract
illustriously,1.68,abstract
immeasurableness,1.68,abstract
inalterably,1.68,abstract
inappreciative,1.68,abstract
incommunicable,1.68,abstract
indefinably,1.68,abstract
inestimably,1.68,abstract
infamously,1.68,abstract
intelligibility,1.68,abstract
intenseness,1.68,abstract
investigatory,1.68,abstract
limitedness,1.68,abstract
lucklessly,1.68,abstract
maintainable,1.68,abstract
mistrustfulness,1.68,abstract
nonselective,1.68,abstract
nontrivial,1.68,abstract
practicability,1.68,abstract
reprehension,1.68,abstract
riskless,1.68,abstract
semiconsciously,1.68,abstract
sensibleness,1.68,abstract
separatism,1.68,abstract
sociocultural,1.68,abstract
soullessness,1.68,abstract
unapplied,1.68,abstract
unconfident,1.68,abstract
undeceiving,1.68,abstract
unexceptionally,1.68,abstract
unhopefully,1.68,abstract
unmoral,1.68,abstract
unpresumptuous,1.68,abstract
unrenowned,1.68,abstract
unsavorily,1.68,abstract
unsearched,1.68,abstract
unsuspicious,1.68,abstract
unwomanly,1.68,abstract
wittingly,1.68,abstract
anticipatory,1.69,abstract
atrocious,1.69,abstract
beholden,1.69,abstract
bygone,1.69,abstract
conceivable,1.69,abstract
contemptuous,1.69,abstract
demented,1.69,abstract
diligent,1.69,abstract
discernable,1.69,abstract
foolhardy,1.69,abstract
godly,1.69,abstract
gutsy,1.69,abstract
impersonal,1.69,abstract
improper,1.69,abstract
inexpressible,1.69,abstract
intrinsic,1.69,abstract
lackadaisical,1.69,abstract
loyal,1.69,abstract
lucrative,1.69,abstract
misanthropic,1.69,abstract
moral,1.69,abstract
nontraditional,1.69,abstract
perfect,1.69,abstract
precarious,1.69,abstract
relent,1.69,abstract
responsible,1.69,abstract
senseless,1.69,abstract
thankful,1.69,abstract
unaccommodating,1.69,abstract
unavailing,1.69,abstract
unbelieving,1.69,abstract
undisputable,1.69,abstract
unembarrassed,1.69,abstract
unreligious,1.69,abstract
unstudied,1.69,abstract
unwise,1.69,abstract
appreciably,1.69,abstract
awesomely,1.69,abstract
clandestinely,1.69,abstract
coercively,1.69,abstract
consequently,1.69,abstract
environmentally,1.69,abstract
hereinafter,1.69,abstract
immodestly,1.69,abstract
inadequately,1.69,abstract
indubitably,1.69,abstract
inhumanely,1.69,abstract
mindlessly,1.69,abstract
rhetorically,1.69,abstract
skeptically,1.69,abstract
tenaciously,1.69,abstract
theologically,1.69,abstract
unceremoniously,1.69,abstract
utterly,1.69,abstract
than,1.69,abstract
much,1.69,abstract
applicability,1.69,abstract
clairvoyance,1.69,abstract
conscientiousness,1.69,abstract
creationism,1.69,abstract
deniability,1.69,abstract
eagerness,1.69,abstract
forevermore,1.69,abstract
greatness,1.69,abstract
hesitance,1.69,abstract
hilarity,1.69,abstract
illegitimacy,1.69,abstract
imagination,1.69,abstract
inequity,1.69,abstract
loathsomeness,1.69,abstract
neuroses,1.69,abstract
offensiveness,1.69,abstract
phraseology,1.69,abstract
pureness,1.69,abstract
statesmanship,1.69,abstract
sustainability,1.69,abstract
thoughtfulness,1.69,abstract
tradition,1.69,abstract
treachery,1.69,abstract
versatility,1.69,abstract
whim,1.69,abstract
per,1.69,abstract
astounding,1.69,abstract
begun,1.69,abstract
believing,1.69,abstract
deserve,1.69,abstract
endear,1.69,abstract
envy,1.69,abstract
hoped,1.69,abstract
need,1.69,abstract
revel,1.69,abstract
sanctified,1.69,abstract
surmounted,1.69,abstract
undergoing,1.69,abstract
was,1.69,abstract
acknowledgeable,1.69,abstract
affluently,1.69,abstract
aggregately,1.69,abstract
arbitrative,1.69,abstract
associability,1.69,abstract
bogusness,1.69,abstract
commonalty,1.69,abstract
condemnable,1.69,abstract
confuser,1.69,abstract
contingence,1.69,abstract
decadency,1.69,abstract
decidable,1.69,abstract
devotionally,1.69,abstract
disestablishment,1.69,abstract
disheartenment,1.69,abstract
dolefully,1.69,abstract
dolefulness,1.69,abstract
enviousness,1.69,abstract
evasively,1.69,abstract
exquisiteness,1.69,abstract
familiarly,1.69,abstract
fearsomely,1.69,abstract
flagrancy,1.69,abstract
governability,1.69,abstract
habitualness,1.69,abstract
hotheadedly,1.69,abstract
hypercompetitive,1.69,abstract
in vain,1.69,abstract
indulgency,1.69,abstract
ineligibility,1.69,abstract
inopportunity,1.69,abstract
insatiableness,1.69,abstract
intercultural,1.69,abstract
interpretatively,1.69,abstract
interrelatedness,1.69,abstract
intimation,1.69,abstract
irreproducible,1.69,abstract
limitative,1.69,abstract
mindfully,1.69,abstract
misrepresentative,1.69,abstract
moral sense,1.69,abstract
noncontributing,1.69,abstract
noncreative,1.69,abstract
nondemocratic,1.69,abstract
obtusely,1.69,abstract
occupationally,1.69,abstract
pertinently,1.69,abstract
pessimistically,1.69,abstract
pleadingly,1.69,abstract
prestigiously,1.69,abstract
saneness,1.69,abstract
take for,1.69,abstract
timelessly,1.69,abstract
trickiness,1.69,abstract
tritely,1.69,abstract
troublesomeness,1.69,abstract
unacceptably,1.69,abstract
unadventurously,1.69,abstract
unadvisable,1.69,abstract
unallied,1.69,abstract
understandingly,1.69,abstract
undiscriminating,1.69,abstract
unfalteringly,1.69,abstract
unperfected,1.69,abstract
unstableness,1.69,abstract
verbosely,1.69,abstract
virtuousness,1.69,abstract
wieldy,1.69,abstract
affable,1.7,abstract
antimilitary,1.7,abstract
coincidental,1.7,abstract
curative,1.7,abstract
dismissible,1.7,abstract
egomaniacal,1.7,abstract
empathic,1.7,abstract
exclusionary,1.7,abstract
faithless,1.7,abstract
fundable,1.7,abstract
groundless,1.7,abstract
hopeful,1.7,abstract
infatuated,1.7,abstract
inferior,1.7,abstract
infrequent,1.7,abstract
interpretive,1.7,abstract
involuntary,1.7,abstract
momentous,1.7,abstract
nonessential,1.7,abstract
nonspecific,1.7,abstract
odd,1.7,abstract
rapturous,1.7,abstract
remorseless,1.7,abstract
skeptical,1.7,abstract
true,1.7,abstract
ultimate,1.7,abstract
unaltered,1.7,abstract
unappetizing,1.7,abstract
uncivil,1.7,abstract
uncountable,1.7,abstract
unlovable,1.7,abstract
unrewarded,1.7,abstract
advertently,1.7,abstract
blankly,1.7,abstract
conversely,1.7,abstract
cruelly,1.7,abstract
cunningly,1.7,abstract
deservingly,1.7,abstract
disgracefully,1.7,abstract
earnestly,1.7,abstract
eloquently,1.7,abstract
exquisitely,1.7,abstract
favorably,1.7,abstract
indescribably,1.7,abstract
inherently,1.7,abstract
principally,1.7,abstract
purposely,1.7,abstract
realistically,1.7,abstract
regretfully,1.7,abstract
too,1.7,abstract
unthinkably,1.7,abstract
wretchedly,1.7,abstract
revere,1.7,abstract
ambivalence,1.7,abstract
complicity,1.7,abstract
concern,1.7,abstract
constitutionality,1.7,abstract
copout,1.7,abstract
deinstitutionalization,1.7,abstract
desire,1.7,abstract
determination,1.7,abstract
exploitation,1.7,abstract
inadequacy,1.7,abstract
incapacity,1.7,abstract
inclusiveness,1.7,abstract
incongruity,1.7,abstract
intention,1.7,abstract
isolationism,1.7,abstract
materialism,1.7,abstract
maximization,1.7,abstract
monogamy,1.7,abstract
obsession,1.7,abstract
past,1.7,abstract
practicality,1.7,abstract
preconception,1.7,abstract
principle,1.7,abstract
relativity,1.7,abstract
reverence,1.7,abstract
secretiveness,1.7,abstract
semantics,1.7,abstract
spontaneity,1.7,abstract
subjection,1.7,abstract
subtleness,1.7,abstract
underachievement,1.7,abstract
unselfishness,1.7,abstract
version,1.7,abstract
accomplished,1.7,abstract
astonish,1.7,abstract
dislike,1.7,abstract
legalize,1.7,abstract
overestimate,1.7,abstract
psychoanalyze,1.7,abstract
revalue,1.7,abstract
specialize,1.7,abstract
theorize,1.7,abstract
worsen,1.7,abstract
admirableness,1.7,abstract
adventurously,1.7,abstract
allusively,1.7,abstract
appreciatory,1.7,abstract
barbarously,1.7,abstract
burdensomeness,1.7,abstract
clandestineness,1.7,abstract
companionability,1.7,abstract
connotative,1.7,abstract
contemplatively,1.7,abstract
cursedly,1.7,abstract
delusively,1.7,abstract
demureness,1.7,abstract
derivability,1.7,abstract
despondently,1.7,abstract
diffusedly,1.7,abstract
disagreeability,1.7,abstract
disassociation,1.7,abstract
discriminately,1.7,abstract
dispensational,1.7,abstract
formidability,1.7,abstract
heavenliness,1.7,abstract
humanitarianism,1.7,abstract
impurely,1.7,abstract
inadaptability,1.7,abstract
indexless,1.7,abstract
individualistically,1.7,abstract
innovational,1.7,abstract
interferingly,1.7,abstract
invalidity,1.7,abstract
irrelevantly,1.7,abstract
irreproachability,1.7,abstract
misattribute,1.7,abstract
nonmarket,1.7,abstract
pronouncedly,1.7,abstract
protectionism,1.7,abstract
rampantly,1.7,abstract
recommendatory,1.7,abstract
reconfirmation,1.7,abstract
repentantly,1.7,abstract
unappreciable,1.7,abstract
uncorrelated,1.7,abstract
unfoundedly,1.7,abstract
ungallantly,1.7,abstract
unguaranteed,1.7,abstract
unperturbedly,1.7,abstract
unpredicted,1.7,abstract
akin,1.71,abstract
astounded,1.71,abstract
daring,1.71,abstract
determinate,1.71,abstract
dissociative,1.71,abstract
explanatory,1.71,abstract
fallacious,1.71,abstract
goodhearted,1.71,abstract
heinous,1.71,abstract
indignant,1.71,abstract
limitless,1.71,abstract
lowly,1.71,abstract
luxuriant,1.71,abstract
magnanimous,1.71,abstract
moot,1.71,abstract
poetical,1.71,abstract
shameful,1.71,abstract
traitorous,1.71,abstract
undemonstrative,1.71,abstract
unperceptive,1.71,abstract
untroubled,1.71,abstract
accidentally,1.71,abstract
always,1.71,abstract
barely,1.71,abstract
boringly,1.71,abstract
cordially,1.71,abstract
devastatingly,1.71,abstract
elementally,1.71,abstract
eternally,1.71,abstract
incredibly,1.71,abstract
infuriatingly,1.71,abstract
insensitively,1.71,abstract
needlessly,1.71,abstract
profoundly,1.71,abstract
surely,1.71,abstract
thrillingly,1.71,abstract
universally,1.71,abstract
utopia,1.71,abstract
appeasement,1.71,abstract
coercion,1.71,abstract
comprehensiveness,1.71,abstract
determinist,1.71,abstract
expressionism,1.71,abstract
graciousness,1.71,abstract
leniency,1.71,abstract
likeability,1.71,abstract
religion,1.71,abstract
reproach,1.71,abstract
retentiveness,1.71,abstract
standpoint,1.71,abstract
survivability,1.71,abstract
unwelcoming,1.71,abstract
contemplate,1.71,abstract
dignify,1.71,abstract
disinherit,1.71,abstract
displease,1.71,abstract
fancied,1.71,abstract
glamorize,1.71,abstract
informed,1.71,abstract
intend,1.71,abstract
predicate,1.71,abstract
undertake,1.71,abstract
vindicate,1.71,abstract
absently,1.71,abstract
admissibleness,1.71,abstract
aesthetical,1.71,abstract
aggrieve,1.71,abstract
agnosticism,1.71,abstract
apprehensible,1.71,abstract
assurable,1.71,abstract
attributive,1.71,abstract
bachelorism,1.71,abstract
backhandedly,1.71,abstract
blatancy,1.71,abstract
cherishment,1.71,abstract
coaxingly,1.71,abstract
commensurable,1.71,abstract
confirmative,1.71,abstract
constitutionalism,1.71,abstract
controllability,1.71,abstract
degradedly,1.71,abstract
dementedness,1.71,abstract
depoliticize,1.71,abstract
desexualize,1.71,abstract
distortive,1.71,abstract
elusiveness,1.71,abstract
emergently,1.71,abstract
exaggeratory,1.71,abstract
flabbergast,1.71,abstract
folkloristic,1.71,abstract
hyperbolically,1.71,abstract
immaturely,1.71,abstract
incorporator,1.71,abstract
incorruptness,1.71,abstract
incredibility,1.71,abstract
indefinableness,1.71,abstract
indiscriminateness,1.71,abstract
inexistent,1.71,abstract
inexorability,1.71,abstract
integrally,1.71,abstract
interjectionally,1.71,abstract
interventional,1.71,abstract
mercilessness,1.71,abstract
miscomprehend,1.71,abstract
objectionably,1.71,abstract
piously,1.71,abstract
prejudicially,1.71,abstract
recoverability,1.71,abstract
resourcefully,1.71,abstract
saddening,1.71,abstract
shadily,1.71,abstract
sociality,1.71,abstract
unappeasably,1.71,abstract
unattainably,1.71,abstract
undedicated,1.71,abstract
unheedingly,1.71,abstract
unhopeful,1.71,abstract
unostentatiously,1.71,abstract
unremorsefully,1.71,abstract
avid,1.72,abstract
baffling,1.72,abstract
capitalistic,1.72,abstract
consenting,1.72,abstract
controllable,1.72,abstract
countless,1.72,abstract
covert,1.72,abstract
credible,1.72,abstract
denominational,1.72,abstract
disadvantageous,1.72,abstract
egoistic,1.72,abstract
generalized,1.72,abstract
humbling,1.72,abstract
insidious,1.72,abstract
insistent,1.72,abstract
insurmountable,1.72,abstract
neoclassical,1.72,abstract
obtrusive,1.72,abstract
peerless,1.72,abstract
phenomenological,1.72,abstract
pitiable,1.72,abstract
prudish,1.72,abstract
relevant,1.72,abstract
retrospective,1.72,abstract
rudimentary,1.72,abstract
sainted,1.72,abstract
sensational,1.72,abstract
submissive,1.72,abstract
subtle,1.72,abstract
transactional,1.72,abstract
unadvised,1.72,abstract
uncontrolled,1.72,abstract
undetectable,1.72,abstract
unladylike,1.72,abstract
unneeded,1.72,abstract
unprovoked,1.72,abstract
unquestioned,1.72,abstract
untamable,1.72,abstract
adequately,1.72,abstract
anew,1.72,abstract
artlessly,1.72,abstract
beautifully,1.72,abstract
devilishly,1.72,abstract
downright,1.72,abstract
emotionally,1.72,abstract
fanatically,1.72,abstract
impulsively,1.72,abstract
indeed,1.72,abstract
inexcusably,1.72,abstract
patently,1.72,abstract
preliminarily,1.72,abstract
progressively,1.72,abstract
quite,1.72,abstract
recognizably,1.72,abstract
sagely,1.72,abstract
seemly,1.72,abstract
someday,1.72,abstract
sufficiently,1.72,abstract
tactfully,1.72,abstract
thoughtlessly,1.72,abstract
truthfully,1.72,abstract
unquestionably,1.72,abstract
vehemently,1.72,abstract
or,1.72,abstract
any,1.72,abstract
ugh,1.72,abstract
abstinence,1.72,abstract
ambience,1.72,abstract
cheapness,1.72,abstract
dishonor,1.72,abstract
faithfulness,1.72,abstract
forthrightness,1.72,abstract
gutlessness,1.72,abstract
insight,1.72,abstract
liberalism,1.72,abstract
logic,1.72,abstract
malice,1.72,abstract
partiality,1.72,abstract
reality,1.72,abstract
sacredness,1.72,abstract
subjunctive,1.72,abstract
thankfulness,1.72,abstract
unfaithfulness,1.72,abstract
virtuosity,1.72,abstract
wickedness,1.72,abstract
beyond,1.72,abstract
befall,1.72,abstract
convey,1.72,abstract
delineate,1.72,abstract
engaging,1.72,abstract
mistaken,1.72,abstract
perceive,1.72,abstract
provoking,1.72,abstract
reemphasize,1.72,abstract
striving,1.72,abstract
stupefy,1.72,abstract
suffice,1.72,abstract
admissibly,1.72,abstract
allegoric,1.72,abstract
appraisingly,1.72,abstract
apprehensively,1.72,abstract
bafflingly,1.72,abstract
belatedness,1.72,abstract
characterless,1.72,abstract
conceitedly,1.72,abstract
confusable,1.72,abstract
creational,1.72,abstract
devocalization,1.72,abstract
discourteousness,1.72,abstract
disgustfully,1.72,abstract
divinable,1.72,abstract
double standard,1.72,abstract
eventfully,1.72,abstract
forbiddingly,1.72,abstract
forgetfully,1.72,abstract
give in,1.72,abstract
immaterialize,1.72,abstract
immenseness,1.72,abstract
imprecisely,1.72,abstract
indeterminably,1.72,abstract
integrative,1.72,abstract
intercorrelation,1.72,abstract
mischaracterization,1.72,abstract
neoliberal,1.72,abstract
noteworthiness,1.72,abstract
perplexedly,1.72,abstract
problem solving,1.72,abstract
reassertion,1.72,abstract
recentness,1.72,abstract
regretless,1.72,abstract
remindful,1.72,abstract
revolutionarily,1.72,abstract
sheepishness,1.72,abstract
slighting,1.72,abstract
sparely,1.72,abstract
submissiveness,1.72,abstract
unaired,1.72,abstract
unappreciatively,1.72,abstract
unchangeably,1.72,abstract
undesirability,1.72,abstract
unmethodically,1.72,abstract
unrushed,1.72,abstract
untruly,1.72,abstract
veraciousness,1.72,abstract
vexingly,1.72,abstract
untruthfulness,1.73,abstract
accommodative,1.73,abstract
apparent,1.73,abstract
cultish,1.73,abstract
desperate,1.73,abstract
doubtful,1.73,abstract
erratic,1.73,abstract
existential,1.73,abstract
humble,1.73,abstract
humorless,1.73,abstract
idyllic,1.73,abstract
imperceptible,1.73,abstract
impetuous,1.73,abstract
inconsiderable,1.73,abstract
incorporeal,1.73,abstract
innate,1.73,abstract
insolent,1.73,abstract
nifty,1.73,abstract
overeager,1.73,abstract
quasi,1.73,abstract
spontaneous,1.73,abstract
sure,1.73,abstract
unacceptable,1.73,abstract
unassisted,1.73,abstract
unattainable,1.73,abstract
unbeatable,1.73,abstract
unconvinced,1.73,abstract
undisclosed,1.73,abstract
unessential,1.73,abstract
uninterested,1.73,abstract
unmistakable,1.73,abstract
unproven,1.73,abstract
unsubstantial,1.73,abstract
unsuspecting,1.73,abstract
civilly,1.73,abstract
commonly,1.73,abstract
dismissively,1.73,abstract
disparagingly,1.73,abstract
exotically,1.73,abstract
feebly,1.73,abstract
immoderately,1.73,abstract
inaccurately,1.73,abstract
intensively,1.73,abstract
irresistibly,1.73,abstract
lewdly,1.73,abstract
lustily,1.73,abstract
precociously,1.73,abstract
presentably,1.73,abstract
probably,1.73,abstract
religiously,1.73,abstract
scathingly,1.73,abstract
senselessly,1.73,abstract
unhesitatingly,1.73,abstract
alienation,1.73,abstract
appeal,1.73,abstract
deject,1.73,abstract
dreamland,1.73,abstract
extravagance,1.73,abstract
guiltiness,1.73,abstract
inconvenience,1.73,abstract
insignificance,1.73,abstract
knowledge,1.73,abstract
likelihood,1.73,abstract
paradigm,1.73,abstract
possessiveness,1.73,abstract
purity,1.73,abstract
regularization,1.73,abstract
reorientation,1.73,abstract
savagery,1.73,abstract
sentimentality,1.73,abstract
succession,1.73,abstract
unworthiness,1.73,abstract
wariness,1.73,abstract
lieu,1.73,abstract
appraise,1.73,abstract
bide,1.73,abstract
cherish,1.73,abstract
detract,1.73,abstract
elicit,1.73,abstract
expend,1.73,abstract
impair,1.73,abstract
loving,1.73,abstract
oblige,1.73,abstract
perplex,1.73,abstract
signify,1.73,abstract
subsidize,1.73,abstract
affectively,1.73,abstract
antifundamentalist,1.73,abstract
appealable,1.73,abstract
assumable,1.73,abstract
avengement,1.73,abstract
borrowable,1.73,abstract
complainingly,1.73,abstract
consumptively,1.73,abstract
cumbersomely,1.73,abstract
direful,1.73,abstract
direfully,1.73,abstract
disinteresting,1.73,abstract
disrespectable,1.73,abstract
divulgence,1.73,abstract
dumfound,1.73,abstract
engagingly,1.73,abstract
expansionary,1.73,abstract
extraterritorially,1.73,abstract
fictitiously,1.73,abstract
forcibleness,1.73,abstract
foreknowingly,1.73,abstract
frenziedly,1.73,abstract
geopolitically,1.73,abstract
guiltlessly,1.73,abstract
highhandedness,1.73,abstract
impalpability,1.73,abstract
inapproachability,1.73,abstract
inartistically,1.73,abstract
incomprehensive,1.73,abstract
inconclusively,1.73,abstract
intellectualistic,1.73,abstract
invariableness,1.73,abstract
involvedness,1.73,abstract
leniently,1.73,abstract
managerially,1.73,abstract
organizationally,1.73,abstract
perceptibly,1.73,abstract
permissibility,1.73,abstract
prejudgment,1.73,abstract
provincially,1.73,abstract
reclusiveness,1.73,abstract
rentable,1.73,abstract
reputability,1.73,abstract
restive,1.73,abstract
stereotypic,1.73,abstract
subsequence,1.73,abstract
suitableness,1.73,abstract
sultrily,1.73,abstract
supernaturalism,1.73,abstract
supportability,1.73,abstract
syllabically,1.73,abstract
thriftily,1.73,abstract
transferability,1.73,abstract
unarguable,1.73,abstract
undistinguishable,1.73,abstract
undutiful,1.73,abstract
unempirical,1.73,abstract
unforgiven,1.73,abstract
unhelpfulness,1.73,abstract
universalize,1.73,abstract
unobtrusiveness,1.73,abstract
unordinary,1.73,abstract
unproductively,1.73,abstract
unresponsively,1.73,abstract
witheringly,1.73,abstract
amicable,1.74,abstract
ashamed,1.74,abstract
autocratic,1.74,abstract
broadminded,1.74,abstract
causable,1.74,abstract
comparative,1.74,abstract
democratic,1.74,abstract
disaffected,1.74,abstract
effectual,1.74,abstract
finite,1.74,abstract
hapless,1.74,abstract
imaginary,1.74,abstract
incidental,1.74,abstract
inept,1.74,abstract
inscrutable,1.74,abstract
instructive,1.74,abstract
metaphorical,1.74,abstract
motherfucking,1.74,abstract
nonnegotiable,1.74,abstract
sorrowful,1.74,abstract
teachable,1.74,abstract
temperamental,1.74,abstract
undiagnosed,1.74,abstract
uneventful,1.74,abstract
unexcused,1.74,abstract
unreasoned,1.74,abstract
unrelated,1.74,abstract
unsound,1.74,abstract
venerable,1.74,abstract
voracious,1.74,abstract
categorically,1.74,abstract
cerebrally,1.74,abstract
contagiously,1.74,abstract
covertly,1.74,abstract
definitely,1.74,abstract
diplomatically,1.74,abstract
domestically,1.74,abstract
emphatically,1.74,abstract
evermore,1.74,abstract
inexorably,1.74,abstract
inferiorly,1.74,abstract
intrinsically,1.74,abstract
operatively,1.74,abstract
overly,1.74,abstract
positively,1.74,abstract
possibly,1.74,abstract
psychologically,1.74,abstract
ravishingly,1.74,abstract
reportedly,1.74,abstract
specially,1.74,abstract
swimmingly,1.74,abstract
vaguely,1.74,abstract
ambition,1.74,abstract
arrogance,1.74,abstract
authenticity,1.74,abstract
commitment,1.74,abstract
commonality,1.74,abstract
commonness,1.74,abstract
defensiveness,1.74,abstract
devilishness,1.74,abstract
dissonance,1.74,abstract
ego,1.74,abstract
euphemism,1.74,abstract
gumption,1.74,abstract
horribleness,1.74,abstract
idiosyncrasy,1.74,abstract
kindness,1.74,abstract
listlessness,1.74,abstract
naivety,1.74,abstract
nonentity,1.74,abstract
nonunion,1.74,abstract
nothingness,1.74,abstract
paranoia,1.74,abstract
personification,1.74,abstract
pettiness,1.74,abstract
snobbery,1.74,abstract
willfulness,1.74,abstract
who,1.74,abstract
circumscribed,1.74,abstract
envied,1.74,abstract
exaggerating,1.74,abstract
forbearing,1.74,abstract
forgotten,1.74,abstract
inspire,1.74,abstract
jeopardize,1.74,abstract
overmatch,1.74,abstract
reckon,1.74,abstract
recommend,1.74,abstract
acceptability,1.74,abstract
arduousness,1.74,abstract
artisanship,1.74,abstract
bewitchery,1.74,abstract
canonization,1.74,abstract
communalization,1.74,abstract
conceptuality,1.74,abstract
conclusiveness,1.74,abstract
depletive,1.74,abstract
descriptively,1.74,abstract
disadvantageously,1.74,abstract
divulgement,1.74,abstract
fast track,1.74,abstract
federalization,1.74,abstract
frugalness,1.74,abstract
gaminess,1.74,abstract
gradualism,1.74,abstract
guessable,1.74,abstract
incomprehensiveness,1.74,abstract
inconceivableness,1.74,abstract
incredibleness,1.74,abstract
inexpressiveness,1.74,abstract
inhospitably,1.74,abstract
insolvability,1.74,abstract
interjectory,1.74,abstract
intermediateness,1.74,abstract
lawfulness,1.74,abstract
leeringly,1.74,abstract
nonacademic,1.74,abstract
painstakingness,1.74,abstract
plausibly,1.74,abstract
progressivism,1.74,abstract
prohibitory,1.74,abstract
rationalistically,1.74,abstract
revengefulness,1.74,abstract
revivable,1.74,abstract
schematization,1.74,abstract
slackly,1.74,abstract
symbolical,1.74,abstract
thereinafter,1.74,abstract
unawareness,1.74,abstract
unbeatably,1.74,abstract
unchangeableness,1.74,abstract
undenominational,1.74,abstract
undeservedly,1.74,abstract
unevaluated,1.74,abstract
unraced,1.74,abstract
unsafeguarded,1.74,abstract
wishfully,1.74,abstract
wonderingly,1.74,abstract
wrongfulness,1.74,abstract
anarchic,1.75,abstract
bighearted,1.75,abstract
captivating,1.75,abstract
correlative,1.75,abstract
curious,1.75,abstract
discriminatory,1.75,abstract
discussable,1.75,abstract
disquieting,1.75,abstract
distinguishing,1.75,abstract
gutless,1.75,abstract
honorary,1.75,abstract
indicative,1.75,abstract
indisposed,1.75,abstract
insufficient,1.75,abstract
meditative,1.75,abstract
nominative,1.75,abstract
outstanding,1.75,abstract
passionless,1.75,abstract
perceptual,1.75,abstract
saintly,1.75,abstract
smart,1.75,abstract
statutory,1.75,abstract
stupid,1.75,abstract
unaware,1.75,abstract
unceremonious,1.75,abstract
undefiled,1.75,abstract
unfazed,1.75,abstract
unsavory,1.75,abstract
unsearchable,1.75,abstract
verifiable,1.75,abstract
wiser,1.75,abstract
abnormally,1.75,abstract
apparently,1.75,abstract
conceivably,1.75,abstract
eventually,1.75,abstract
expressly,1.75,abstract
fleetingly,1.75,abstract
forthwith,1.75,abstract
helpfully,1.75,abstract
implicitly,1.75,abstract
imprudently,1.75,abstract
incalculably,1.75,abstract
ineffectively,1.75,abstract
instantaneously,1.75,abstract
leastwise,1.75,abstract
madly,1.75,abstract
meticulously,1.75,abstract
solely,1.75,abstract
varyingly,1.75,abstract
wondrously,1.75,abstract
considering,1.75,abstract
absentmindedness,1.75,abstract
aloneness,1.75,abstract
conjecture,1.75,abstract
contention,1.75,abstract
defeatism,1.75,abstract
elitism,1.75,abstract
freakiness,1.75,abstract
humility,1.75,abstract
hype,1.75,abstract
idiocy,1.75,abstract
importance,1.75,abstract
imprecision,1.75,abstract
infamy,1.75,abstract
infantilism,1.75,abstract
lackluster,1.75,abstract
libertarianism,1.75,abstract
mood,1.75,abstract
mutuality,1.75,abstract
niftiness,1.75,abstract
purposefulness,1.75,abstract
quandary,1.75,abstract
recalcitrance,1.75,abstract
relativism,1.75,abstract
retrospect,1.75,abstract
uncertainty,1.75,abstract
affecting,1.75,abstract
assigned,1.75,abstract
assume,1.75,abstract
bespoke,1.75,abstract
embody,1.75,abstract
enchant,1.75,abstract
exonerate,1.75,abstract
fascinate,1.75,abstract
glowering,1.75,abstract
intimidate,1.75,abstract
lament,1.75,abstract
profane,1.75,abstract
seem,1.75,abstract
undermining,1.75,abstract
abstractionism,1.75,abstract
aftermost,1.75,abstract
agreeability,1.75,abstract
allowableness,1.75,abstract
annoyingness,1.75,abstract
cognizable,1.75,abstract
congruously,1.75,abstract
contradictive,1.75,abstract
cultism,1.75,abstract
deprecation,1.75,abstract
desirously,1.75,abstract
detestability,1.75,abstract
directivity,1.75,abstract
dispraisingly,1.75,abstract
dream up,1.75,abstract
endorsable,1.75,abstract
fickleness,1.75,abstract
freakily,1.75,abstract
gameness,1.75,abstract
greathearted,1.75,abstract
impassability,1.75,abstract
impressionistically,1.75,abstract
incommensurably,1.75,abstract
inefficacy,1.75,abstract
jazzily,1.75,abstract
mutinously,1.75,abstract
nationalize,1.75,abstract
noncumulative,1.75,abstract
noninterference,1.75,abstract
perusable,1.75,abstract
prequalify,1.75,abstract
reactively,1.75,abstract
recallable,1.75,abstract
sinisterly,1.75,abstract
subserviently,1.75,abstract
susceptibly,1.75,abstract
tactfulness,1.75,abstract
tastelessly,1.75,abstract
tyrannize,1.75,abstract
unaffectedness,1.75,abstract
unassimilated,1.75,abstract
uncertainness,1.75,abstract
underestimation,1.75,abstract
unenforced,1.75,abstract
unlikeness,1.75,abstract
unobservable,1.75,abstract
unperceived,1.75,abstract
beatable,1.76,abstract
bewildering,1.76,abstract
conspiratorial,1.76,abstract
counterintuitive,1.76,abstract
egotistical,1.76,abstract
envious,1.76,abstract
eternal,1.76,abstract
forlorn,1.76,abstract
formidable,1.76,abstract
genocidal,1.76,abstract
glorified,1.76,abstract
helpful,1.76,abstract
homicidal,1.76,abstract
impertinent,1.76,abstract
indecipherable,1.76,abstract
infamous,1.76,abstract
insincere,1.76,abstract
interdepartmental,1.76,abstract
learnable,1.76,abstract
likely,1.76,abstract
lucky,1.76,abstract
misleading,1.76,abstract
optimal,1.76,abstract
optimum,1.76,abstract
overall,1.76,abstract
reluctant,1.76,abstract
special,1.76,abstract
surrealistic,1.76,abstract
traditional,1.76,abstract
trustful,1.76,abstract
uncomprehending,1.76,abstract
underwhelmed,1.76,abstract
unpretentious,1.76,abstract
unrivaled,1.76,abstract
unselfconscious,1.76,abstract
untold,1.76,abstract
untruthful,1.76,abstract
continually,1.76,abstract
courageously,1.76,abstract
crucially,1.76,abstract
expediently,1.76,abstract
gingerly,1.76,abstract
introspectively,1.76,abstract
lackadaisically,1.76,abstract
morbidly,1.76,abstract
seismically,1.76,abstract
severely,1.76,abstract
tragically,1.76,abstract
unlawfully,1.76,abstract
villainously,1.76,abstract
assurance,1.76,abstract
betrayal,1.76,abstract
bonkers,1.76,abstract
carelessness,1.76,abstract
conspiracy,1.76,abstract
disinterestedness,1.76,abstract
dormancy,1.76,abstract
ferocity,1.76,abstract
hideousness,1.76,abstract
hipness,1.76,abstract
humbleness,1.76,abstract
lunacy,1.76,abstract
methodology,1.76,abstract
misadventure,1.76,abstract
pacification,1.76,abstract
parapsychology,1.76,abstract
pretense,1.76,abstract
priority,1.76,abstract
repute,1.76,abstract
severity,1.76,abstract
sociability,1.76,abstract
stigma,1.76,abstract
tact,1.76,abstract
wits,1.76,abstract
allege,1.76,abstract
beguile,1.76,abstract
corroborate,1.76,abstract
dedicated,1.76,abstract
disclosed,1.76,abstract
exceed,1.76,abstract
fascinated,1.76,abstract
generalize,1.76,abstract
imagines,1.76,abstract
immortalize,1.76,abstract
quantify,1.76,abstract
reclaim,1.76,abstract
rehabilitate,1.76,abstract
yearn,1.76,abstract
absentmindedly,1.76,abstract
anarchical,1.76,abstract
apologetics,1.76,abstract
assertively,1.76,abstract
awardable,1.76,abstract
blamable,1.76,abstract
comprehendingly,1.76,abstract
correctively,1.76,abstract
delightsome,1.76,abstract
deludingly,1.76,abstract
discriminatingly,1.76,abstract
disenchant,1.76,abstract
disreputability,1.76,abstract
distressfulness,1.76,abstract
elfishly,1.76,abstract
enticingly,1.76,abstract
ethereally,1.76,abstract
falseness,1.76,abstract
far cry,1.76,abstract
feasibly,1.76,abstract
ferventness,1.76,abstract
forethoughtfully,1.76,abstract
forwardly,1.76,abstract
frumpishly,1.76,abstract
goodliness,1.76,abstract
helpingly,1.76,abstract
hurtfully,1.76,abstract
imperiousness,1.76,abstract
impressionably,1.76,abstract
impressiveness,1.76,abstract
inapplicably,1.76,abstract
inattentiveness,1.76,abstract
incursive,1.76,abstract
inevitableness,1.76,abstract
ingeniously,1.76,abstract
insufferableness,1.76,abstract
insusceptibility,1.76,abstract
interestedness,1.76,abstract
interrelate,1.76,abstract
irrelevance,1.76,abstract
judgingly,1.76,abstract
legitimism,1.76,abstract
misemploy,1.76,abstract
nonconformity,1.76,abstract
obtainment,1.76,abstract
overemphatic,1.76,abstract
perfectionistic,1.76,abstract
public opinion,1.76,abstract
pursuable,1.76,abstract
qualifiable,1.76,abstract
rationalism,1.76,abstract
reattribute,1.76,abstract
reconsolidate,1.76,abstract
scornfulness,1.76,abstract
selfhood,1.76,abstract
sociologic,1.76,abstract
tyrannically,1.76,abstract
uneconomically,1.76,abstract
unstilted,1.76,abstract
unsystematic,1.76,abstract
worthlessly,1.76,abstract
abridged,1.77,abstract
ambassadorial,1.77,abstract
astrophysical,1.77,abstract
beneficial,1.77,abstract
charismatic,1.77,abstract
cosmological,1.77,abstract
gainful,1.77,abstract
grueling,1.77,abstract
inopportune,1.77,abstract
insane,1.77,abstract
insightful,1.77,abstract
irreverent,1.77,abstract
newish,1.77,abstract
paranoid,1.77,abstract
plausible,1.77,abstract
prudent,1.77,abstract
referential,1.77,abstract
sacred,1.77,abstract
snazzy,1.77,abstract
sympathetic,1.77,abstract
unable,1.77,abstract
unaffected,1.77,abstract
unassailable,1.77,abstract
unconditional,1.77,abstract
underprepared,1.77,abstract
undeterred,1.77,abstract
unsung,1.77,abstract
unwarrantable,1.77,abstract
circumstantially,1.77,abstract
diligently,1.77,abstract
faithfully,1.77,abstract
inexpertly,1.77,abstract
materialistically,1.77,abstract
rascally,1.77,abstract
reliably,1.77,abstract
sometimes,1.77,abstract
stringently,1.77,abstract
succinctly,1.77,abstract
thereabouts,1.77,abstract
unduly,1.77,abstract
unsparingly,1.77,abstract
unsuspectingly,1.77,abstract
abstinent,1.77,abstract
allegiance,1.77,abstract
antimatter,1.77,abstract
attunement,1.77,abstract
circumstance,1.77,abstract
committal,1.77,abstract
courtesy,1.77,abstract
detriment,1.77,abstract
disservice,1.77,abstract
economics,1.77,abstract
fundamentalism,1.77,abstract
impunity,1.77,abstract
legality,1.77,abstract
normalcy,1.77,abstract
oddness,1.77,abstract
powers,1.77,abstract
preciousness,1.77,abstract
respite,1.77,abstract
safeness,1.77,abstract
sensitivity,1.77,abstract
supposition,1.77,abstract
about,1.77,abstract
regarding,1.77,abstract
accommodating,1.77,abstract
admiring,1.77,abstract
caring,1.77,abstract
consecrate,1.77,abstract
had,1.77,abstract
insinuate,1.77,abstract
perturbed,1.77,abstract
proving,1.77,abstract
sapping,1.77,abstract
tantalize,1.77,abstract
wish,1.77,abstract
admonishingly,1.77,abstract
apprehensiveness,1.77,abstract
blasphemously,1.77,abstract
changeableness,1.77,abstract
colloquially,1.77,abstract
conversationally,1.77,abstract
delectability,1.77,abstract
disagreeably,1.77,abstract
dismally,1.77,abstract
dispassionateness,1.77,abstract
dreamful,1.77,abstract
eligibly,1.77,abstract
expansively,1.77,abstract
expectance,1.77,abstract
eye opener,1.77,abstract
facilitative,1.77,abstract
factualness,1.77,abstract
fastidiously,1.77,abstract
hardheartedly,1.77,abstract
harmoniousness,1.77,abstract
impudently,1.77,abstract
inanimately,1.77,abstract
infatuate,1.77,abstract
intellective,1.77,abstract
irregularly,1.77,abstract
lawlessly,1.77,abstract
lifelikeness,1.77,abstract
livingly,1.77,abstract
misinform,1.77,abstract
murderousness,1.77,abstract
naivete,1.77,abstract
obliviously,1.77,abstract
obtuseness,1.77,abstract
outlearn,1.77,abstract
predicatively,1.77,abstract
professionalization,1.77,abstract
profitableness,1.77,abstract
reinvigoration,1.77,abstract
revalidation,1.77,abstract
ruefully,1.77,abstract
self esteem,1.77,abstract
sensatory,1.77,abstract
sneeringly,1.77,abstract
sulkiness,1.77,abstract
traditionalize,1.77,abstract
unconnectedly,1.77,abstract
unobserving,1.77,abstract
unusualness,1.77,abstract
unyieldingly,1.77,abstract
usualness,1.77,abstract
vainness,1.77,abstract
validly,1.77,abstract
weightily,1.77,abstract
withdrawnness,1.77,abstract
annual,1.78,abstract
apt,1.78,abstract
attentive,1.78,abstract
awed,1.78,abstract
careless,1.78,abstract
contemplative,1.78,abstract
contentious,1.78,abstract
deceptive,1.78,abstract
deliberate,1.78,abstract
deplorable,1.78,abstract
discernible,1.78,abstract
dispassionate,1.78,abstract
ditsy,1.78,abstract
evolutionary,1.78,abstract
exquisite,1.78,abstract
fantastic,1.78,abstract
forgiving,1.78,abstract
galore,1.78,abstract
grateful,1.78,abstract
gullible,1.78,abstract
honorable,1.78,abstract
overwhelming,1.78,abstract
parliamentary,1.78,abstract
phenomenal,1.78,abstract
prideful,1.78,abstract
proper,1.78,abstract
reasonable,1.78,abstract
releasable,1.78,abstract
sacrilegious,1.78,abstract
swoony,1.78,abstract
unaccountable,1.78,abstract
unalterable,1.78,abstract
unfortunate,1.78,abstract
unspent,1.78,abstract
untranslatable,1.78,abstract
useless,1.78,abstract
victimless,1.78,abstract
ably,1.78,abstract
ambitiously,1.78,abstract
catastrophically,1.78,abstract
drastically,1.78,abstract
eccentrically,1.78,abstract
efficiently,1.78,abstract
flawlessly,1.78,abstract
meekly,1.78,abstract
nightmarishly,1.78,abstract
phenomenally,1.78,abstract
totally,1.78,abstract
uneventfully,1.78,abstract
unluckily,1.78,abstract
verbatim,1.78,abstract
wooingly,1.78,abstract
amen,1.78,abstract
grace,1.78,abstract
absolution,1.78,abstract
addictiveness,1.78,abstract
capitulation,1.78,abstract
closure,1.78,abstract
competence,1.78,abstract
comprehension,1.78,abstract
crossness,1.78,abstract
cynicism,1.78,abstract
democracy,1.78,abstract
disparity,1.78,abstract
gratification,1.78,abstract
inception,1.78,abstract
interconnectedness,1.78,abstract
lowness,1.78,abstract
nationalism,1.78,abstract
receptivity,1.78,abstract
resentment,1.78,abstract
stinginess,1.78,abstract
vitality,1.78,abstract
worthiness,1.78,abstract
apprise,1.78,abstract
behave,1.78,abstract
conclude,1.78,abstract
cope,1.78,abstract
endeared,1.78,abstract
envying,1.78,abstract
fulfill,1.78,abstract
happen,1.78,abstract
needing,1.78,abstract
pervade,1.78,abstract
pondering,1.78,abstract
revered,1.78,abstract
surmise,1.78,abstract
tolerate,1.78,abstract
agonistic,1.78,abstract
ambitiousness,1.78,abstract
anticensorship,1.78,abstract
bewilderedly,1.78,abstract
compassionless,1.78,abstract
conceivability,1.78,abstract
conductively,1.78,abstract
confirmable,1.78,abstract
convincible,1.78,abstract
countersense,1.78,abstract
curiousness,1.78,abstract
dimensionless,1.78,abstract
disputative,1.78,abstract
enjoyableness,1.78,abstract
fixedly,1.78,abstract
groundlessness,1.78,abstract
heartbrokenness,1.78,abstract
hierarchically,1.78,abstract
inauspiciously,1.78,abstract
incessancy,1.78,abstract
incomprehensively,1.78,abstract
intangibleness,1.78,abstract
manageability,1.78,abstract
mischaracterize,1.78,abstract
misconceive,1.78,abstract
naturalize,1.78,abstract
neutralism,1.78,abstract
nonresistant,1.78,abstract
nonsensically,1.78,abstract
of late,1.78,abstract
overcautiously,1.78,abstract
perceptibility,1.78,abstract
premeditative,1.78,abstract
propagandistic,1.78,abstract
recessively,1.78,abstract
revisionary,1.78,abstract
semisecret,1.78,abstract
sensitization,1.78,abstract
simplex,1.78,abstract
snootily,1.78,abstract
tastefulness,1.78,abstract
unallowable,1.78,abstract
unassertive,1.78,abstract
uncompressible,1.78,abstract
vengefulness,1.78,abstract
adventuresome,1.79,abstract
avoidable,1.79,abstract
bizarre,1.79,abstract
catchy,1.79,abstract
clever,1.79,abstract
compassionate,1.79,abstract
crummiest,1.79,abstract
depressing,1.79,abstract
discriminative,1.79,abstract
equivocal,1.79,abstract
eventful,1.79,abstract
extensive,1.79,abstract
fiendish,1.79,abstract
foolproof,1.79,abstract
heartless,1.79,abstract
humane,1.79,abstract
humanistic,1.79,abstract
imaginable,1.79,abstract
incontestable,1.79,abstract
indigent,1.79,abstract
inordinate,1.79,abstract
irrational,1.79,abstract
judgmental,1.79,abstract
legal,1.79,abstract
meddlesome,1.79,abstract
memorable,1.79,abstract
negative,1.79,abstract
null,1.79,abstract
obstinate,1.79,abstract
opposite,1.79,abstract
ordinary,1.79,abstract
parochial,1.79,abstract
priceless,1.79,abstract
proficient,1.79,abstract
provincial,1.79,abstract
questionable,1.79,abstract
renewed,1.79,abstract
respective,1.79,abstract
retroactive,1.79,abstract
ridiculous,1.79,abstract
sane,1.79,abstract
sobering,1.79,abstract
spiritual,1.79,abstract
splendid,1.79,abstract
suggestible,1.79,abstract
supersensory,1.79,abstract
treasonable,1.79,abstract
unaccustomed,1.79,abstract
undemanding,1.79,abstract
undoubted,1.79,abstract
unexplained,1.79,abstract
unexplored,1.79,abstract
unintentional,1.79,abstract
unlucky,1.79,abstract
unpremeditated,1.79,abstract
unpronounceable,1.79,abstract
unreasoning,1.79,abstract
unrecoverable,1.79,abstract
unrelieved,1.79,abstract
whorish,1.79,abstract
appropriately,1.79,abstract
arguably,1.79,abstract
bountifully,1.79,abstract
concisely,1.79,abstract
corruptly,1.79,abstract
culturally,1.79,abstract
distinctively,1.79,abstract
genuinely,1.79,abstract
grievously,1.79,abstract
henceforth,1.79,abstract
however,1.79,abstract
impartially,1.79,abstract
instinctively,1.79,abstract
intelligently,1.79,abstract
lawyerly,1.79,abstract
minutely,1.79,abstract
nowhere,1.79,abstract
singularly,1.79,abstract
slightly,1.79,abstract
solemnly,1.79,abstract
soon,1.79,abstract
spitefully,1.79,abstract
tantalizingly,1.79,abstract
tentatively,1.79,abstract
uncommonly,1.79,abstract
whenever,1.79,abstract
paramount,1.79,abstract
activism,1.79,abstract
allegation,1.79,abstract
anomaly,1.79,abstract
believability,1.79,abstract
censorship,1.79,abstract
cognition,1.79,abstract
compulsion,1.79,abstract
compulsiveness,1.79,abstract
conformity,1.79,abstract
dogma,1.79,abstract
edification,1.79,abstract
enigma,1.79,abstract
entitlement,1.79,abstract
evasiveness,1.79,abstract
foreignness,1.79,abstract
foresight,1.79,abstract
gayness,1.79,abstract
hardship,1.79,abstract
incompatibility,1.79,abstract
ineptitude,1.79,abstract
inflection,1.79,abstract
issuance,1.79,abstract
loftiness,1.79,abstract
logics,1.79,abstract
malpractice,1.79,abstract
meaninglessness,1.79,abstract
monotony,1.79,abstract
newness,1.79,abstract
omniscience,1.79,abstract
pluralism,1.79,abstract
politeness,1.79,abstract
regard,1.79,abstract
respectability,1.79,abstract
socialization,1.79,abstract
sociology,1.79,abstract
soulfulness,1.79,abstract
suggestibility,1.79,abstract
understatement,1.79,abstract
unpopularity,1.79,abstract
worldliness,1.79,abstract
via,1.79,abstract
acclimate,1.79,abstract
appeasing,1.79,abstract
beholding,1.79,abstract
condone,1.79,abstract
determined,1.79,abstract
disillusioned,1.79,abstract
doubt,1.79,abstract
dumbfound,1.79,abstract
exceeding,1.79,abstract
instigate,1.79,abstract
intending,1.79,abstract
maximize,1.79,abstract
minded,1.79,abstract
patronize,1.79,abstract
perplexed,1.79,abstract
pitying,1.79,abstract
preoccupy,1.79,abstract
preside,1.79,abstract
presume,1.79,abstract
propagandize,1.79,abstract
reconcile,1.79,abstract
rediscover,1.79,abstract
regain,1.79,abstract
aestheticism,1.79,abstract
allocable,1.79,abstract
americanize,1.79,abstract
artlessness,1.79,abstract
asexualize,1.79,abstract
conditionally,1.79,abstract
congruently,1.79,abstract
convictional,1.79,abstract
corruptive,1.79,abstract
daringness,1.79,abstract
deficiently,1.79,abstract
derogatively,1.79,abstract
developable,1.79,abstract
disconnectedly,1.79,abstract
discoverability,1.79,abstract
dislikable,1.79,abstract
disputable,1.79,abstract
drearily,1.79,abstract
dumpily,1.79,abstract
ethicalness,1.79,abstract
exaggeratedly,1.79,abstract
extendedly,1.79,abstract
faultfinding,1.79,abstract
forgivingly,1.79,abstract
franticly,1.79,abstract
hairsplitter,1.79,abstract
incalculability,1.79,abstract
inclusively,1.79,abstract
indigenousness,1.79,abstract
insolvable,1.79,abstract
intuitiveness,1.79,abstract
lovability,1.79,abstract
meticulousness,1.79,abstract
nationalistically,1.79,abstract
nonpartisanship,1.79,abstract
overcritical,1.79,abstract
paternalistic,1.79,abstract
professedly,1.79,abstract
punitively,1.79,abstract
remissive,1.79,abstract
satisfier,1.79,abstract
speculatively,1.79,abstract
startlingly,1.79,abstract
susceptibleness,1.79,abstract
swayable,1.79,abstract
thriftlessly,1.79,abstract
unadoptable,1.79,abstract
uncivilly,1.79,abstract
undiscoverable,1.79,abstract
unharmonious,1.79,abstract
unlearned,1.79,abstract
veraciously,1.79,abstract
vicariousness,1.79,abstract
waywardly,1.79,abstract
womanishness,1.79,abstract
spitefulness,1.8,abstract
accessible,1.8,abstract
analytic,1.8,abstract
bewildered,1.8,abstract
determinative,1.8,abstract
dire,1.8,abstract
equalizing,1.8,abstract
fanciful,1.8,abstract
indiscreet,1.8,abstract
indubitable,1.8,abstract
necessary,1.8,abstract
neutral,1.8,abstract
outrageous,1.8,abstract
perfunctory,1.8,abstract
prim,1.8,abstract
satisfactory,1.8,abstract
scholarly,1.8,abstract
systemic,1.8,abstract
ungovernable,1.8,abstract
considerately,1.8,abstract
daringly,1.8,abstract
easily,1.8,abstract
generically,1.8,abstract
gratuitously,1.8,abstract
infinitesimally,1.8,abstract
inventively,1.8,abstract
irritatingly,1.8,abstract
later,1.8,abstract
logically,1.8,abstract
monumentally,1.8,abstract
obliquely,1.8,abstract
proverbially,1.8,abstract
regularly,1.8,abstract
unintelligibly,1.8,abstract
unnaturally,1.8,abstract
wittily,1.8,abstract
nor,1.8,abstract
doggone,1.8,abstract
creativity,1.8,abstract
effect,1.8,abstract
epitome,1.8,abstract
experience,1.8,abstract
fallacy,1.8,abstract
insolence,1.8,abstract
interest,1.8,abstract
jealousy,1.8,abstract
misbehavior,1.8,abstract
pizzazz,1.8,abstract
theatricality,1.8,abstract
unwillingness,1.8,abstract
against,1.8,abstract
compromise,1.8,abstract
damned,1.8,abstract
democratize,1.8,abstract
minding,1.8,abstract
misjudge,1.8,abstract
presuppose,1.8,abstract
regret,1.8,abstract
restructure,1.8,abstract
smarten,1.8,abstract
suggest,1.8,abstract
wonder,1.8,abstract
absolvable,1.8,abstract
agonizingly,1.8,abstract
amateurishness,1.8,abstract
antiquate,1.8,abstract
bastardization,1.8,abstract
bespoken,1.8,abstract
challengeable,1.8,abstract
confirmedly,1.8,abstract
correlativeness,1.8,abstract
countersecurity,1.8,abstract
delinquently,1.8,abstract
depolarize,1.8,abstract
devastative,1.8,abstract
disingenuousness,1.8,abstract
dispiritedly,1.8,abstract
disputability,1.8,abstract
effectually,1.8,abstract
endearingly,1.8,abstract
exasperatedly,1.8,abstract
generalship,1.8,abstract
grantable,1.8,abstract
headstrongness,1.8,abstract
imperviousness,1.8,abstract
indiscernibly,1.8,abstract
inductiveness,1.8,abstract
inhibitive,1.8,abstract
intercommunicative,1.8,abstract
internationalize,1.8,abstract
irremediable,1.8,abstract
jurisdictionally,1.8,abstract
lowliness,1.8,abstract
nefariously,1.8,abstract
nonimpact,1.8,abstract
nonrepresentational,1.8,abstract
obligatorily,1.8,abstract
overinvest,1.8,abstract
qualifiedly,1.8,abstract
raptly,1.8,abstract
representativeness,1.8,abstract
skittishly,1.8,abstract
sophistically,1.8,abstract
toxically,1.8,abstract
uncommunicativeness,1.8,abstract
uninterruptible,1.8,abstract
unpreventable,1.8,abstract
unsworn,1.8,abstract
whimsicalness,1.8,abstract
worrisomely,1.8,abstract
absolute,1.81,abstract
admirable,1.81,abstract
ambitious,1.81,abstract
attributable,1.81,abstract
candid,1.81,abstract
cautious,1.81,abstract
circumspect,1.81,abstract
classless,1.81,abstract
committable,1.81,abstract
compelling,1.81,abstract
confounded,1.81,abstract
depraved,1.81,abstract
disappointing,1.81,abstract
disruptive,1.81,abstract
eccentric,1.81,abstract
eventual,1.81,abstract
famed,1.81,abstract
frustrating,1.81,abstract
great,1.81,abstract
hospitable,1.81,abstract
illusive,1.81,abstract
impartial,1.81,abstract
insatiable,1.81,abstract
intellectual,1.81,abstract
irrepressible,1.81,abstract
irretrievable,1.81,abstract
jaunty,1.81,abstract
latent,1.81,abstract
liberating,1.81,abstract
mainstream,1.81,abstract
menial,1.81,abstract
novelistic,1.81,abstract
patriarchal,1.81,abstract
precancerous,1.81,abstract
psychosocial,1.81,abstract
puritanical,1.81,abstract
quaint,1.81,abstract
rebuttable,1.81,abstract
resistible,1.81,abstract
retaliatory,1.81,abstract
sincere,1.81,abstract
snobby,1.81,abstract
unacknowledged,1.81,abstract
unbeautiful,1.81,abstract
uncultured,1.81,abstract
undeclared,1.81,abstract
unexploited,1.81,abstract
unfashionable,1.81,abstract
uninvolved,1.81,abstract
unremarkable,1.81,abstract
unsought,1.81,abstract
willful,1.81,abstract
witless,1.81,abstract
artfully,1.81,abstract
artificially,1.81,abstract
bitterly,1.81,abstract
doubtless,1.81,abstract
either,1.81,abstract
emptily,1.81,abstract
entirely,1.81,abstract
ethnically,1.81,abstract
frightfully,1.81,abstract
gastronomically,1.81,abstract
gladly,1.81,abstract
indelibly,1.81,abstract
innately,1.81,abstract
mercifully,1.81,abstract
miraculously,1.81,abstract
nonchalantly,1.81,abstract
outstandingly,1.81,abstract
prophetically,1.81,abstract
righteously,1.81,abstract
scrupulously,1.81,abstract
soundly,1.81,abstract
unkindly,1.81,abstract
unmistakably,1.81,abstract
unselfishly,1.81,abstract
unusually,1.81,abstract
variously,1.81,abstract
ability,1.81,abstract
alpha,1.81,abstract
anticlimax,1.81,abstract
aspiration,1.81,abstract
causation,1.81,abstract
characterization,1.81,abstract
classism,1.81,abstract
competency,1.81,abstract
digression,1.81,abstract
direness,1.81,abstract
divisibility,1.81,abstract
facilitation,1.81,abstract
feasibility,1.81,abstract
gist,1.81,abstract
heaven,1.81,abstract
heredity,1.81,abstract
humanism,1.81,abstract
humanization,1.81,abstract
immaturity,1.81,abstract
indulgence,1.81,abstract
inquisitiveness,1.81,abstract
levity,1.81,abstract
maturity,1.81,abstract
nonchalance,1.81,abstract
outrageousness,1.81,abstract
overconfidence,1.81,abstract
permissiveness,1.81,abstract
powerlessness,1.81,abstract
pretension,1.81,abstract
quirkiness,1.81,abstract
rehabilitation,1.81,abstract
repugnance,1.81,abstract
selectivity,1.81,abstract
spiritualism,1.81,abstract
sufficiency,1.81,abstract
truthfulness,1.81,abstract
unsettlement,1.81,abstract
unwieldiness,1.81,abstract
viciousness,1.81,abstract
willingness,1.81,abstract
depending,1.81,abstract
ours,1.81,abstract
abhor,1.81,abstract
allude,1.81,abstract
collaborate,1.81,abstract
confide,1.81,abstract
defame,1.81,abstract
deluding,1.81,abstract
disassociate,1.81,abstract
legitimize,1.81,abstract
misbeliever,1.81,abstract
outclass,1.81,abstract
realizing,1.81,abstract
unsporting,1.81,abstract
acquisitively,1.81,abstract
anticipative,1.81,abstract
antigambling,1.81,abstract
appall,1.81,abstract
claimable,1.81,abstract
constestable,1.81,abstract
contrarily,1.81,abstract
copiousness,1.81,abstract
covetable,1.81,abstract
cuttingly,1.81,abstract
defensibility,1.81,abstract
definably,1.81,abstract
derogative,1.81,abstract
disjunction,1.81,abstract
dispersive,1.81,abstract
disrespectfulness,1.81,abstract
dissatisfiedly,1.81,abstract
distastefully,1.81,abstract
distortedness,1.81,abstract
doubtfulness,1.81,abstract
egocentricity,1.81,abstract
exhaustiveness,1.81,abstract
extremeness,1.81,abstract
fertileness,1.81,abstract
fictitiousness,1.81,abstract
foolhardiness,1.81,abstract
forwardness,1.81,abstract
functionless,1.81,abstract
genialness,1.81,abstract
globularity,1.81,abstract
go for,1.81,abstract
gratuitousness,1.81,abstract
guardedness,1.81,abstract
heretically,1.81,abstract
hypnotically,1.81,abstract
illuminatingly,1.81,abstract
immaculateness,1.81,abstract
immanent,1.81,abstract
impolitely,1.81,abstract
inapprehension,1.81,abstract
incorruptibly,1.81,abstract
infamousness,1.81,abstract
inspectorial,1.81,abstract
introducible,1.81,abstract
irrecognizable,1.81,abstract
irrelative,1.81,abstract
liberalistic,1.81,abstract
manageably,1.81,abstract
misadministration,1.81,abstract
nonfigurative,1.81,abstract
nonobligatory,1.81,abstract
oppositeness,1.81,abstract
popularization,1.81,abstract
populism,1.81,abstract
pragmatics,1.81,abstract
propositional,1.81,abstract
prudishly,1.81,abstract
reconcilability,1.81,abstract
resonantly,1.81,abstract
responsively,1.81,abstract
short term,1.81,abstract
sportiness,1.81,abstract
starkness,1.81,abstract
succulently,1.81,abstract
suggestiveness,1.81,abstract
suppressible,1.81,abstract
terminological,1.81,abstract
thenceforward,1.81,abstract
unassertiveness,1.81,abstract
unassumingly,1.81,abstract
unaudited,1.81,abstract
unchallengeable,1.81,abstract
unconscientiously,1.81,abstract
undemonstratively,1.81,abstract
underperformance,1.81,abstract
undertrained,1.81,abstract
undeservingly,1.81,abstract
undesignated,1.81,abstract
unexacting,1.81,abstract
unfatherly,1.81,abstract
unmentionably,1.81,abstract
unpayable,1.81,abstract
unprofessed,1.81,abstract
unserviceable,1.81,abstract
vulgarizer,1.81,abstract
well meaning,1.81,abstract
alleged,1.82,abstract
comprehensible,1.82,abstract
comprehensive,1.82,abstract
convoluted,1.82,abstract
devilish,1.82,abstract
diversionary,1.82,abstract
dutiful,1.82,abstract
efficient,1.82,abstract
endless,1.82,abstract
estranged,1.82,abstract
grim,1.82,abstract
illegitimate,1.82,abstract
imaginative,1.82,abstract
incompatible,1.82,abstract
masterly,1.82,abstract
nonsensical,1.82,abstract
preconceived,1.82,abstract
quieter,1.82,abstract
regrettable,1.82,abstract
semantic,1.82,abstract
spectacular,1.82,abstract
troubled,1.82,abstract
unlikable,1.82,abstract
unsubstantiated,1.82,abstract
veritable,1.82,abstract
wary,1.82,abstract
wonderful,1.82,abstract
assuredly,1.82,abstract
contemptuously,1.82,abstract
fittingly,1.82,abstract
fraternally,1.82,abstract
grandly,1.82,abstract
indirectly,1.82,abstract
nostalgically,1.82,abstract
notoriously,1.82,abstract
obviously,1.82,abstract
pompously,1.82,abstract
afore,1.82,abstract
gregarious,1.82,abstract
aspect,1.82,abstract
contempt,1.82,abstract
convolution,1.82,abstract
dissolution,1.82,abstract
forgetfulness,1.82,abstract
fruition,1.82,abstract
hearsay,1.82,abstract
indecisiveness,1.82,abstract
likability,1.82,abstract
mercifulness,1.82,abstract
predicament,1.82,abstract
prevalence,1.82,abstract
riddance,1.82,abstract
sadness,1.82,abstract
straightforwardness,1.82,abstract
thoughtlessness,1.82,abstract
uneasiness,1.82,abstract
vagueness,1.82,abstract
something,1.82,abstract
defraud,1.82,abstract
economize,1.82,abstract
frustrate,1.82,abstract
improve,1.82,abstract
kidding,1.82,abstract
mismanage,1.82,abstract
nix,1.82,abstract
perfecting,1.82,abstract
abidingly,1.82,abstract
accomplishable,1.82,abstract
alienable,1.82,abstract
almightily,1.82,abstract
aloofly,1.82,abstract
amorously,1.82,abstract
analogical,1.82,abstract
analytically,1.82,abstract
barbarically,1.82,abstract
brazenness,1.82,abstract
coeducationally,1.82,abstract
congenially,1.82,abstract
conjuncture,1.82,abstract
courtliness,1.82,abstract
dandily,1.82,abstract
despairingly,1.82,abstract
disdainfully,1.82,abstract
dozily,1.82,abstract
enthrall,1.82,abstract
falsehearted,1.82,abstract
flourishingly,1.82,abstract
forethoughtfulness,1.82,abstract
fractiously,1.82,abstract
gregariously,1.82,abstract
haltingness,1.82,abstract
hellishness,1.82,abstract
highfaluting,1.82,abstract
ill advised,1.82,abstract
inadmissibly,1.82,abstract
incompatibleness,1.82,abstract
intensification,1.82,abstract
limitlessly,1.82,abstract
methodologically,1.82,abstract
nonexpendable,1.82,abstract
nonirritating,1.82,abstract
passiveness,1.82,abstract
powerlessly,1.82,abstract
prankish,1.82,abstract
presumptuously,1.82,abstract
provokingly,1.82,abstract
referable,1.82,abstract
reminiscent of,1.82,abstract
sacrificially,1.82,abstract
scholarliness,1.82,abstract
sensitiveness,1.82,abstract
spiritism,1.82,abstract
subprime,1.82,abstract
unplayable,1.82,abstract
unstressed,1.82,abstract
unthinkingly,1.82,abstract
unvaryingly,1.82,abstract
dismissiveness,1.83,abstract
advanced,1.83,abstract
affluent,1.83,abstract
apocalyptic,1.83,abstract
archetypal,1.83,abstract
avowed,1.83,abstract
awesome,1.83,abstract
baneful,1.83,abstract
consequent,1.83,abstract
definitive,1.83,abstract
discouraging,1.83,abstract
discourteous,1.83,abstract
distasteful,1.83,abstract
heretical,1.83,abstract
inattentive,1.83,abstract
inquisitive,1.83,abstract
interrogatory,1.83,abstract
irksome,1.83,abstract
lonesome,1.83,abstract
nameless,1.83,abstract
nationalistic,1.83,abstract
natured,1.83,abstract
peacemaking,1.83,abstract
pervasive,1.83,abstract
political,1.83,abstract
preliminary,1.83,abstract
prevailing,1.83,abstract
prevalent,1.83,abstract
proslavery,1.83,abstract
reliant,1.83,abstract
resistant,1.83,abstract
screwy,1.83,abstract
sexist,1.83,abstract
smug,1.83,abstract
standard,1.83,abstract
stately,1.83,abstract
supernormal,1.83,abstract
uncommitted,1.83,abstract
uncontestable,1.83,abstract
undecided,1.83,abstract
undirected,1.83,abstract
unencumbered,1.83,abstract
unfamiliar,1.83,abstract
unforeseen,1.83,abstract
unimportant,1.83,abstract
unpunctual,1.83,abstract
unreliable,1.83,abstract
untraced,1.83,abstract
unwavering,1.83,abstract
wrong,1.83,abstract
acutely,1.83,abstract
also,1.83,abstract
biometrically,1.83,abstract
contritely,1.83,abstract
deliriously,1.83,abstract
deplorably,1.83,abstract
graciously,1.83,abstract
harmoniously,1.83,abstract
heroically,1.83,abstract
incognito,1.83,abstract
insanely,1.83,abstract
linguistically,1.83,abstract
loyally,1.83,abstract
magnificently,1.83,abstract
maidenly,1.83,abstract
meaningfully,1.83,abstract
normally,1.83,abstract
noticeably,1.83,abstract
productively,1.83,abstract
scarcely,1.83,abstract
scornfully,1.83,abstract
simply,1.83,abstract
skillfully,1.83,abstract
telepathically,1.83,abstract
temporally,1.83,abstract
therewith,1.83,abstract
unjustifiably,1.83,abstract
voluntarily,1.83,abstract
wrongly,1.83,abstract
whoa,1.83,abstract
yuck,1.83,abstract
maleficent,1.83,abstract
acclimatization,1.83,abstract
affront,1.83,abstract
basis,1.83,abstract
calmness,1.83,abstract
constancy,1.83,abstract
contemplation,1.83,abstract
debut,1.83,abstract
diabolism,1.83,abstract
directionality,1.83,abstract
disdain,1.83,abstract
enrichment,1.83,abstract
esteem,1.83,abstract
fairness,1.83,abstract
fascism,1.83,abstract
humdinger,1.83,abstract
impoliteness,1.83,abstract
inexperience,1.83,abstract
invalidation,1.83,abstract
letdown,1.83,abstract
lonesomeness,1.83,abstract
magnificence,1.83,abstract
mightiness,1.83,abstract
misgiving,1.83,abstract
nostalgia,1.83,abstract
overcompensation,1.83,abstract
pacifism,1.83,abstract
prerogative,1.83,abstract
psychophysiology,1.83,abstract
reintegration,1.83,abstract
reliability,1.83,abstract
sanctimony,1.83,abstract
tendency,1.83,abstract
unreasonableness,1.83,abstract
unseemliness,1.83,abstract
afford,1.83,abstract
alienate,1.83,abstract
appraising,1.83,abstract
compel,1.83,abstract
compromising,1.83,abstract
conform,1.83,abstract
daunt,1.83,abstract
decided,1.83,abstract
denounce,1.83,abstract
disarming,1.83,abstract
disparage,1.83,abstract
hypothesize,1.83,abstract
incorporated,1.83,abstract
known,1.83,abstract
politicize,1.83,abstract
prove,1.83,abstract
sensationalize,1.83,abstract
subvert,1.83,abstract
surmount,1.83,abstract
undeserving,1.83,abstract
antimonarchical,1.83,abstract
antisemitism,1.83,abstract
bastardly,1.83,abstract
beseechingly,1.83,abstract
common sense,1.83,abstract
communicativeness,1.83,abstract
constructiveness,1.83,abstract
contradictious,1.83,abstract
courteousness,1.83,abstract
damagingly,1.83,abstract
despiser,1.83,abstract
disappointingly,1.83,abstract
distractedness,1.83,abstract
essentiality,1.83,abstract
exaltedly,1.83,abstract
exhaustible,1.83,abstract
explorative,1.83,abstract
farness,1.83,abstract
forgivably,1.83,abstract
forlornness,1.83,abstract
formalization,1.83,abstract
frazzling,1.83,abstract
genuineness,1.83,abstract
guileful,1.83,abstract
helpfulness,1.83,abstract
imaginativeness,1.83,abstract
imperishably,1.83,abstract
impracticalness,1.83,abstract
incitingly,1.83,abstract
indulgenced,1.83,abstract
interestedly,1.83,abstract
interspatial,1.83,abstract
irreconcilably,1.83,abstract
irretrievableness,1.83,abstract
irrevocableness,1.83,abstract
lendable,1.83,abstract
liberalist,1.83,abstract
noncompetitively,1.83,abstract
nonintellectual,1.83,abstract
nonrealistic,1.83,abstract
numberless,1.83,abstract
overarching,1.83,abstract
profaneness,1.83,abstract
psychobiology,1.83,abstract
recentralize,1.83,abstract
repugnantly,1.83,abstract
restrictedness,1.83,abstract
reversibility,1.83,abstract
sereneness,1.83,abstract
sufferable,1.83,abstract
synergism,1.83,abstract
trainable,1.83,abstract
transformability,1.83,abstract
unauthentic,1.83,abstract
unclassifiable,1.83,abstract
uncontrollability,1.83,abstract
unexpressive,1.83,abstract
unfussy,1.83,abstract
unitary,1.83,abstract
unknowably,1.83,abstract
unnoticeably,1.83,abstract
unresisting,1.83,abstract
verifiably,1.83,abstract
workableness,1.83,abstract
ceaseless,1.84,abstract
confusing,1.84,abstract
foolish,1.84,abstract
insecure,1.84,abstract
interpretative,1.84,abstract
modernistic,1.84,abstract
pragmatic,1.84,abstract
reductive,1.84,abstract
unpleasing,1.84,abstract
unremitting,1.84,abstract
awkwardly,1.84,abstract
entertainingly,1.84,abstract
extremely,1.84,abstract
feelingly,1.84,abstract
incontrovertibly,1.84,abstract
persistently,1.84,abstract
petulantly,1.84,abstract
suddenly,1.84,abstract
unconvincingly,1.84,abstract
abusiveness,1.84,abstract
assumption,1.84,abstract
awareness,1.84,abstract
circumspection,1.84,abstract
eccentricity,1.84,abstract
estrangement,1.84,abstract
foulness,1.84,abstract
generosity,1.84,abstract
implementation,1.84,abstract
inheritability,1.84,abstract
insubordination,1.84,abstract
levelheadedness,1.84,abstract
mismanagement,1.84,abstract
permanence,1.84,abstract
perpetuity,1.84,abstract
preparedness,1.84,abstract
rapport,1.84,abstract
temptation,1.84,abstract
variance,1.84,abstract
from,1.84,abstract
admired,1.84,abstract
bettering,1.84,abstract
bungle,1.84,abstract
defray,1.84,abstract
detoxify,1.84,abstract
entail,1.84,abstract
mused,1.84,abstract
occur,1.84,abstract
surmised,1.84,abstract
unafraid,1.84,abstract
alienability,1.84,abstract
arguable,1.84,abstract
argumentativeness,1.84,abstract
bamboozlement,1.84,abstract
befuddlement,1.84,abstract
clairvoyantly,1.84,abstract
decentralize,1.84,abstract
delocalize,1.84,abstract
departmentalism,1.84,abstract
depreciatory,1.84,abstract
devitalized,1.84,abstract
dialectically,1.84,abstract
divineness,1.84,abstract
divisionally,1.84,abstract
everlastingness,1.84,abstract
excitableness,1.84,abstract
formulize,1.84,abstract
giftedness,1.84,abstract
illiterately,1.84,abstract
inceptively,1.84,abstract
incisiveness,1.84,abstract
incongruousness,1.84,abstract
informatively,1.84,abstract
innumerous,1.84,abstract
killingly,1.84,abstract
knowledgeably,1.84,abstract
misbelieve,1.84,abstract
multiplicatively,1.84,abstract
municipalize,1.84,abstract
nonresistance,1.84,abstract
obtrusiveness,1.84,abstract
overprotection,1.84,abstract
perceptional,1.84,abstract
presumptively,1.84,abstract
prevailingly,1.84,abstract
resolvability,1.84,abstract
reticulate,1.84,abstract
revisal,1.84,abstract
showiness,1.84,abstract
stuffily,1.84,abstract
translational,1.84,abstract
unendorsed,1.84,abstract
uninterestingly,1.84,abstract
untradeable,1.84,abstract
viscerally,1.84,abstract
voguish,1.84,abstract
wrathfulness,1.84,abstract
adaptable,1.85,abstract
astute,1.85,abstract
bothersome,1.85,abstract
breathtaking,1.85,abstract
convenient,1.85,abstract
convincing,1.85,abstract
customary,1.85,abstract
demeaning,1.85,abstract
devoid,1.85,abstract
disadvantaged,1.85,abstract
discretionary,1.85,abstract
disinterested,1.85,abstract
disparaging,1.85,abstract
fiscal,1.85,abstract
gifted,1.85,abstract
glorious,1.85,abstract
heroic,1.85,abstract
ideological,1.85,abstract
improbable,1.85,abstract
individualistic,1.85,abstract
lingering,1.85,abstract
macroeconomic,1.85,abstract
naive,1.85,abstract
natural,1.85,abstract
nefarious,1.85,abstract
nervous,1.85,abstract
occasional,1.85,abstract
polite,1.85,abstract
ravenous,1.85,abstract
regressive,1.85,abstract
respectable,1.85,abstract
riveting,1.85,abstract
sorrowing,1.85,abstract
subdominant,1.85,abstract
superficial,1.85,abstract
superfluous,1.85,abstract
tactless,1.85,abstract
transformational,1.85,abstract
unabated,1.85,abstract
unassuming,1.85,abstract
uncharacteristic,1.85,abstract
uncooperative,1.85,abstract
undefended,1.85,abstract
underprivileged,1.85,abstract
understandable,1.85,abstract
unearthly,1.85,abstract
unendurable,1.85,abstract
unenlightened,1.85,abstract
ungraceful,1.85,abstract
unhallowed,1.85,abstract
unhindered,1.85,abstract
unmannered,1.85,abstract
unmusical,1.85,abstract
unprofessional,1.85,abstract
unsociable,1.85,abstract
unsupportable,1.85,abstract
callously,1.85,abstract
classically,1.85,abstract
crazily,1.85,abstract
disturbingly,1.85,abstract
eerily,1.85,abstract
erroneously,1.85,abstract
firstly,1.85,abstract
injudiciously,1.85,abstract
oftentimes,1.85,abstract
passably,1.85,abstract
socially,1.85,abstract
therapeutically,1.85,abstract
whilst,1.85,abstract
accuracy,1.85,abstract
antigovernment,1.85,abstract
approximation,1.85,abstract
aversion,1.85,abstract
backlash,1.85,abstract
coefficient,1.85,abstract
colonialism,1.85,abstract
connectedness,1.85,abstract
crudeness,1.85,abstract
designation,1.85,abstract
disheartening,1.85,abstract
displeasure,1.85,abstract
divination,1.85,abstract
exception,1.85,abstract
expectancy,1.85,abstract
freewill,1.85,abstract
geniality,1.85,abstract
geopolitics,1.85,abstract
humanities,1.85,abstract
illegibility,1.85,abstract
impracticality,1.85,abstract
indifference,1.85,abstract
liberty,1.85,abstract
meaning,1.85,abstract
morale,1.85,abstract
narcissism,1.85,abstract
nuance,1.85,abstract
ordinariness,1.85,abstract
presumption,1.85,abstract
reassurance,1.85,abstract
relenting,1.85,abstract
sanity,1.85,abstract
secession,1.85,abstract
sin,1.85,abstract
suspense,1.85,abstract
synchronicity,1.85,abstract
unconstitutionality,1.85,abstract
valor,1.85,abstract
virility,1.85,abstract
wannabe,1.85,abstract
whimsy,1.85,abstract
whomever,1.85,abstract
absolve,1.85,abstract
admitted,1.85,abstract
approve,1.85,abstract
based,1.85,abstract
be,1.85,abstract
begone,1.85,abstract
came,1.85,abstract
chickenhearted,1.85,abstract
conceptualize,1.85,abstract
contemporize,1.85,abstract
convince,1.85,abstract
enriching,1.85,abstract
evaluate,1.85,abstract
finagle,1.85,abstract
forebear,1.85,abstract
forfeits,1.85,abstract
intended,1.85,abstract
intrigued,1.85,abstract
marginalize,1.85,abstract
misunderstand,1.85,abstract
perturb,1.85,abstract
revolutionize,1.85,abstract
scrutinize,1.85,abstract
allusiveness,1.85,abstract
alternativeness,1.85,abstract
amendable,1.85,abstract
appetizingly,1.85,abstract
behaviorism,1.85,abstract
bountifulness,1.85,abstract
bureaucratize,1.85,abstract
ceremonialism,1.85,abstract
chromatically,1.85,abstract
coercible,1.85,abstract
coerciveness,1.85,abstract
commandingly,1.85,abstract
commerciality,1.85,abstract
contentedness,1.85,abstract
counteraccusation,1.85,abstract
diabolicalness,1.85,abstract
disdainfulness,1.85,abstract
dismissingly,1.85,abstract
displeasingly,1.85,abstract
dividedness,1.85,abstract
doctorial,1.85,abstract
doubtable,1.85,abstract
dreamlessly,1.85,abstract
embarrassedly,1.85,abstract
employability,1.85,abstract
encumber,1.85,abstract
episodically,1.85,abstract
equivocally,1.85,abstract
excommunicable,1.85,abstract
explicatory,1.85,abstract
faintheartedly,1.85,abstract
feudalization,1.85,abstract
harassingly,1.85,abstract
hardheartedness,1.85,abstract
hypercritically,1.85,abstract
iconographical,1.85,abstract
idealizer,1.85,abstract
imperatively,1.85,abstract
incontestably,1.85,abstract
indistinctively,1.85,abstract
innumerably,1.85,abstract
inobservance,1.85,abstract
interposing,1.85,abstract
intolerableness,1.85,abstract
justifier,1.85,abstract
languishingly,1.85,abstract
long shot,1.85,abstract
low key,1.85,abstract
misappropriate,1.85,abstract
misdoing,1.85,abstract
narcism,1.85,abstract
naturalness,1.85,abstract
neolithic,1.85,abstract
nonplus,1.85,abstract
notoriousness,1.85,abstract
oppressively,1.85,abstract
outgoingness,1.85,abstract
postclassical,1.85,abstract
relationally,1.85,abstract
resistibility,1.85,abstract
retaliative,1.85,abstract
rightfulness,1.85,abstract
small hours,1.85,abstract
stirringly,1.85,abstract
synonymously,1.85,abstract
territorialize,1.85,abstract
triteness,1.85,abstract
trustfulness,1.85,abstract
tumultuousness,1.85,abstract
unconcluded,1.85,abstract
unconsidered,1.85,abstract
unflaggingly,1.85,abstract
ungenerously,1.85,abstract
ungifted,1.85,abstract
unpitying,1.85,abstract
unproblematic,1.85,abstract
unreformed,1.85,abstract
unscientifically,1.85,abstract
unsubsidized,1.85,abstract
unsuccessfulness,1.85,abstract
untouchably,1.85,abstract
adorable,1.86,abstract
amenable,1.86,abstract
analytical,1.86,abstract
antisocial,1.86,abstract
careful,1.86,abstract
concerned,1.86,abstract
consequential,1.86,abstract
dependable,1.86,abstract
diabolic,1.86,abstract
diplomatic,1.86,abstract
disparate,1.86,abstract
enforceable,1.86,abstract
enterprising,1.86,abstract
explicit,1.86,abstract
hallowed,1.86,abstract
humiliating,1.86,abstract
impressionistic,1.86,abstract
incisive,1.86,abstract
incorruptible,1.86,abstract
indecent,1.86,abstract
influential,1.86,abstract
invincible,1.86,abstract
justifiable,1.86,abstract
kindred,1.86,abstract
loveless,1.86,abstract
magnificent,1.86,abstract
mature,1.86,abstract
meaningless,1.86,abstract
metaphoric,1.86,abstract
nether,1.86,abstract
neurotic,1.86,abstract
nubile,1.86,abstract
overambitious,1.86,abstract
pertinent,1.86,abstract
preachy,1.86,abstract
purposeful,1.86,abstract
quotable,1.86,abstract
reliable,1.86,abstract
ritualistic,1.86,abstract
ritualized,1.86,abstract
strange,1.86,abstract
uncorrupted,1.86,abstract
uneasy,1.86,abstract
unflattering,1.86,abstract
unobtainable,1.86,abstract
unromantic,1.86,abstract
unsatisfied,1.86,abstract
untried,1.86,abstract
uptight,1.86,abstract
worldly,1.86,abstract
wrathful,1.86,abstract
yucky,1.86,abstract
aimlessly,1.86,abstract
appreciatively,1.86,abstract
astronomically,1.86,abstract
biologically,1.86,abstract
ceaselessly,1.86,abstract
certainly,1.86,abstract
conspicuously,1.86,abstract
constitutionally,1.86,abstract
coolly,1.86,abstract
criminally,1.86,abstract
eminently,1.86,abstract
enviously,1.86,abstract
fantastically,1.86,abstract
formally,1.86,abstract
forthrightly,1.86,abstract
gallantly,1.86,abstract
harmlessly,1.86,abstract
heinously,1.86,abstract
immeasurably,1.86,abstract
importantly,1.86,abstract
indiscriminately,1.86,abstract
luxuriantly,1.86,abstract
nutritionally,1.86,abstract
obscenely,1.86,abstract
passionately,1.86,abstract
pitifully,1.86,abstract
primarily,1.86,abstract
primitively,1.86,abstract
queerly,1.86,abstract
resoundingly,1.86,abstract
respectably,1.86,abstract
satisfactorily,1.86,abstract
sensationally,1.86,abstract
suitably,1.86,abstract
superficially,1.86,abstract
supposedly,1.86,abstract
understandably,1.86,abstract
undoubtedly,1.86,abstract
unrelentingly,1.86,abstract
unsubtly,1.86,abstract
why,1.86,abstract
bravo,1.86,abstract
discourteously,1.86,abstract
abolitionism,1.86,abstract
adage,1.86,abstract
adequacy,1.86,abstract
admiration,1.86,abstract
auspices,1.86,abstract
avoidance,1.86,abstract
boringness,1.86,abstract
chauvinism,1.86,abstract
communicability,1.86,abstract
communism,1.86,abstract
complication,1.86,abstract
consideration,1.86,abstract
corruptness,1.86,abstract
deception,1.86,abstract
derivation,1.86,abstract
dread,1.86,abstract
electability,1.86,abstract
faithlessness,1.86,abstract
finesse,1.86,abstract
foreknowledge,1.86,abstract
future,1.86,abstract
gentlemanliness,1.86,abstract
gloom,1.86,abstract
gracefulness,1.86,abstract
hypotheses,1.86,abstract
impulsiveness,1.86,abstract
incompetency,1.86,abstract
irregularity,1.86,abstract
irresistibility,1.86,abstract
ludicrousness,1.86,abstract
mysticism,1.86,abstract
nonintervention,1.86,abstract
originality,1.86,abstract
overrepresentation,1.86,abstract
parallelism,1.86,abstract
phoniness,1.86,abstract
polytheism,1.86,abstract
positivity,1.86,abstract
profitability,1.86,abstract
reckoning,1.86,abstract
sensationalism,1.86,abstract
simplification,1.86,abstract
snappishness,1.86,abstract
soul,1.86,abstract
suspiciousness,1.86,abstract
transference,1.86,abstract
usefulness,1.86,abstract
versus,1.86,abstract
accommodate,1.86,abstract
aggravating,1.86,abstract
assumed,1.86,abstract
comprehend,1.86,abstract
defy,1.86,abstract
demoralize,1.86,abstract
displeasing,1.86,abstract
encroach,1.86,abstract
imply,1.86,abstract
inquiring,1.86,abstract
miscalculate,1.86,abstract
overrate,1.86,abstract
overtax,1.86,abstract
professed,1.86,abstract
reformed,1.86,abstract
unlearn,1.86,abstract
upsetting,1.86,abstract
affectivity,1.86,abstract
alluringly,1.86,abstract
approvable,1.86,abstract
brotherliness,1.86,abstract
captivation,1.86,abstract
conservational,1.86,abstract
designedly,1.86,abstract
disgruntlement,1.86,abstract
disinterestedly,1.86,abstract
disserviceable,1.86,abstract
empathically,1.86,abstract
encouragingly,1.86,abstract
enforceability,1.86,abstract
externalize,1.86,abstract
extraditable,1.86,abstract
furiousness,1.86,abstract
highhandedly,1.86,abstract
honorableness,1.86,abstract
hurtfulness,1.86,abstract
idolization,1.86,abstract
incapableness,1.86,abstract
inconsecutively,1.86,abstract
inexpressively,1.86,abstract
introductive,1.86,abstract
intrusiveness,1.86,abstract
jealousness,1.86,abstract
lousily,1.86,abstract
meddlesomeness,1.86,abstract
memorably,1.86,abstract
monumentalize,1.86,abstract
namelessness,1.86,abstract
nonscientific,1.86,abstract
outdate,1.86,abstract
outspokenly,1.86,abstract
perplexity,1.86,abstract
pettily,1.86,abstract
rectifiable,1.86,abstract
redundantly,1.86,abstract
renormalize,1.86,abstract
reprehensive,1.86,abstract
republicanism,1.86,abstract
revisualization,1.86,abstract
sanctimoniousness,1.86,abstract
scantiness,1.86,abstract
selectiveness,1.86,abstract
solvability,1.86,abstract
spellbind,1.86,abstract
thinkable,1.86,abstract
transgressing,1.86,abstract
transitionally,1.86,abstract
unattractively,1.86,abstract
unfruitfulness,1.86,abstract
unmanufactured,1.86,abstract
unshared,1.86,abstract
untactful,1.86,abstract
vagrantly,1.86,abstract
aspiring,1.87,abstract
celebratory,1.87,abstract
commonsense,1.87,abstract
disproportionate,1.87,abstract
disrespectful,1.87,abstract
edgy,1.87,abstract
emotionless,1.87,abstract
limited,1.87,abstract
obscene,1.87,abstract
positional,1.87,abstract
prominent,1.87,abstract
punctual,1.87,abstract
pure,1.87,abstract
reputable,1.87,abstract
sinful,1.87,abstract
suspicious,1.87,abstract
transitional,1.87,abstract
uncaring,1.87,abstract
uncouth,1.87,abstract
undying,1.87,abstract
universal,1.87,abstract
unresolved,1.87,abstract
unsaved,1.87,abstract
utopian,1.87,abstract
differently,1.87,abstract
fervently,1.87,abstract
firsthand,1.87,abstract
listlessly,1.87,abstract
nauseatingly,1.87,abstract
sternly,1.87,abstract
unawares,1.87,abstract
breakthrough,1.87,abstract
complexity,1.87,abstract
criminality,1.87,abstract
disinformation,1.87,abstract
explanation,1.87,abstract
fidelity,1.87,abstract
impetuousness,1.87,abstract
independence,1.87,abstract
meantime,1.87,abstract
naughtiness,1.87,abstract
percept,1.87,abstract
pity,1.87,abstract
reversion,1.87,abstract
uniqueness,1.87,abstract
wordplay,1.87,abstract
cooperate,1.87,abstract
develop,1.87,abstract
disproven,1.87,abstract
rectified,1.87,abstract
sworn,1.87,abstract
belittlement,1.87,abstract
channelization,1.87,abstract
covertness,1.87,abstract
dejection,1.87,abstract
disharmonize,1.87,abstract
distinguisher,1.87,abstract
greedless,1.87,abstract
implacableness,1.87,abstract
impressibility,1.87,abstract
indiscriminatingly,1.87,abstract
interfuse,1.87,abstract
mistakable,1.87,abstract
obliqueness,1.87,abstract
renewably,1.87,abstract
rogue state,1.87,abstract
uncompetitive,1.87,abstract
undevelopable,1.87,abstract
unfortified,1.87,abstract
unprolific,1.87,abstract
vulnerably,1.87,abstract
abortive,1.88,abstract
admissible,1.88,abstract
analyzable,1.88,abstract
anarchistic,1.88,abstract
apologetic,1.88,abstract
bodiless,1.88,abstract
brainy,1.88,abstract
carefree,1.88,abstract
concise,1.88,abstract
conscientious,1.88,abstract
damnable,1.88,abstract
devoted,1.88,abstract
discreditable,1.88,abstract
dispositional,1.88,abstract
enthralling,1.88,abstract
equitable,1.88,abstract
grievous,1.88,abstract
hallucinatory,1.88,abstract
handy,1.88,abstract
hesitant,1.88,abstract
idiotic,1.88,abstract
illusionary,1.88,abstract
incommunicative,1.88,abstract
incurable,1.88,abstract
infallible,1.88,abstract
insupportable,1.88,abstract
invigorating,1.88,abstract
knowable,1.88,abstract
newsworthy,1.88,abstract
nonchalant,1.88,abstract
nostalgic,1.88,abstract
omniscient,1.88,abstract
ongoing,1.88,abstract
organismic,1.88,abstract
overdramatic,1.88,abstract
overzealous,1.88,abstract
pathological,1.88,abstract
poetic,1.88,abstract
preferential,1.88,abstract
profitless,1.88,abstract
promiscuous,1.88,abstract
proximate,1.88,abstract
psychoneurotic,1.88,abstract
repressed,1.88,abstract
reputed,1.88,abstract
sellable,1.88,abstract
sophisticated,1.88,abstract
sophomoric,1.88,abstract
surmountable,1.88,abstract
symbiotic,1.88,abstract
tenuous,1.88,abstract
unaided,1.88,abstract
uncertain,1.88,abstract
unconfused,1.88,abstract
unemotional,1.88,abstract
unflappable,1.88,abstract
unhittable,1.88,abstract
unlimited,1.88,abstract
unmolested,1.88,abstract
unusable,1.88,abstract
verbose,1.88,abstract
accidently,1.88,abstract
avidly,1.88,abstract
communally,1.88,abstract
consensually,1.88,abstract
contextually,1.88,abstract
frequently,1.88,abstract
further,1.88,abstract
independently,1.88,abstract
inwardly,1.88,abstract
knowingly,1.88,abstract
movingly,1.88,abstract
punctually,1.88,abstract
readily,1.88,abstract
secondarily,1.88,abstract
smugly,1.88,abstract
underhandedly,1.88,abstract
uselessly,1.88,abstract
whence,1.88,abstract
woefully,1.88,abstract
ageism,1.88,abstract
anonymity,1.88,abstract
chivalry,1.88,abstract
colloquialism,1.88,abstract
dysfunction,1.88,abstract
eligibility,1.88,abstract
eloquence,1.88,abstract
enablement,1.88,abstract
exacerbation,1.88,abstract
expressiveness,1.88,abstract
gentility,1.88,abstract
guile,1.88,abstract
hypo,1.88,abstract
individualism,1.88,abstract
indoctrination,1.88,abstract
innuendo,1.88,abstract
irrevocability,1.88,abstract
livelong,1.88,abstract
loco,1.88,abstract
opportunity,1.88,abstract
pessimism,1.88,abstract
predisposition,1.88,abstract
quackery,1.88,abstract
redemption,1.88,abstract
regimentation,1.88,abstract
sacrilege,1.88,abstract
solemnity,1.88,abstract
specificity,1.88,abstract
superego,1.88,abstract
sympathy,1.88,abstract
unmanliness,1.88,abstract
variability,1.88,abstract
atone,1.88,abstract
beseeching,1.88,abstract
bode,1.88,abstract
construe,1.88,abstract
dimwitted,1.88,abstract
doomed,1.88,abstract
familiarize,1.88,abstract
internalize,1.88,abstract
laud,1.88,abstract
liven,1.88,abstract
outfox,1.88,abstract
outguess,1.88,abstract
peevish,1.88,abstract
reacquaint,1.88,abstract
redirect,1.88,abstract
reinitialize,1.88,abstract
scrimped,1.88,abstract
titillating,1.88,abstract
unbeliever,1.88,abstract
violate,1.88,abstract
wearying,1.88,abstract
absentness,1.88,abstract
all along,1.88,abstract
alterability,1.88,abstract
amateurishly,1.88,abstract
appeasable,1.88,abstract
approvingly,1.88,abstract
associatively,1.88,abstract
bloodthirstily,1.88,abstract
coalitional,1.88,abstract
configurative,1.88,abstract
confliction,1.88,abstract
correspondently,1.88,abstract
creditworthy,1.88,abstract
criticalness,1.88,abstract
declarative,1.88,abstract
deferrable,1.88,abstract
definable,1.88,abstract
deliberatively,1.88,abstract
diminutively,1.88,abstract
discerner,1.88,abstract
disciplinarily,1.88,abstract
disestablish,1.88,abstract
disincline,1.88,abstract
distractively,1.88,abstract
enduringness,1.88,abstract
ethnical,1.88,abstract
euphonically,1.88,abstract
everydayness,1.88,abstract
exaltedness,1.88,abstract
exhaustlessness,1.88,abstract
exocentric,1.88,abstract
expansible,1.88,abstract
explicitness,1.88,abstract
faultiness,1.88,abstract
finalization,1.88,abstract
foxily,1.88,abstract
grisliness,1.88,abstract
hardheadedly,1.88,abstract
harmfulness,1.88,abstract
ideality,1.88,abstract
illegitimatize,1.88,abstract
imperfectness,1.88,abstract
inconsecutiveness,1.88,abstract
inconsolableness,1.88,abstract
indirectness,1.88,abstract
inertly,1.88,abstract
inflected,1.88,abstract
inflictive,1.88,abstract
interdependency,1.88,abstract
invalidly,1.88,abstract
investable,1.88,abstract
irretrievability,1.88,abstract
irreversibility,1.88,abstract
lusciousness,1.88,abstract
mischievously,1.88,abstract
modeless,1.88,abstract
mushily,1.88,abstract
nonbeing,1.88,abstract
nonproductively,1.88,abstract
overeagerly,1.88,abstract
palatably,1.88,abstract
perceptually,1.88,abstract
pliancy,1.88,abstract
preordination,1.88,abstract
prolongation,1.88,abstract
pseudonymous,1.88,abstract
queasily,1.88,abstract
questionability,1.88,abstract
reappoint,1.88,abstract
redeemably,1.88,abstract
reductively,1.88,abstract
refutability,1.88,abstract
remedially,1.88,abstract
resistive,1.88,abstract
sacrilegiously,1.88,abstract
spiritlessly,1.88,abstract
stagnantly,1.88,abstract
stingingly,1.88,abstract
subordinately,1.88,abstract
symbolist,1.88,abstract
tellingly,1.88,abstract
temporality,1.88,abstract
timesaving,1.88,abstract
trustiness,1.88,abstract
trustworthiness,1.88,abstract
uncommunicatively,1.88,abstract
unconformity,1.88,abstract
undiscouraged,1.88,abstract
unformulated,1.88,abstract
unhesitating,1.88,abstract
unimpressively,1.88,abstract
unpersuasive,1.88,abstract
unsuppressed,1.88,abstract
vagabondism,1.88,abstract
virulently,1.88,abstract
vulgarization,1.88,abstract
wordlessness,1.88,abstract
worseness,1.88,abstract
abominable,1.89,abstract
artless,1.89,abstract
belated,1.89,abstract
benign,1.89,abstract
competitive,1.89,abstract
conspicuous,1.89,abstract
coveted,1.89,abstract
coy,1.89,abstract
deficient,1.89,abstract
dejected,1.89,abstract
dishonest,1.89,abstract
distressing,1.89,abstract
dogmatic,1.89,abstract
everlasting,1.89,abstract
heartfelt,1.89,abstract
heedless,1.89,abstract
illicit,1.89,abstract
imminent,1.89,abstract
imprudent,1.89,abstract
inartistic,1.89,abstract
indifferent,1.89,abstract
indisputable,1.89,abstract
ingenious,1.89,abstract
irrefutable,1.89,abstract
joyless,1.89,abstract
lofty,1.89,abstract
melancholic,1.89,abstract
moronic,1.89,abstract
noble,1.89,abstract
nonreactive,1.89,abstract
oppressed,1.89,abstract
overriding,1.89,abstract
perceptive,1.89,abstract
perplexing,1.89,abstract
precautionary,1.89,abstract
probationary,1.89,abstract
promising,1.89,abstract
prosecutorial,1.89,abstract
psychosexual,1.89,abstract
remarkable,1.89,abstract
sacramental,1.89,abstract
scandalous,1.89,abstract
sensationalistic,1.89,abstract
shameless,1.89,abstract
spellbinding,1.89,abstract
straightforward,1.89,abstract
stressful,1.89,abstract
stylistic,1.89,abstract
suspenseful,1.89,abstract
thankless,1.89,abstract
unabashed,1.89,abstract
unaccounted,1.89,abstract
unconstrained,1.89,abstract
unemployable,1.89,abstract
unfit,1.89,abstract
unfounded,1.89,abstract
unimpeded,1.89,abstract
unique,1.89,abstract
unloved,1.89,abstract
unprejudiced,1.89,abstract
unrealistic,1.89,abstract
unremorseful,1.89,abstract
unsafe,1.89,abstract
untraditional,1.89,abstract
authentically,1.89,abstract
begrudgingly,1.89,abstract
blissfully,1.89,abstract
elsewhere,1.89,abstract
feloniously,1.89,abstract
fetchingly,1.89,abstract
formidably,1.89,abstract
fully,1.89,abstract
greatly,1.89,abstract
hauntingly,1.89,abstract
herein,1.89,abstract
indignantly,1.89,abstract
inspirationally,1.89,abstract
nearly,1.89,abstract
okay,1.89,abstract
politically,1.89,abstract
recently,1.89,abstract
regrettably,1.89,abstract
sadistically,1.89,abstract
scarily,1.89,abstract
significantly,1.89,abstract
spatially,1.89,abstract
strikingly,1.89,abstract
superbly,1.89,abstract
tenderly,1.89,abstract
unhurriedly,1.89,abstract
unspeakably,1.89,abstract
unutterably,1.89,abstract
unwisely,1.89,abstract
yeah,1.89,abstract
adeptness,1.89,abstract
amazement,1.89,abstract
awe,1.89,abstract
codependency,1.89,abstract
compassion,1.89,abstract
conservatism,1.89,abstract
desirability,1.89,abstract
disbelief,1.89,abstract
disqualification,1.89,abstract
diversification,1.89,abstract
endangerment,1.89,abstract
fascination,1.89,abstract
innocence,1.89,abstract
integration,1.89,abstract
intellectuality,1.89,abstract
irrelevancy,1.89,abstract
loathing,1.89,abstract
longshot,1.89,abstract
omission,1.89,abstract
parable,1.89,abstract
proneness,1.89,abstract
propensity,1.89,abstract
reappraisal,1.89,abstract
relinquishment,1.89,abstract
reminiscences,1.89,abstract
rigorousness,1.89,abstract
solvency,1.89,abstract
thriftiness,1.89,abstract
unpredictability,1.89,abstract
validity,1.89,abstract
vibe,1.89,abstract
yesteryear,1.89,abstract
like,1.89,abstract
pursuant,1.89,abstract
worth,1.89,abstract
attest,1.89,abstract
begrudge,1.89,abstract
bolster,1.89,abstract
comprise,1.89,abstract
demonize,1.89,abstract
depend,1.89,abstract
depreciate,1.89,abstract
desensitize,1.89,abstract
disappoint,1.89,abstract
disapprove,1.89,abstract
disturbed,1.89,abstract
expect,1.89,abstract
extenuating,1.89,abstract
mortifying,1.89,abstract
rematerialize,1.89,abstract
simplify,1.89,abstract
admiringly,1.89,abstract
agitatedly,1.89,abstract
apocalyptical,1.89,abstract
arrestingly,1.89,abstract
at odds,1.89,abstract
beautifulness,1.89,abstract
braininess,1.89,abstract
brainlessly,1.89,abstract
chivalrousness,1.89,abstract
civilizable,1.89,abstract
classifiable,1.89,abstract
comfortingly,1.89,abstract
communicatory,1.89,abstract
deceptiveness,1.89,abstract
declaratively,1.89,abstract
declassify,1.89,abstract
discernibleness,1.89,abstract
discountable,1.89,abstract
disproportionable,1.89,abstract
disregardful,1.89,abstract
dogmatism,1.89,abstract
effortful,1.89,abstract
enthrallingly,1.89,abstract
extendibility,1.89,abstract
foremanship,1.89,abstract
gleesome,1.89,abstract
hospitably,1.89,abstract
impassively,1.89,abstract
impeachability,1.89,abstract
incomprehensibly,1.89,abstract
inconsolability,1.89,abstract
indiscriminating,1.89,abstract
internalization,1.89,abstract
invigoration,1.89,abstract
lordliness,1.89,abstract
maddeningly,1.89,abstract
marketwise,1.89,abstract
minimalism,1.89,abstract
misadvise,1.89,abstract
neglectfully,1.89,abstract
nondependent,1.89,abstract
nonstrategic,1.89,abstract
outraging,1.89,abstract
overspecialize,1.89,abstract
perkily,1.89,abstract
permissibly,1.89,abstract
predatorily,1.89,abstract
prequalification,1.89,abstract
preventability,1.89,abstract
propositionally,1.89,abstract
renegotiable,1.89,abstract
reproachfully,1.89,abstract
retrospection,1.89,abstract
serviceability,1.89,abstract
spookily,1.89,abstract
starstruck,1.89,abstract
tranquillity,1.89,abstract
trustily,1.89,abstract
uncouthness,1.89,abstract
uncustomary,1.89,abstract
unfeasibility,1.89,abstract
unimportantly,1.89,abstract
unprofessionalism,1.89,abstract
unromantically,1.89,abstract
unswervingly,1.89,abstract
unyieldingness,1.89,abstract
worryingly,1.89,abstract
accurate,1.9,abstract
almighty,1.9,abstract
catty,1.9,abstract
conformational,1.9,abstract
constructive,1.9,abstract
departmental,1.9,abstract
disagreeable,1.9,abstract
egotistic,1.9,abstract
elusive,1.9,abstract
endearing,1.9,abstract
exploratory,1.9,abstract
fearless,1.9,abstract
gradual,1.9,abstract
harmless,1.9,abstract
inexperienced,1.9,abstract
insignificant,1.9,abstract
leisurely,1.9,abstract
luckless,1.9,abstract
macho,1.9,abstract
meticulous,1.9,abstract
moralistic,1.9,abstract
needful,1.9,abstract
objectionable,1.9,abstract
optional,1.9,abstract
overconfident,1.9,abstract
patriotic,1.9,abstract
premarital,1.9,abstract
preventable,1.9,abstract
provocative,1.9,abstract
pseudo,1.9,abstract
sensuous,1.9,abstract
slight,1.9,abstract
sorry,1.9,abstract
staunch,1.9,abstract
sufficient,1.9,abstract
super,1.9,abstract
tranquil,1.9,abstract
truthful,1.9,abstract
unanswerable,1.9,abstract
unequaled,1.9,abstract
unintended,1.9,abstract
usual,1.9,abstract
warmhearted,1.9,abstract
academically,1.9,abstract
briefly,1.9,abstract
carelessly,1.9,abstract
chiefly,1.9,abstract
conclusively,1.9,abstract
confidentially,1.9,abstract
correspondingly,1.9,abstract
depressingly,1.9,abstract
formerly,1.9,abstract
irreparably,1.9,abstract
liberally,1.9,abstract
mutually,1.9,abstract
outrageously,1.9,abstract
periodically,1.9,abstract
predictably,1.9,abstract
proudly,1.9,abstract
randomly,1.9,abstract
selectively,1.9,abstract
smashingly,1.9,abstract
technically,1.9,abstract
unashamedly,1.9,abstract
unjustly,1.9,abstract
violently,1.9,abstract
publishable,1.9,abstract
afterlife,1.9,abstract
choice,1.9,abstract
crankiness,1.9,abstract
decisiveness,1.9,abstract
desperation,1.9,abstract
dicey,1.9,abstract
difficulty,1.9,abstract
dishonesty,1.9,abstract
divinity,1.9,abstract
egotism,1.9,abstract
exoneration,1.9,abstract
familiarization,1.9,abstract
frankness,1.9,abstract
futurist,1.9,abstract
idleness,1.9,abstract
inertness,1.9,abstract
inflexibility,1.9,abstract
longevity,1.9,abstract
mischief,1.9,abstract
moderation,1.9,abstract
nonaggression,1.9,abstract
openness,1.9,abstract
optimist,1.9,abstract
perfection,1.9,abstract
persuasion,1.9,abstract
premonition,1.9,abstract
pretentiousness,1.9,abstract
quantum,1.9,abstract
reassignment,1.9,abstract
reinterpretation,1.9,abstract
satisfaction,1.9,abstract
similarity,1.9,abstract
solidarity,1.9,abstract
supremacy,1.9,abstract
trickery,1.9,abstract
victimization,1.9,abstract
its,1.9,abstract
civilize,1.9,abstract
commiserate,1.9,abstract
correlated,1.9,abstract
discourage,1.9,abstract
disregard,1.9,abstract
extenuate,1.9,abstract
forbidden,1.9,abstract
issuing,1.9,abstract
maturing,1.9,abstract
recollect,1.9,abstract
reinstate,1.9,abstract
reoccur,1.9,abstract
surpassing,1.9,abstract
undermine,1.9,abstract
acclimation,1.9,abstract
adjustably,1.9,abstract
antipatriotic,1.9,abstract
antipoverty,1.9,abstract
approachability,1.9,abstract
artfulness,1.9,abstract
by far,1.9,abstract
cheerlessly,1.9,abstract
cockily,1.9,abstract
comparably,1.9,abstract
concurrency,1.9,abstract
controllably,1.9,abstract
dead air,1.9,abstract
declinable,1.9,abstract
defectively,1.9,abstract
difficultness,1.9,abstract
distortedly,1.9,abstract
downheartedly,1.9,abstract
dynamically,1.9,abstract
evenhandedly,1.9,abstract
fatefulness,1.9,abstract
gentlewomanly,1.9,abstract
glowingly,1.9,abstract
homeliness,1.9,abstract
horridly,1.9,abstract
identity crisis,1.9,abstract
inextricability,1.9,abstract
maliciousness,1.9,abstract
melodramatically,1.9,abstract
mundanely,1.9,abstract
predefine,1.9,abstract
put off,1.9,abstract
refutable,1.9,abstract
remorsefulness,1.9,abstract
slyness,1.9,abstract
symptomless,1.9,abstract
unadjusted,1.9,abstract
undiversified,1.9,abstract
unenhanced,1.9,abstract
uninterestedly,1.9,abstract
dissolute,1.91,abstract
potential,1.91,abstract
shifty,1.91,abstract
unalike,1.91,abstract
undoable,1.91,abstract
unpleasant,1.91,abstract
better,1.91,abstract
blessedly,1.91,abstract
cavalierly,1.91,abstract
exceedingly,1.91,abstract
flagrantly,1.91,abstract
lamentably,1.91,abstract
vain,1.91,abstract
shucks,1.91,abstract
everyway,1.91,abstract
heinousness,1.91,abstract
informality,1.91,abstract
misinterpretation,1.91,abstract
proliferation,1.91,abstract
ragging,1.91,abstract
strictness,1.91,abstract
underrating,1.91,abstract
vamped,1.91,abstract
accountably,1.91,abstract
accusable,1.91,abstract
comprehensibleness,1.91,abstract
conceptualism,1.91,abstract
conjugational,1.91,abstract
contradictable,1.91,abstract
dictatorially,1.91,abstract
disciplinable,1.91,abstract
droningly,1.91,abstract
endways,1.91,abstract
evolutionally,1.91,abstract
exhaustibility,1.91,abstract
expeditiousness,1.91,abstract
extenuation,1.91,abstract
extrinsic,1.91,abstract
factorize,1.91,abstract
fortunateness,1.91,abstract
heterogenic,1.91,abstract
hypocritically,1.91,abstract
indefensibility,1.91,abstract
ingeniousness,1.91,abstract
intuitionism,1.91,abstract
invitingness,1.91,abstract
palpably,1.91,abstract
psychosomatics,1.91,abstract
repellently,1.91,abstract
scandalously,1.91,abstract
shiftily,1.91,abstract
acute,1.92,abstract
awful,1.92,abstract
bribable,1.92,abstract
coincident,1.92,abstract
communistic,1.92,abstract
considerate,1.92,abstract
declaratory,1.92,abstract
desirable,1.92,abstract
disappointed,1.92,abstract
dishonorable,1.92,abstract
featherbrained,1.92,abstract
felonious,1.92,abstract
foregoing,1.92,abstract
furthermost,1.92,abstract
gallant,1.92,abstract
illusory,1.92,abstract
inexhaustible,1.92,abstract
inhospitable,1.92,abstract
knowledgeable,1.92,abstract
lifelong,1.92,abstract
marginal,1.92,abstract
mettlesome,1.92,abstract
mundane,1.92,abstract
negligent,1.92,abstract
omnipotent,1.92,abstract
overspecialized,1.92,abstract
peaceable,1.92,abstract
perilous,1.92,abstract
plaintive,1.92,abstract
protracted,1.92,abstract
purer,1.92,abstract
quantitative,1.92,abstract
reconciliatory,1.92,abstract
resultant,1.92,abstract
salutary,1.92,abstract
scintillating,1.92,abstract
selfish,1.92,abstract
shrewd,1.92,abstract
slumberous,1.92,abstract
spiritless,1.92,abstract
steadfast,1.92,abstract
tempestuous,1.92,abstract
thrifty,1.92,abstract
uncompromised,1.92,abstract
underutilized,1.92,abstract
unfavorable,1.92,abstract
unrepresented,1.92,abstract
unsentimental,1.92,abstract
unstated,1.92,abstract
unvanquished,1.92,abstract
unworkable,1.92,abstract
vanquishing,1.92,abstract
vehement,1.92,abstract
affectedly,1.92,abstract
affectionately,1.92,abstract
alternatively,1.92,abstract
collaterally,1.92,abstract
coyly,1.92,abstract
crossly,1.92,abstract
dashingly,1.92,abstract
democratically,1.92,abstract
exclusively,1.92,abstract
expensively,1.92,abstract
fiscally,1.92,abstract
freakishly,1.92,abstract
helplessly,1.92,abstract
hurriedly,1.92,abstract
indecently,1.92,abstract
invariably,1.92,abstract
involuntarily,1.92,abstract
irately,1.92,abstract
jubilantly,1.92,abstract
patiently,1.92,abstract
platonically,1.92,abstract
profanely,1.92,abstract
steadfastly,1.92,abstract
stiflingly,1.92,abstract
strangely,1.92,abstract
surprisingly,1.92,abstract
systemically,1.92,abstract
uncannily,1.92,abstract
abatement,1.92,abstract
agoraphobia,1.92,abstract
allure,1.92,abstract
amends,1.92,abstract
anarchism,1.92,abstract
braveness,1.92,abstract
corroboration,1.92,abstract
credence,1.92,abstract
daintiness,1.92,abstract
deference,1.92,abstract
dimensionality,1.92,abstract
dissemination,1.92,abstract
dystopia,1.92,abstract
emotionalism,1.92,abstract
evolvement,1.92,abstract
folly,1.92,abstract
forbearance,1.92,abstract
formulation,1.92,abstract
freelance,1.92,abstract
fretfulness,1.92,abstract
function,1.92,abstract
funk,1.92,abstract
indisposition,1.92,abstract
inexpensiveness,1.92,abstract
interfaith,1.92,abstract
interrogative,1.92,abstract
misrule,1.92,abstract
negation,1.92,abstract
perseverance,1.92,abstract
prudery,1.92,abstract
rededication,1.92,abstract
reformer,1.92,abstract
regression,1.92,abstract
scruple,1.92,abstract
smalltime,1.92,abstract
sophistication,1.92,abstract
subjugation,1.92,abstract
terseness,1.92,abstract
totality,1.92,abstract
touristy,1.92,abstract
trendiness,1.92,abstract
understanding,1.92,abstract
whatnot,1.92,abstract
wistfulness,1.92,abstract
zillionth,1.92,abstract
been,1.92,abstract
belonging,1.92,abstract
compounding,1.92,abstract
decide,1.92,abstract
defer,1.92,abstract
diagnose,1.92,abstract
enlisted,1.92,abstract
entranced,1.92,abstract
forgive,1.92,abstract
ingrained,1.92,abstract
introspect,1.92,abstract
liking,1.92,abstract
overwhelmed,1.92,abstract
perpetuate,1.92,abstract
recommit,1.92,abstract
reconfirm,1.92,abstract
renegotiate,1.92,abstract
triumphing,1.92,abstract
underbid,1.92,abstract
accumulativeness,1.92,abstract
allegeable,1.92,abstract
allowably,1.92,abstract
amorousness,1.92,abstract
annotative,1.92,abstract
applicatory,1.92,abstract
ascendency,1.92,abstract
atomically,1.92,abstract
bewilderingly,1.92,abstract
biogenetically,1.92,abstract
bizarreness,1.92,abstract
boomingly,1.92,abstract
braggingly,1.92,abstract
candidateship,1.92,abstract
cherishingly,1.92,abstract
claimless,1.92,abstract
common good,1.92,abstract
comprehendible,1.92,abstract
conceivableness,1.92,abstract
consolable,1.92,abstract
consolingly,1.92,abstract
counterhypothesis,1.92,abstract
countertype,1.92,abstract
cumulatively,1.92,abstract
deafly,1.92,abstract
defectiveness,1.92,abstract
definability,1.92,abstract
degenerateness,1.92,abstract
derivable,1.92,abstract
desirableness,1.92,abstract
destituteness,1.92,abstract
detestation,1.92,abstract
disunion,1.92,abstract
elegancy,1.92,abstract
equivalence,1.92,abstract
extortive,1.92,abstract
extraordinariness,1.92,abstract
farsightedly,1.92,abstract
fatalistically,1.92,abstract
favorableness,1.92,abstract
flirtingly,1.92,abstract
fraternalism,1.92,abstract
gloatingly,1.92,abstract
haggardness,1.92,abstract
haphazardness,1.92,abstract
haughtily,1.92,abstract
hyperirritability,1.92,abstract
immediateness,1.92,abstract
impenetrably,1.92,abstract
inadvisability,1.92,abstract
inconquerable,1.92,abstract
incontestability,1.92,abstract
incumbency,1.92,abstract
inexhaustibleness,1.92,abstract
infuriation,1.92,abstract
intactness,1.92,abstract
intelligibly,1.92,abstract
interblend,1.92,abstract
interrogatively,1.92,abstract
jubilatory,1.92,abstract
logicality,1.92,abstract
lucratively,1.92,abstract
multifariously,1.92,abstract
noncommunist,1.92,abstract
noncriminal,1.92,abstract
nonoccurrence,1.92,abstract
offhandedly,1.92,abstract
participative,1.92,abstract
patrimonial,1.92,abstract
pervasiveness,1.92,abstract
pompousness,1.92,abstract
poverty line,1.92,abstract
prayerfully,1.92,abstract
recentralization,1.92,abstract
reformulation,1.92,abstract
requisitely,1.92,abstract
revealingly,1.92,abstract
sappiness,1.92,abstract
scrappily,1.92,abstract
sectionalism,1.92,abstract
semiofficial,1.92,abstract
semiofficially,1.92,abstract
simplifier,1.92,abstract
snappishly,1.92,abstract
standoffishness,1.92,abstract
stonyhearted,1.92,abstract
syllabic,1.92,abstract
symbolization,1.92,abstract
tauntingly,1.92,abstract
tenderheartedness,1.92,abstract
transversally,1.92,abstract
unachieved,1.92,abstract
uncomely,1.92,abstract
uncomforting,1.92,abstract
undeceive,1.92,abstract
underhandedness,1.92,abstract
undiscounted,1.92,abstract
uneager,1.92,abstract
unmusically,1.92,abstract
unnoted,1.92,abstract
unreeling,1.92,abstract
unrestraint,1.92,abstract
unrevealingly,1.92,abstract
untrustworthiness,1.92,abstract
unversed,1.92,abstract
virginally,1.92,abstract
voluminously,1.92,abstract
win over,1.92,abstract
wryness,1.92,abstract
yieldingly,1.92,abstract
acceptable,1.93,abstract
accursed,1.93,abstract
advisable,1.93,abstract
aforementioned,1.93,abstract
amateurish,1.93,abstract
answerable,1.93,abstract
appreciative,1.93,abstract
associative,1.93,abstract
atypical,1.93,abstract
brazen,1.93,abstract
brooding,1.93,abstract
brotherly,1.93,abstract
chummy,1.93,abstract
civilized,1.93,abstract
competent,1.93,abstract
compulsive,1.93,abstract
constitutional,1.93,abstract
creative,1.93,abstract
depressed,1.93,abstract
differing,1.93,abstract
disgraceful,1.93,abstract
dysfunctional,1.93,abstract
eager,1.93,abstract
easeful,1.93,abstract
eloquent,1.93,abstract
empathetic,1.93,abstract
emphatic,1.93,abstract
evil,1.93,abstract
exasperating,1.93,abstract
executable,1.93,abstract
exempt,1.93,abstract
exhilarating,1.93,abstract
expressible,1.93,abstract
facetious,1.93,abstract
fascinating,1.93,abstract
fashionable,1.93,abstract
fluent,1.93,abstract
folksy,1.93,abstract
fraternal,1.93,abstract
fraudulent,1.93,abstract
fretful,1.93,abstract
frugal,1.93,abstract
graceless,1.93,abstract
heartsick,1.93,abstract
historic,1.93,abstract
historical,1.93,abstract
imbecilic,1.93,abstract
impactful,1.93,abstract
imprecise,1.93,abstract
incredible,1.93,abstract
innermost,1.93,abstract
interdisciplinary,1.93,abstract
intermediate,1.93,abstract
intolerable,1.93,abstract
intrepid,1.93,abstract
likable,1.93,abstract
lousy,1.93,abstract
luscious,1.93,abstract
masterful,1.93,abstract
methodical,1.93,abstract
miraculous,1.93,abstract
mistrustful,1.93,abstract
momentary,1.93,abstract
nonexclusive,1.93,abstract
obedient,1.93,abstract
oblivious,1.93,abstract
ominous,1.93,abstract
paltry,1.93,abstract
physiological,1.93,abstract
pointless,1.93,abstract
ponderous,1.93,abstract
preventative,1.93,abstract
preventive,1.93,abstract
proactive,1.93,abstract
prospective,1.93,abstract
racy,1.93,abstract
recurrent,1.93,abstract
relentless,1.93,abstract
restorable,1.93,abstract
romantic,1.93,abstract
satiric,1.93,abstract
simplistic,1.93,abstract
skillful,1.93,abstract
slanderous,1.93,abstract
standardized,1.93,abstract
stateless,1.93,abstract
strategic,1.93,abstract
subliminal,1.93,abstract
suitable,1.93,abstract
supercritical,1.93,abstract
telepathic,1.93,abstract
tempting,1.93,abstract
thermodynamic,1.93,abstract
unapologetic,1.93,abstract
unappreciative,1.93,abstract
unavailable,1.93,abstract
uncelebrated,1.93,abstract
uncomplimentary,1.93,abstract
uncompromising,1.93,abstract
unconditioned,1.93,abstract
uncontained,1.93,abstract
uncontroversial,1.93,abstract
unconvincing,1.93,abstract
underrated,1.93,abstract
undistracted,1.93,abstract
unending,1.93,abstract
unfaithful,1.93,abstract
unlikely,1.93,abstract
unrequested,1.93,abstract
unserious,1.93,abstract
unsolvable,1.93,abstract
unwarranted,1.93,abstract
unworthy,1.93,abstract
upbeat,1.93,abstract
vital,1.93,abstract
whimsical,1.93,abstract
alright,1.93,abstract
arrogantly,1.93,abstract
attractively,1.93,abstract
badly,1.93,abstract
bravely,1.93,abstract
critically,1.93,abstract
determinedly,1.93,abstract
differentially,1.93,abstract
disarmingly,1.93,abstract
dispassionately,1.93,abstract
distinctly,1.93,abstract
doggedly,1.93,abstract
doubtfully,1.93,abstract
exhaustively,1.93,abstract
fiercely,1.93,abstract
frighteningly,1.93,abstract
fundamentally,1.93,abstract
honestly,1.93,abstract
illegally,1.93,abstract
impossibly,1.93,abstract
inappropriately,1.93,abstract
inefficiently,1.93,abstract
infrequently,1.93,abstract
kindly,1.93,abstract
marginally,1.93,abstract
meanly,1.93,abstract
menacingly,1.93,abstract
mentally,1.93,abstract
merrily,1.93,abstract
mistakenly,1.93,abstract
modestly,1.93,abstract
negligently,1.93,abstract
painstakingly,1.93,abstract
peculiarly,1.93,abstract
poignantly,1.93,abstract
prohibitively,1.93,abstract
properly,1.93,abstract
rightly,1.93,abstract
ruthlessly,1.93,abstract
sinfully,1.93,abstract
stoically,1.93,abstract
stubbornly,1.93,abstract
summarily,1.93,abstract
unabatedly,1.93,abstract
unalterably,1.93,abstract
uncharacteristically,1.93,abstract
unofficially,1.93,abstract
vastly,1.93,abstract
wildly,1.93,abstract
willfully,1.93,abstract
wrongfully,1.93,abstract
supposing,1.93,abstract
nontaxable,1.93,abstract
affiliation,1.93,abstract
affirmative,1.93,abstract
affordability,1.93,abstract
anticipation,1.93,abstract
appeaser,1.93,abstract
bravado,1.93,abstract
callousness,1.93,abstract
capability,1.93,abstract
charade,1.93,abstract
clarification,1.93,abstract
conformism,1.93,abstract
conformist,1.93,abstract
control,1.93,abstract
conundrum,1.93,abstract
dependency,1.93,abstract
derivative,1.93,abstract
desertion,1.93,abstract
devoutness,1.93,abstract
disappointment,1.93,abstract
discontent,1.93,abstract
discouragement,1.93,abstract
disrespect,1.93,abstract
downtime,1.93,abstract
duality,1.93,abstract
evangelism,1.93,abstract
exclusiveness,1.93,abstract
favoritism,1.93,abstract
fearfulness,1.93,abstract
foresightedness,1.93,abstract
generalization,1.93,abstract
guilt,1.93,abstract
heartlessness,1.93,abstract
impatience,1.93,abstract
imperialism,1.93,abstract
impermanence,1.93,abstract
impurity,1.93,abstract
indebtedness,1.93,abstract
inferiority,1.93,abstract
inhibition,1.93,abstract
invincibility,1.93,abstract
jeopardy,1.93,abstract
karma,1.93,abstract
loneness,1.93,abstract
minuteness,1.93,abstract
misconception,1.93,abstract
multidimensionality,1.93,abstract
neoclassicism,1.93,abstract
notion,1.93,abstract
obnoxiousness,1.93,abstract
obviousness,1.93,abstract
opinion,1.93,abstract
perpetration,1.93,abstract
phrasing,1.93,abstract
predictability,1.93,abstract
privilege,1.93,abstract
professionalism,1.93,abstract
promptness,1.93,abstract
prophecy,1.93,abstract
prosecution,1.93,abstract
reason,1.93,abstract
reasonableness,1.93,abstract
rediscovery,1.93,abstract
reunification,1.93,abstract
seismology,1.93,abstract
sophisticate,1.93,abstract
standardization,1.93,abstract
strategy,1.93,abstract
superiority,1.93,abstract
technicality,1.93,abstract
theology,1.93,abstract
unease,1.93,abstract
unification,1.93,abstract
urge,1.93,abstract
vantage,1.93,abstract
viability,1.93,abstract
weirdness,1.93,abstract
wit,1.93,abstract
workability,1.93,abstract
whoever,1.93,abstract
whom,1.93,abstract
affect,1.93,abstract
affected,1.93,abstract
agreed,1.93,abstract
annoy,1.93,abstract
appease,1.93,abstract
astound,1.93,abstract
bastardize,1.93,abstract
being,1.93,abstract
blandish,1.93,abstract
cheapen,1.93,abstract
covet,1.93,abstract
daresay,1.93,abstract
deplore,1.93,abstract
desired,1.93,abstract
endorsed,1.93,abstract
equate,1.93,abstract
equivocate,1.93,abstract
exaggerated,1.93,abstract
exemplify,1.93,abstract
got,1.93,abstract
heed,1.93,abstract
impose,1.93,abstract
infringe,1.93,abstract
means,1.93,abstract
overachiever,1.93,abstract
overanalyze,1.93,abstract
overseen,1.93,abstract
perishing,1.93,abstract
perturbing,1.93,abstract
pleasuring,1.93,abstract
prohibit,1.93,abstract
qualify,1.93,abstract
reassured,1.93,abstract
reformulate,1.93,abstract
rely,1.93,abstract
summed,1.93,abstract
sustaining,1.93,abstract
swaggering,1.93,abstract
transcend,1.93,abstract
vary,1.93,abstract
want,1.93,abstract
warranted,1.93,abstract
wished,1.93,abstract
administratively,1.93,abstract
analyzability,1.93,abstract
antiquation,1.93,abstract
at large,1.93,abstract
autoregulation,1.93,abstract
blameworthy,1.93,abstract
blockheadedness,1.93,abstract
boisterousness,1.93,abstract
break even,1.93,abstract
catholicism,1.93,abstract
celebrative,1.93,abstract
civically,1.93,abstract
codeless,1.93,abstract
consecutiveness,1.93,abstract
contemporarily,1.93,abstract
contentiously,1.93,abstract
dazedness,1.93,abstract
defenselessly,1.93,abstract
delightfulness,1.93,abstract
depictive,1.93,abstract
determinable,1.93,abstract
discontentedly,1.93,abstract
discontentment,1.93,abstract
dishearteningly,1.93,abstract
distinguishingly,1.93,abstract
distrustfully,1.93,abstract
diversely,1.93,abstract
dominancy,1.93,abstract
enumerative,1.93,abstract
exhilaratingly,1.93,abstract
factorable,1.93,abstract
figure out,1.93,abstract
for instance,1.93,abstract
fractionally,1.93,abstract
fretfully,1.93,abstract
frightfulness,1.93,abstract
friskily,1.93,abstract
gleefulness,1.93,abstract
gluttonously,1.93,abstract
gracelessness,1.93,abstract
hatefully,1.93,abstract
heavyheartedness,1.93,abstract
hurriedness,1.93,abstract
incomputable,1.93,abstract
incrimination,1.93,abstract
industrialism,1.93,abstract
intermediacy,1.93,abstract
intrusively,1.93,abstract
invariability,1.93,abstract
jazz up,1.93,abstract
killable,1.93,abstract
latently,1.93,abstract
liberalize,1.93,abstract
literalistic,1.93,abstract
meagerness,1.93,abstract
meritless,1.93,abstract
mind boggling,1.93,abstract
misperceive,1.93,abstract
moroseness,1.93,abstract
mournfulness,1.93,abstract
mythologize,1.93,abstract
neurophysiological,1.93,abstract
noncompeting,1.93,abstract
nonconforming,1.93,abstract
nonfinancial,1.93,abstract
nutritiously,1.93,abstract
overeducate,1.93,abstract
overmodest,1.93,abstract
overpoweringly,1.93,abstract
partisanship,1.93,abstract
practicable,1.93,abstract
precertification,1.93,abstract
recommitment,1.93,abstract
regulative,1.93,abstract
reimbursable,1.93,abstract
reliantly,1.93,abstract
reprehensibly,1.93,abstract
requalification,1.93,abstract
retainable,1.93,abstract
searchingly,1.93,abstract
shareable,1.93,abstract
singularize,1.93,abstract
snappily,1.93,abstract
somberness,1.93,abstract
square one,1.93,abstract
sustainment,1.93,abstract
tangibility,1.93,abstract
tantalization,1.93,abstract
temperedness,1.93,abstract
thievish,1.93,abstract
unabbreviated,1.93,abstract
unaddressed,1.93,abstract
unchangingly,1.93,abstract
ungracefully,1.93,abstract
unimpassioned,1.93,abstract
unissued,1.93,abstract
unmanaged,1.93,abstract
unreliability,1.93,abstract
unsentimentally,1.93,abstract
unsoundness,1.93,abstract
unsuitableness,1.93,abstract
unvisited,1.93,abstract
vanishingly,1.93,abstract
variableness,1.93,abstract
vitalize,1.93,abstract
voluntariness,1.93,abstract
woefulness,1.93,abstract
providential,1.94,abstract
compatibility,1.94,abstract
majesty,1.94,abstract
metaphor,1.94,abstract
normality,1.94,abstract
overstate,1.94,abstract
religious right,1.94,abstract
adventurous,1.95,abstract
glooming,1.95,abstract
peculiar,1.95,abstract
abortively,1.95,abstract
anthropologically,1.95,abstract
coincidently,1.95,abstract
singly,1.95,abstract
unconceivable,1.95,abstract
eminence,1.95,abstract
enfranchisement,1.95,abstract
formativeness,1.95,abstract
humbuggery,1.95,abstract
illiterateness,1.95,abstract
immunological,1.95,abstract
inconsolably,1.95,abstract
lobbyism,1.95,abstract
referentially,1.95,abstract
reselection,1.95,abstract
shatteringly,1.95,abstract
slavishness,1.95,abstract
sultriness,1.95,abstract
thornily,1.95,abstract
undervaluation,1.95,abstract
aghast,1.96,abstract
altruistic,1.96,abstract
amused,1.96,abstract
ancestral,1.96,abstract
auspicious,1.96,abstract
austere,1.96,abstract
bigoted,1.96,abstract
blockheaded,1.96,abstract
circumstantial,1.96,abstract
complex,1.96,abstract
compulsory,1.96,abstract
conservative,1.96,abstract
contemporary,1.96,abstract
cowardly,1.96,abstract
crude,1.96,abstract
effortless,1.96,abstract
emasculated,1.96,abstract
empirical,1.96,abstract
erogenous,1.96,abstract
esteemed,1.96,abstract
evidential,1.96,abstract
exciting,1.96,abstract
exploitive,1.96,abstract
extreme,1.96,abstract
fallible,1.96,abstract
flabbergasted,1.96,abstract
garbled,1.96,abstract
generational,1.96,abstract
hectic,1.96,abstract
hypnotic,1.96,abstract
impassable,1.96,abstract
impolite,1.96,abstract
inadequate,1.96,abstract
inadmissible,1.96,abstract
incalculable,1.96,abstract
incongruous,1.96,abstract
infernal,1.96,abstract
interdependent,1.96,abstract
inventive,1.96,abstract
irrecoverable,1.96,abstract
irredeemable,1.96,abstract
kooky,1.96,abstract
lenient,1.96,abstract
lusty,1.96,abstract
maniacal,1.96,abstract
megalomaniacal,1.96,abstract
mellow,1.96,abstract
merciless,1.96,abstract
millennial,1.96,abstract
mortal,1.96,abstract
mysterious,1.96,abstract
naturalized,1.96,abstract
needless,1.96,abstract
nervy,1.96,abstract
newfangled,1.96,abstract
noncritical,1.96,abstract
overbearing,1.96,abstract
perverse,1.96,abstract
pompous,1.96,abstract
posttraumatic,1.96,abstract
problematical,1.96,abstract
punishable,1.96,abstract
queerer,1.96,abstract
rare,1.96,abstract
relational,1.96,abstract
retentive,1.96,abstract
revocable,1.96,abstract
scrupulous,1.96,abstract
simpler,1.96,abstract
sketchy,1.96,abstract
skilled,1.96,abstract
socialistic,1.96,abstract
soothing,1.96,abstract
spatial,1.96,abstract
storied,1.96,abstract
streetwise,1.96,abstract
tawdry,1.96,abstract
thickheaded,1.96,abstract
thoughtful,1.96,abstract
truculent,1.96,abstract
unacquainted,1.96,abstract
uncalculated,1.96,abstract
uncompounded,1.96,abstract
unconventional,1.96,abstract
undistinguished,1.96,abstract
unfunny,1.96,abstract
unifying,1.96,abstract
unmannerly,1.96,abstract
unmodified,1.96,abstract
unnoticeable,1.96,abstract
unpardonable,1.96,abstract
unproved,1.96,abstract
unrepentant,1.96,abstract
unscientific,1.96,abstract
unskillful,1.96,abstract
untainted,1.96,abstract
unthinking,1.96,abstract
unthrifty,1.96,abstract
untracked,1.96,abstract
unwary,1.96,abstract
unwelcomed,1.96,abstract
upcoming,1.96,abstract
uplifting,1.96,abstract
worsening,1.96,abstract
adorably,1.96,abstract
around,1.96,abstract
charitably,1.96,abstract
cinematically,1.96,abstract
comparatively,1.96,abstract
contentedly,1.96,abstract
contently,1.96,abstract
cosmically,1.96,abstract
deferentially,1.96,abstract
deftly,1.96,abstract
delightfully,1.96,abstract
desperately,1.96,abstract
functionally,1.96,abstract
gloriously,1.96,abstract
happily,1.96,abstract
heartbreakingly,1.96,abstract
jovially,1.96,abstract
legitimately,1.96,abstract
lovably,1.96,abstract
lyrically,1.96,abstract
maliciously,1.96,abstract
malignantly,1.96,abstract
nervously,1.96,abstract
obscurely,1.96,abstract
personably,1.96,abstract
perversely,1.96,abstract
predominately,1.96,abstract
provocatively,1.96,abstract
psychically,1.96,abstract
regally,1.96,abstract
seamlessly,1.96,abstract
sheepishly,1.96,abstract
splendidly,1.96,abstract
successfully,1.96,abstract
tediously,1.96,abstract
terrifically,1.96,abstract
thankfully,1.96,abstract
unconditionally,1.96,abstract
ungraciously,1.96,abstract
unpleasantly,1.96,abstract
vividly,1.96,abstract
weirdly,1.96,abstract
before,1.96,abstract
own,1.96,abstract
biblically,1.96,abstract
gamely,1.96,abstract
actuality,1.96,abstract
affectation,1.96,abstract
angst,1.96,abstract
appropriation,1.96,abstract
boredom,1.96,abstract
bravery,1.96,abstract
cahoots,1.96,abstract
candor,1.96,abstract
capitalism,1.96,abstract
cattiness,1.96,abstract
coherency,1.96,abstract
compliance,1.96,abstract
conciliation,1.96,abstract
conscience,1.96,abstract
conventionality,1.96,abstract
culmination,1.96,abstract
defilement,1.96,abstract
deprivation,1.96,abstract
disadvantage,1.96,abstract
discontinuation,1.96,abstract
discourtesy,1.96,abstract
disfavor,1.96,abstract
dissatisfaction,1.96,abstract
dissociation,1.96,abstract
dominion,1.96,abstract
dynamics,1.96,abstract
earful,1.96,abstract
emasculation,1.96,abstract
emotionality,1.96,abstract
encouragement,1.96,abstract
exactitude,1.96,abstract
expedience,1.96,abstract
fame,1.96,abstract
generation,1.96,abstract
gladness,1.96,abstract
humiliation,1.96,abstract
illegality,1.96,abstract
incomprehension,1.96,abstract
incorruptibility,1.96,abstract
ineffectiveness,1.96,abstract
intimacy,1.96,abstract
leeway,1.96,abstract
liability,1.96,abstract
lowbrow,1.96,abstract
lucidity,1.96,abstract
malignancy,1.96,abstract
miracle,1.96,abstract
musicality,1.96,abstract
numerology,1.96,abstract
oneness,1.96,abstract
optimization,1.96,abstract
peculiarity,1.96,abstract
phenomena,1.96,abstract
precognition,1.96,abstract
preeminence,1.96,abstract
procrastination,1.96,abstract
proficiency,1.96,abstract
racialism,1.96,abstract
regularity,1.96,abstract
remoteness,1.96,abstract
satire,1.96,abstract
scientology,1.96,abstract
simplicity,1.96,abstract
smugness,1.96,abstract
softie,1.96,abstract
stressor,1.96,abstract
subpar,1.96,abstract
temperament,1.96,abstract
truth,1.96,abstract
unacceptability,1.96,abstract
unkindness,1.96,abstract
untaught,1.96,abstract
woe,1.96,abstract
affirm,1.96,abstract
am,1.96,abstract
applied,1.96,abstract
are,1.96,abstract
bewilder,1.96,abstract
concede,1.96,abstract
condemn,1.96,abstract
confirmed,1.96,abstract
conserve,1.96,abstract
contrive,1.96,abstract
coursing,1.96,abstract
cursed,1.96,abstract
discern,1.96,abstract
embattled,1.96,abstract
endanger,1.96,abstract
evolve,1.96,abstract
extrapolate,1.96,abstract
forbid,1.96,abstract
foreshadow,1.96,abstract
forgetting,1.96,abstract
forsake,1.96,abstract
freaking,1.96,abstract
guarantee,1.96,abstract
guesstimate,1.96,abstract
invigorate,1.96,abstract
looming,1.96,abstract
misguide,1.96,abstract
misled,1.96,abstract
ordain,1.96,abstract
overreaching,1.96,abstract
overrule,1.96,abstract
persisting,1.96,abstract
preconditioned,1.96,abstract
predispose,1.96,abstract
reinitiate,1.96,abstract
remain,1.96,abstract
repent,1.96,abstract
reprove,1.96,abstract
resolve,1.96,abstract
retell,1.96,abstract
rile,1.96,abstract
satirize,1.96,abstract
scandalize,1.96,abstract
situate,1.96,abstract
softheaded,1.96,abstract
subjected,1.96,abstract
subordinating,1.96,abstract
summering,1.96,abstract
tending,1.96,abstract
thinking,1.96,abstract
unnerving,1.96,abstract
utilize,1.96,abstract
versed,1.96,abstract
abolishable,1.96,abstract
accusatorial,1.96,abstract
adverseness,1.96,abstract
aggravatingly,1.96,abstract
amorphously,1.96,abstract
annihilative,1.96,abstract
antirust,1.96,abstract
apathetically,1.96,abstract
apocalyptically,1.96,abstract
approachableness,1.96,abstract
asocial,1.96,abstract
attestable,1.96,abstract
audibility,1.96,abstract
backboneless,1.96,abstract
bemuse,1.96,abstract
bereave,1.96,abstract
brassiness,1.96,abstract
brutishly,1.96,abstract
bureaucratization,1.96,abstract
cantankerously,1.96,abstract
cataclysmically,1.96,abstract
changeability,1.96,abstract
changeful,1.96,abstract
charitableness,1.96,abstract
collectiveness,1.96,abstract
compactly,1.96,abstract
compositionally,1.96,abstract
compoundable,1.96,abstract
compressively,1.96,abstract
compulsivity,1.96,abstract
concentrative,1.96,abstract
confirmatively,1.96,abstract
consultable,1.96,abstract
consultative,1.96,abstract
contagiousness,1.96,abstract
contractible,1.96,abstract
corroboratory,1.96,abstract
crankily,1.96,abstract
crimeless,1.96,abstract
crimelessness,1.96,abstract
decidedness,1.96,abstract
delectably,1.96,abstract
depreciatingly,1.96,abstract
derange,1.96,abstract
desertedness,1.96,abstract
detachably,1.96,abstract
determinedness,1.96,abstract
detraction,1.96,abstract
disaccord,1.96,abstract
disallowance,1.96,abstract
disbursable,1.96,abstract
disconcertment,1.96,abstract
disharmonic,1.96,abstract
distortional,1.96,abstract
distractibility,1.96,abstract
divisively,1.96,abstract
doggish,1.96,abstract
doomful,1.96,abstract
doubtingly,1.96,abstract
dreamlessness,1.96,abstract
driving force,1.96,abstract
drudgingly,1.96,abstract
elatedly,1.96,abstract
electively,1.96,abstract
eliminatory,1.96,abstract
elusively,1.96,abstract
emphases,1.96,abstract
erroneousness,1.96,abstract
evolvable,1.96,abstract
factuality,1.96,abstract
fair use,1.96,abstract
feudality,1.96,abstract
forebode,1.96,abstract
foresighted,1.96,abstract
fragmentally,1.96,abstract
frigidly,1.96,abstract
funniness,1.96,abstract
futurism,1.96,abstract
fuzzily,1.96,abstract
glutinously,1.96,abstract
goatishness,1.96,abstract
good fortune,1.96,abstract
goofily,1.96,abstract
grandness,1.96,abstract
guardedly,1.96,abstract
guiltily,1.96,abstract
halfheartedly,1.96,abstract
harmfully,1.96,abstract
heedfulness,1.96,abstract
holistically,1.96,abstract
hooliganism,1.96,abstract
huffily,1.96,abstract
immatureness,1.96,abstract
immorally,1.96,abstract
impalpable,1.96,abstract
impedimentary,1.96,abstract
implosively,1.96,abstract
impregnability,1.96,abstract
inaccessibleness,1.96,abstract
incapability,1.96,abstract
incompliance,1.96,abstract
inconsiderately,1.96,abstract
individuation,1.96,abstract
indulgently,1.96,abstract
indulger,1.96,abstract
industrially,1.96,abstract
inelegance,1.96,abstract
inelegantly,1.96,abstract
inharmonic,1.96,abstract
instantaneousness,1.96,abstract
interceptive,1.96,abstract
intergeneration,1.96,abstract
irreclaimable,1.96,abstract
jovialness,1.96,abstract
lawgiving,1.96,abstract
learnedly,1.96,abstract
limitable,1.96,abstract
lusciously,1.96,abstract
make good,1.96,abstract
matchlessness,1.96,abstract
misstate,1.96,abstract
monopolization,1.96,abstract
moralizer,1.96,abstract
mumbo jumbo,1.96,abstract
mythically,1.96,abstract
naturalism,1.96,abstract
needfulness,1.96,abstract
neighborliness,1.96,abstract
noncontiguous,1.96,abstract
nondiscriminatory,1.96,abstract
nonrestrictive,1.96,abstract
observably,1.96,abstract
observantly,1.96,abstract
openhearted,1.96,abstract
oppositely,1.96,abstract
opt for,1.96,abstract
otherworldliness,1.96,abstract
overdramatically,1.96,abstract
overdriven,1.96,abstract
overregulation,1.96,abstract
overzealously,1.96,abstract
peachiness,1.96,abstract
perceptivity,1.96,abstract
perfectively,1.96,abstract
phase in,1.96,abstract
playability,1.96,abstract
pluralize,1.96,abstract
preapproval,1.96,abstract
preplan,1.96,abstract
preposterousness,1.96,abstract
problematically,1.96,abstract
procommunist,1.96,abstract
prosecutable,1.96,abstract
psychopathy,1.96,abstract
punishably,1.96,abstract
quantitatively,1.96,abstract
questioningly,1.96,abstract
quotably,1.96,abstract
randomize,1.96,abstract
rareness,1.96,abstract
reassuringly,1.96,abstract
rebrand,1.96,abstract
recapitalization,1.96,abstract
remittable,1.96,abstract
rescindable,1.96,abstract
retentively,1.96,abstract
retrievably,1.96,abstract
secularly,1.96,abstract
sedateness,1.96,abstract
semiseriously,1.96,abstract
seventyfold,1.96,abstract
snootiness,1.96,abstract
spiritedly,1.96,abstract
sportsmanly,1.96,abstract
stoutheartedly,1.96,abstract
suavely,1.96,abstract
suaveness,1.96,abstract
tactual,1.96,abstract
taintless,1.96,abstract
take heart,1.96,abstract
theism,1.96,abstract
torridly,1.96,abstract
transmittance,1.96,abstract
trustworthily,1.96,abstract
unaffecting,1.96,abstract
unbeknown,1.96,abstract
unbelievingly,1.96,abstract
uncategorized,1.96,abstract
uncertainly,1.96,abstract
unconcern,1.96,abstract
unconstructive,1.96,abstract
undemocratically,1.96,abstract
underlie,1.96,abstract
understandability,1.96,abstract
undismayed,1.96,abstract
unfading,1.96,abstract
unfishable,1.96,abstract
ungratified,1.96,abstract
unhandy,1.96,abstract
uninfluenced,1.96,abstract
unintelligence,1.96,abstract
unobligated,1.96,abstract
unoffending,1.96,abstract
unrestrainedly,1.96,abstract
unscholarly,1.96,abstract
untransformed,1.96,abstract
unwaged,1.96,abstract
upsettingly,1.96,abstract
veracious,1.96,abstract
vitalizing,1.96,abstract
warmheartedly,1.96,abstract
waveringly,1.96,abstract
wearisome,1.96,abstract
westernize,1.96,abstract
willable,1.96,abstract
wordily,1.96,abstract
adaptive,1.97,abstract
adequate,1.97,abstract
apprehensive,1.97,abstract
biblical,1.97,abstract
bloodcurdling,1.97,abstract
bourgeois,1.97,abstract
clueless,1.97,abstract
courteous,1.97,abstract
debilitating,1.97,abstract
different,1.97,abstract
evasive,1.97,abstract
fake,1.97,abstract
fresh,1.97,abstract
ghostly,1.97,abstract
inhumanly,1.97,abstract
irrevocable,1.97,abstract
lovable,1.97,abstract
miserable,1.97,abstract
moderate,1.97,abstract
negotiable,1.97,abstract
nonpermanent,1.97,abstract
pathetic,1.97,abstract
pathologic,1.97,abstract
pretentious,1.97,abstract
regulatory,1.97,abstract
sexless,1.97,abstract
sneaky,1.97,abstract
spunky,1.97,abstract
subdued,1.97,abstract
subsonic,1.97,abstract
sustained,1.97,abstract
taxable,1.97,abstract
technical,1.97,abstract
tedious,1.97,abstract
uncomplicated,1.97,abstract
undaunted,1.97,abstract
undignified,1.97,abstract
unidentified,1.97,abstract
unimpressive,1.97,abstract
unqualified,1.97,abstract
unskilled,1.97,abstract
unviable,1.97,abstract
vulgar,1.97,abstract
wasteful,1.97,abstract
wise,1.97,abstract
worthless,1.97,abstract
absolutely,1.97,abstract
attentively,1.97,abstract
beforehand,1.97,abstract
brilliantly,1.97,abstract
definitively,1.97,abstract
effortlessly,1.97,abstract
falsely,1.97,abstract
flippantly,1.97,abstract
instance,1.97,abstract
inversely,1.97,abstract
lamely,1.97,abstract
refreshingly,1.97,abstract
shrewdly,1.97,abstract
someplace,1.97,abstract
unfavorably,1.97,abstract
unflinchingly,1.97,abstract
victoriously,1.97,abstract
aftermath,1.97,abstract
athleticism,1.97,abstract
attitude,1.97,abstract
bummer,1.97,abstract
counterculture,1.97,abstract
delirium,1.97,abstract
dependability,1.97,abstract
destabilization,1.97,abstract
diligence,1.97,abstract
estimation,1.97,abstract
fun,1.97,abstract
indication,1.97,abstract
innovation,1.97,abstract
irresponsibility,1.97,abstract
madness,1.97,abstract
mistake,1.97,abstract
misunderstanding,1.97,abstract
outlook,1.97,abstract
protocol,1.97,abstract
rapture,1.97,abstract
selfishness,1.97,abstract
setback,1.97,abstract
sincerity,1.97,abstract
specifics,1.97,abstract
sportsmanship,1.97,abstract
timidity,1.97,abstract
our,1.97,abstract
agonize,1.97,abstract
celebrated,1.97,abstract
considered,1.97,abstract
diversify,1.97,abstract
established,1.97,abstract
excite,1.97,abstract
explain,1.97,abstract
hate,1.97,abstract
inviting,1.97,abstract
loosing,1.97,abstract
offended,1.97,abstract
outwit,1.97,abstract
premeditate,1.97,abstract
reassuring,1.97,abstract
reconsider,1.97,abstract
spurn,1.97,abstract
thought,1.97,abstract
applaudable,1.97,abstract
coldheartedly,1.97,abstract
collaboratively,1.97,abstract
combatively,1.97,abstract
comfortableness,1.97,abstract
contrastingly,1.97,abstract
deplored,1.97,abstract
describable,1.97,abstract
disjointedly,1.97,abstract
disposability,1.97,abstract
equal opportunity,1.97,abstract
exhilarant,1.97,abstract
flightiness,1.97,abstract
inactively,1.97,abstract
inquiringly,1.97,abstract
intersexuality,1.97,abstract
investigational,1.97,abstract
lost cause,1.97,abstract
rebelliously,1.97,abstract
ruefulness,1.97,abstract
rule out,1.97,abstract
snobbishness,1.97,abstract
spatiality,1.97,abstract
unaccredited,1.97,abstract
unattained,1.97,abstract
uncharacterized,1.97,abstract
uninvestigated,1.97,abstract
urban myth,1.97,abstract
absentminded,2.0,abstract
adoptive,2.0,abstract
agonizing,2.0,abstract
anecdotal,2.0,abstract
anticlimactic,2.0,abstract
appropriate,2.0,abstract
attempted,2.0,abstract
autonomous,2.0,abstract
aware,2.0,abstract
awkward,2.0,abstract
batty,2.0,abstract
bereaved,2.0,abstract
bipartisan,2.0,abstract
bleary,2.0,abstract
boundless,2.0,abstract
braver,2.0,abstract
brutal,2.0,abstract
cautionary,2.0,abstract
civilizing,2.0,abstract
classic,2.0,abstract
claustrophobic,2.0,abstract
codependent,2.0,abstract
coherent,2.0,abstract
colloquial,2.0,abstract
communicational,2.0,abstract
conflicting,2.0,abstract
contractual,2.0,abstract
corroborative,2.0,abstract
courageous,2.0,abstract
criminological,2.0,abstract
cureless,2.0,abstract
damn,2.0,abstract
deathly,2.0,abstract
delusionary,2.0,abstract
detestable,2.0,abstract
disciplinary,2.0,abstract
discontented,2.0,abstract
disreputable,2.0,abstract
dissimilar,2.0,abstract
distributable,2.0,abstract
divining,2.0,abstract
dreamless,2.0,abstract
dualistic,2.0,abstract
embarrassed,2.0,abstract
emotional,2.0,abstract
encouraging,2.0,abstract
enraptured,2.0,abstract
evenhanded,2.0,abstract
evolutional,2.0,abstract
exalted,2.0,abstract
excusable,2.0,abstract
existing,2.0,abstract
expedient,2.0,abstract
expeditious,2.0,abstract
exploitable,2.0,abstract
fearsome,2.0,abstract
feisty,2.0,abstract
figureless,2.0,abstract
foremost,2.0,abstract
formulary,2.0,abstract
freaky,2.0,abstract
ghastly,2.0,abstract
habitual,2.0,abstract
herculean,2.0,abstract
hereditary,2.0,abstract
highhanded,2.0,abstract
homing,2.0,abstract
hyper,2.0,abstract
hyperkinetic,2.0,abstract
hypersensitive,2.0,abstract
icky,2.0,abstract
immortal,2.0,abstract
implicit,2.0,abstract
impure,2.0,abstract
inauthentic,2.0,abstract
indecisive,2.0,abstract
indelible,2.0,abstract
industrious,2.0,abstract
inefficient,2.0,abstract
inelegant,2.0,abstract
insurable,2.0,abstract
interruptive,2.0,abstract
irresistible,2.0,abstract
jurisdictional,2.0,abstract
kingly,2.0,abstract
laborious,2.0,abstract
lamentable,2.0,abstract
lighthearted,2.0,abstract
masochistic,2.0,abstract
melancholy,2.0,abstract
minimal,2.0,abstract
mythical,2.0,abstract
naturalistic,2.0,abstract
nightmarish,2.0,abstract
noncompetitive,2.0,abstract
nonlethal,2.0,abstract
notable,2.0,abstract
obscure,2.0,abstract
optimistic,2.0,abstract
ornery,2.0,abstract
overanxious,2.0,abstract
overenthusiastic,2.0,abstract
paradoxical,2.0,abstract
permissive,2.0,abstract
pesky,2.0,abstract
pitiless,2.0,abstract
pivotal,2.0,abstract
placid,2.0,abstract
precious,2.0,abstract
preparatory,2.0,abstract
primordial,2.0,abstract
principled,2.0,abstract
psychoanalytic,2.0,abstract
random,2.0,abstract
recessionary,2.0,abstract
redundant,2.0,abstract
remorseful,2.0,abstract
reproachful,2.0,abstract
reproducible,2.0,abstract
resonant,2.0,abstract
resourceful,2.0,abstract
restorative,2.0,abstract
stereotypical,2.0,abstract
stingy,2.0,abstract
subsiding,2.0,abstract
substantive,2.0,abstract
suggestive,2.0,abstract
supreme,2.0,abstract
systematic,2.0,abstract
toxicological,2.0,abstract
tragic,2.0,abstract
triumphant,2.0,abstract
unaccomplished,2.0,abstract
unapproved,2.0,abstract
unassigned,2.0,abstract
unbearable,2.0,abstract
undisciplined,2.0,abstract
unidentifiable,2.0,abstract
unimaginative,2.0,abstract
uninformed,2.0,abstract
unlicensed,2.0,abstract
unmarketable,2.0,abstract
unmitigated,2.0,abstract
unpracticed,2.0,abstract
unprompted,2.0,abstract
unranked,2.0,abstract
unrequited,2.0,abstract
unsocial,2.0,abstract
unsolved,2.0,abstract
unsportsmanlike,2.0,abstract
unsure,2.0,abstract
untimely,2.0,abstract
untitled,2.0,abstract
untrustworthy,2.0,abstract
unutterable,2.0,abstract
unwanted,2.0,abstract
unwelcome,2.0,abstract
usable,2.0,abstract
vulnerable,2.0,abstract
wacky,2.0,abstract
worthwhile,2.0,abstract
worthy,2.0,abstract
zealous,2.0,abstract
zestful,2.0,abstract
again,2.0,abstract
amok,2.0,abstract
amply,2.0,abstract
amusedly,2.0,abstract
amusingly,2.0,abstract
anonymously,2.0,abstract
certifiably,2.0,abstract
condescendingly,2.0,abstract
constructively,2.0,abstract
creatively,2.0,abstract
deeply,2.0,abstract
delightedly,2.0,abstract
demonstrably,2.0,abstract
disapprovingly,2.0,abstract
everywhere,2.0,abstract
exponentially,2.0,abstract
expressively,2.0,abstract
famously,2.0,abstract
fluently,2.0,abstract
foolishly,2.0,abstract
fruitlessly,2.0,abstract
furiously,2.0,abstract
harder,2.0,abstract
headlong,2.0,abstract
hopefully,2.0,abstract
humiliatingly,2.0,abstract
ignorantly,2.0,abstract
immaculately,2.0,abstract
immortally,2.0,abstract
improperly,2.0,abstract
increasingly,2.0,abstract
insidiously,2.0,abstract
insufficiently,2.0,abstract
intensely,2.0,abstract
jointly,2.0,abstract
lawfully,2.0,abstract
lovingly,2.0,abstract
mainly,2.0,abstract
maturely,2.0,abstract
measly,2.0,abstract
moderately,2.0,abstract
moreover,2.0,abstract
peripherally,2.0,abstract
politely,2.0,abstract
poorly,2.0,abstract
popularly,2.0,abstract
privately,2.0,abstract
profitably,2.0,abstract
recurrently,2.0,abstract
reversely,2.0,abstract
selflessly,2.0,abstract
seriously,2.0,abstract
slavishly,2.0,abstract
strenuously,2.0,abstract
tactically,2.0,abstract
thermostatically,2.0,abstract
thoughtfully,2.0,abstract
thunderously,2.0,abstract
uncontrollably,2.0,abstract
unfashionably,2.0,abstract
unshapely,2.0,abstract
unwittingly,2.0,abstract
virtually,2.0,abstract
vulgarly,2.0,abstract
wearily,2.0,abstract
what,2.0,abstract
congeniality,2.0,abstract
uninsurable,2.0,abstract
advantage,2.0,abstract
advocacy,2.0,abstract
agnostic,2.0,abstract
ahoy,2.0,abstract
annunciation,2.0,abstract
arbitration,2.0,abstract
artistry,2.0,abstract
authentication,2.0,abstract
axiom,2.0,abstract
backwardness,2.0,abstract
benediction,2.0,abstract
blueblood,2.0,abstract
boldness,2.0,abstract
breakup,2.0,abstract
calamity,2.0,abstract
carnality,2.0,abstract
caveat,2.0,abstract
chastity,2.0,abstract
clarity,2.0,abstract
comeuppance,2.0,abstract
comparison,2.0,abstract
complement,2.0,abstract
culpability,2.0,abstract
decency,2.0,abstract
default,2.0,abstract
denaturalization,2.0,abstract
depreciation,2.0,abstract
deregulation,2.0,abstract
desegregation,2.0,abstract
dilemma,2.0,abstract
dismissal,2.0,abstract
dispensation,2.0,abstract
downside,2.0,abstract
elimination,2.0,abstract
endurance,2.0,abstract
evilness,2.0,abstract
extraordinaire,2.0,abstract
falsehood,2.0,abstract
fostering,2.0,abstract
gallantry,2.0,abstract
goofiness,2.0,abstract
grandeur,2.0,abstract
hastiness,2.0,abstract
hatred,2.0,abstract
helplessness,2.0,abstract
hokey,2.0,abstract
homey,2.0,abstract
humaneness,2.0,abstract
hunch,2.0,abstract
hypocrisy,2.0,abstract
identity,2.0,abstract
immensity,2.0,abstract
improvisation,2.0,abstract
inability,2.0,abstract
indecency,2.0,abstract
indiscrimination,2.0,abstract
insolvency,2.0,abstract
instability,2.0,abstract
instinct,2.0,abstract
insufficiency,2.0,abstract
intellectualization,2.0,abstract
interplay,2.0,abstract
intolerance,2.0,abstract
intricacy,2.0,abstract
intrigue,2.0,abstract
inventiveness,2.0,abstract
kudos,2.0,abstract
legalization,2.0,abstract
lethality,2.0,abstract
machination,2.0,abstract
malevolence,2.0,abstract
mentality,2.0,abstract
metaphysics,2.0,abstract
microeconomics,2.0,abstract
mildness,2.0,abstract
misallocation,2.0,abstract
mischievousness,2.0,abstract
misjudgment,2.0,abstract
mitigation,2.0,abstract
moodiness,2.0,abstract
nondisclosure,2.0,abstract
notoriety,2.0,abstract
objective,2.0,abstract
obliteration,2.0,abstract
oppression,2.0,abstract
overemphasis,2.0,abstract
overestimation,2.0,abstract
overzealousness,2.0,abstract
patriotism,2.0,abstract
peacefulness,2.0,abstract
peacekeeping,2.0,abstract
peeve,2.0,abstract
perception,2.0,abstract
pertinence,2.0,abstract
phooey,2.0,abstract
pleasantness,2.0,abstract
prominence,2.0,abstract
puzzlement,2.0,abstract
qualification,2.0,abstract
reconcilement,2.0,abstract
recourse,2.0,abstract
rectification,2.0,abstract
recurrence,2.0,abstract
reform,2.0,abstract
regulation,2.0,abstract
remorse,2.0,abstract
responsiveness,2.0,abstract
retribution,2.0,abstract
ridiculousness,2.0,abstract
scathe,2.0,abstract
scatterbrain,2.0,abstract
secrecy,2.0,abstract
secularist,2.0,abstract
semblance,2.0,abstract
sensuality,2.0,abstract
shyness,2.0,abstract
smartness,2.0,abstract
sneakiness,2.0,abstract
soberness,2.0,abstract
sorcery,2.0,abstract
spinelessness,2.0,abstract
stabilization,2.0,abstract
stereotype,2.0,abstract
sublimation,2.0,abstract
subspecialty,2.0,abstract
substantiation,2.0,abstract
tediousness,2.0,abstract
terminology,2.0,abstract
testy,2.0,abstract
unburden,2.0,abstract
undercapitalization,2.0,abstract
unfriendliness,2.0,abstract
unpleasantness,2.0,abstract
unpreparedness,2.0,abstract
unsuitability,2.0,abstract
upbringing,2.0,abstract
villainy,2.0,abstract
wackiness,2.0,abstract
wakefulness,2.0,abstract
ways,2.0,abstract
wellness,2.0,abstract
zealousness,2.0,abstract
with,2.0,abstract
accentuate,2.0,abstract
amaze,2.0,abstract
assessed,2.0,abstract
bequeath,2.0,abstract
beware,2.0,abstract
boggle,2.0,abstract
bother,2.0,abstract
characterize,2.0,abstract
conjugate,2.0,abstract
consign,2.0,abstract
coursed,2.0,abstract
declare,2.0,abstract
deferred,2.0,abstract
delaying,2.0,abstract
demean,2.0,abstract
derive,2.0,abstract
derived,2.0,abstract
devise,2.0,abstract
devote,2.0,abstract
digress,2.0,abstract
domineering,2.0,abstract
done,2.0,abstract
emphasize,2.0,abstract
empower,2.0,abstract
endure,2.0,abstract
engrossing,2.0,abstract
enrich,2.0,abstract
entice,2.0,abstract
enumerate,2.0,abstract
establish,2.0,abstract
evildoing,2.0,abstract
excusing,2.0,abstract
exhilarate,2.0,abstract
favoring,2.0,abstract
forewarning,2.0,abstract
gratified,2.0,abstract
impart,2.0,abstract
incur,2.0,abstract
indoctrinate,2.0,abstract
interject,2.0,abstract
jilt,2.0,abstract
manage,2.0,abstract
merited,2.0,abstract
negotiate,2.0,abstract
nonthreatening,2.0,abstract
obligate,2.0,abstract
overcompensate,2.0,abstract
overindulge,2.0,abstract
overplay,2.0,abstract
oversimplify,2.0,abstract
predict,2.0,abstract
prejudge,2.0,abstract
qualified,2.0,abstract
qualm,2.0,abstract
reassess,2.0,abstract
reduce,2.0,abstract
relate,2.0,abstract
repudiate,2.0,abstract
resonate,2.0,abstract
revert,2.0,abstract
rushed,2.0,abstract
sate,2.0,abstract
specialized,2.0,abstract
splurge,2.0,abstract
tend,2.0,abstract
tenderhearted,2.0,abstract
trivialize,2.0,abstract
troubling,2.0,abstract
unset,2.0,abstract
vex,2.0,abstract
wanting,2.0,abstract
wronged,2.0,abstract
yearning,2.0,abstract
abstinently,2.0,abstract
acquirement,2.0,abstract
acrostically,2.0,abstract
additively,2.0,abstract
affectedness,2.0,abstract
affirmable,2.0,abstract
ampleness,2.0,abstract
antichristian,2.0,abstract
antifeminism,2.0,abstract
apparitional,2.0,abstract
argumentation,2.0,abstract
aspirer,2.0,abstract
astringency,2.0,abstract
augmentative,2.0,abstract
aversely,2.0,abstract
bearably,2.0,abstract
bipartisanship,2.0,abstract
bondless,2.0,abstract
brain drain,2.0,abstract
breadwinning,2.0,abstract
brutalism,2.0,abstract
calmingly,2.0,abstract
causelessly,2.0,abstract
chivalrously,2.0,abstract
circuitously,2.0,abstract
compliancy,2.0,abstract
compliantly,2.0,abstract
complicatedness,2.0,abstract
comprehensively,2.0,abstract
concernedly,2.0,abstract
conflictingly,2.0,abstract
conformant,2.0,abstract
congregationalism,2.0,abstract
conservable,2.0,abstract
continuative,2.0,abstract
costless,2.0,abstract
crapshoot,2.0,abstract
curability,2.0,abstract
damningly,2.0,abstract
darlingness,2.0,abstract
deathless,2.0,abstract
deathlessness,2.0,abstract
debtless,2.0,abstract
decipherable,2.0,abstract
declarable,2.0,abstract
deducibility,2.0,abstract
definiteness,2.0,abstract
degradingly,2.0,abstract
delicateness,2.0,abstract
depreciative,2.0,abstract
detainable,2.0,abstract
detractive,2.0,abstract
disgustful,2.0,abstract
dismountable,2.0,abstract
disruptively,2.0,abstract
distastefulness,2.0,abstract
distinctness,2.0,abstract
distinguishableness,2.0,abstract
distinguishably,2.0,abstract
dominatingly,2.0,abstract
draftiness,2.0,abstract
drollness,2.0,abstract
eeriness,2.0,abstract
entrepreneurship,2.0,abstract
entrustment,2.0,abstract
esoterically,2.0,abstract
evaluative,2.0,abstract
evangelically,2.0,abstract
evangelistically,2.0,abstract
evoker,2.0,abstract
exceptionable,2.0,abstract
exhaustless,2.0,abstract
exorbitantly,2.0,abstract
exoticness,2.0,abstract
expensiveness,2.0,abstract
experiential,2.0,abstract
expressionlessly,2.0,abstract
extrinsically,2.0,abstract
factorability,2.0,abstract
factorization,2.0,abstract
fantasist,2.0,abstract
feminize,2.0,abstract
flagrance,2.0,abstract
flauntingly,2.0,abstract
forbiddance,2.0,abstract
formlessness,2.0,abstract
formularization,2.0,abstract
fractionize,2.0,abstract
fruitlessness,2.0,abstract
functionalize,2.0,abstract
glamorously,2.0,abstract
gossipingly,2.0,abstract
governable,2.0,abstract
graveness,2.0,abstract
greediness,2.0,abstract
gruntingly,2.0,abstract
haggardly,2.0,abstract
heavyhearted,2.0,abstract
heftily,2.0,abstract
hereditarianism,2.0,abstract
hierocracy,2.0,abstract
hoggishly,2.0,abstract
hypnotizable,2.0,abstract
idiosyncratically,2.0,abstract
impassably,2.0,abstract
imposingness,2.0,abstract
impotently,2.0,abstract
incoherency,2.0,abstract
inconsecutive,2.0,abstract
inconspicuousness,2.0,abstract
incumbently,2.0,abstract
indebt,2.0,abstract
indecipherably,2.0,abstract
indigently,2.0,abstract
indispose,2.0,abstract
indistinguishableness,2.0,abstract
inexplicit,2.0,abstract
inhospitableness,2.0,abstract
insensibility,2.0,abstract
institutionally,2.0,abstract
intermitting,2.0,abstract
interruptible,2.0,abstract
intimateness,2.0,abstract
intolerantly,2.0,abstract
issueless,2.0,abstract
kindheartedness,2.0,abstract
lastingness,2.0,abstract
laudability,2.0,abstract
leasable,2.0,abstract
leisured,2.0,abstract
livability,2.0,abstract
localizable,2.0,abstract
malevolently,2.0,abstract
misadjust,2.0,abstract
misarrangement,2.0,abstract
misattribution,2.0,abstract
misbrand,2.0,abstract
miscellaneously,2.0,abstract
molecularly,2.0,abstract
monotonousness,2.0,abstract
multidisciplinary,2.0,abstract
nameable,2.0,abstract
naughtily,2.0,abstract
needlessness,2.0,abstract
noneconomic,2.0,abstract
nonpoisonous,2.0,abstract
nonracial,2.0,abstract
nonsocial,2.0,abstract
offputting,2.0,abstract
omnipresence,2.0,abstract
outmatch,2.0,abstract
overconcentration,2.0,abstract
overemphasize,2.0,abstract
overgenerous,2.0,abstract
overspecialization,2.0,abstract
overvalue,2.0,abstract
pluralization,2.0,abstract
polytheistic,2.0,abstract
premeditatedly,2.0,abstract
prepossess,2.0,abstract
profuseness,2.0,abstract
prolifically,2.0,abstract
readably,2.0,abstract
realizable,2.0,abstract
reanalyze,2.0,abstract
receptively,2.0,abstract
reciprocally,2.0,abstract
recommendable,2.0,abstract
recompletion,2.0,abstract
recumbently,2.0,abstract
redistributive,2.0,abstract
regionalize,2.0,abstract
reincorporate,2.0,abstract
relievable,2.0,abstract
rememorize,2.0,abstract
remobilize,2.0,abstract
rentability,2.0,abstract
reutilization,2.0,abstract
rituality,2.0,abstract
rustically,2.0,abstract
seasonably,2.0,abstract
serviceably,2.0,abstract
shallowly,2.0,abstract
showery,2.0,abstract
sluggishness,2.0,abstract
snappiness,2.0,abstract
social control,2.0,abstract
spare time,2.0,abstract
specifier,2.0,abstract
stomaching,2.0,abstract
stylishness,2.0,abstract
subsidization,2.0,abstract
substitutable,2.0,abstract
subtractive,2.0,abstract
sullenness,2.0,abstract
superiorly,2.0,abstract
systemization,2.0,abstract
tenderheartedly,2.0,abstract
tortuously,2.0,abstract
transmissibility,2.0,abstract
unarticulated,2.0,abstract
unauthenticated,2.0,abstract
unbecomingly,2.0,abstract
uncorrupt,2.0,abstract
undeceived,2.0,abstract
undecipherable,2.0,abstract
undemonstrated,2.0,abstract
undeterminable,2.0,abstract
undeviating,2.0,abstract
uneconomic,2.0,abstract
unexcited,2.0,abstract
unflawed,2.0,abstract
unflustered,2.0,abstract
ungraciousness,2.0,abstract
unheard of,2.0,abstract
unhearing,2.0,abstract
unhesitant,2.0,abstract
unknowledgeable,2.0,abstract
unmeasured,2.0,abstract
unmistaken,2.0,abstract
unmoved,2.0,abstract
unprofitably,2.0,abstract
unreasoningly,2.0,abstract
unreflecting,2.0,abstract
unregretful,2.0,abstract
unreviewable,2.0,abstract
unsearchableness,2.0,abstract
unspectacularly,2.0,abstract
unstipulated,2.0,abstract
unsurprising,2.0,abstract
unswayable,2.0,abstract
valiance,2.0,abstract
vindictively,2.0,abstract
vulgarize,2.0,abstract
warrantable,2.0,abstract
well grounded,2.0,abstract
workless,2.0,abstract
wrathfully,2.0,abstract
ageless,2.03,abstract
anonymous,2.03,abstract
appalling,2.03,abstract
approximate,2.03,abstract
blameful,2.03,abstract
casual,2.03,abstract
cheeky,2.03,abstract
commemorative,2.03,abstract
conscious,2.03,abstract
corrupt,2.03,abstract
displeased,2.03,abstract
doable,2.03,abstract
eminent,2.03,abstract
entire,2.03,abstract
expressive,2.03,abstract
familiar,2.03,abstract
forthcoming,2.03,abstract
genuine,2.03,abstract
happiest,2.03,abstract
implantable,2.03,abstract
incompetent,2.03,abstract
indiscrete,2.03,abstract
integral,2.03,abstract
interchangeable,2.03,abstract
investigative,2.03,abstract
manly,2.03,abstract
microeconomic,2.03,abstract
nonreligious,2.03,abstract
obsessive,2.03,abstract
prohibitive,2.03,abstract
rewarding,2.03,abstract
situational,2.03,abstract
sly,2.03,abstract
sociable,2.03,abstract
somber,2.03,abstract
substantial,2.03,abstract
superior,2.03,abstract
tentative,2.03,abstract
unmentionable,2.03,abstract
unpredictable,2.03,abstract
unread,2.03,abstract
welcoming,2.03,abstract
whacky,2.03,abstract
wretched,2.03,abstract
agreeably,2.03,abstract
alternately,2.03,abstract
automatically,2.03,abstract
bluntly,2.03,abstract
faultlessly,2.03,abstract
fearlessly,2.03,abstract
gainfully,2.03,abstract
gently,2.03,abstract
jealously,2.03,abstract
mostly,2.03,abstract
neighborly,2.03,abstract
outright,2.03,abstract
professionally,2.03,abstract
remotely,2.03,abstract
ritualistically,2.03,abstract
secretly,2.03,abstract
tolerantly,2.03,abstract
unexplainably,2.03,abstract
uniquely,2.03,abstract
these,2.03,abstract
leery,2.03,abstract
unadventurous,2.03,abstract
assimilation,2.03,abstract
awestruck,2.03,abstract
bewilderment,2.03,abstract
contingency,2.03,abstract
continuity,2.03,abstract
cooperation,2.03,abstract
dignity,2.03,abstract
directness,2.03,abstract
fearlessness,2.03,abstract
inclination,2.03,abstract
infidel,2.03,abstract
initiative,2.03,abstract
intentionality,2.03,abstract
irrationality,2.03,abstract
jinx,2.03,abstract
leisure,2.03,abstract
lustfulness,2.03,abstract
offense,2.03,abstract
origin,2.03,abstract
preference,2.03,abstract
processing,2.03,abstract
prowess,2.03,abstract
readjustment,2.03,abstract
rebelliousness,2.03,abstract
reintroduction,2.03,abstract
sainthood,2.03,abstract
savvy,2.03,abstract
situation,2.03,abstract
transferral,2.03,abstract
treason,2.03,abstract
urgency,2.03,abstract
each,2.03,abstract
acknowledge,2.03,abstract
advise,2.03,abstract
assert,2.03,abstract
averted,2.03,abstract
criticize,2.03,abstract
culminate,2.03,abstract
enable,2.03,abstract
expressed,2.03,abstract
flourishing,2.03,abstract
haunt,2.03,abstract
introverted,2.03,abstract
involved,2.03,abstract
misinterpret,2.03,abstract
muster,2.03,abstract
normalize,2.03,abstract
overachieve,2.03,abstract
overshadowing,2.03,abstract
realize,2.03,abstract
recant,2.03,abstract
regulate,2.03,abstract
reincarnate,2.03,abstract
relieving,2.03,abstract
stylize,2.03,abstract
succumb,2.03,abstract
withheld,2.03,abstract
conduciveness,2.03,abstract
congressionally,2.03,abstract
disputably,2.03,abstract
enragement,2.03,abstract
failingly,2.03,abstract
flatteringly,2.03,abstract
gushingly,2.03,abstract
infectiousness,2.03,abstract
insultingly,2.03,abstract
intentness,2.03,abstract
obtainable,2.03,abstract
plagiaristic,2.03,abstract
put through,2.03,abstract
reclassify,2.03,abstract
reformative,2.03,abstract
relatedness,2.03,abstract
remorsefully,2.03,abstract
second class,2.03,abstract
sensitize,2.03,abstract
sex appeal,2.03,abstract
unobservant,2.03,abstract
unresistingly,2.03,abstract
untaken,2.03,abstract
untruthfully,2.03,abstract
actionable,2.04,abstract
airy,2.04,abstract
ambient,2.04,abstract
ancient,2.04,abstract
ballsy,2.04,abstract
bodacious,2.04,abstract
cagey,2.04,abstract
campy,2.04,abstract
cataclysmic,2.04,abstract
chastened,2.04,abstract
chauvinistic,2.04,abstract
chivalrous,2.04,abstract
commensurate,2.04,abstract
compositional,2.04,abstract
concealable,2.04,abstract
conditional,2.04,abstract
congenial,2.04,abstract
constant,2.04,abstract
conversable,2.04,abstract
counteractive,2.04,abstract
datable,2.04,abstract
debatable,2.04,abstract
decent,2.04,abstract
degenerate,2.04,abstract
deviant,2.04,abstract
diehard,2.04,abstract
divisional,2.04,abstract
dodgy,2.04,abstract
draconian,2.04,abstract
easiest,2.04,abstract
effective,2.04,abstract
enjoyable,2.04,abstract
entertaining,2.04,abstract
enviable,2.04,abstract
errant,2.04,abstract
evident,2.04,abstract
exacting,2.04,abstract
farthest,2.04,abstract
fatalistic,2.04,abstract
forgettable,2.04,abstract
fortunate,2.04,abstract
free,2.04,abstract
funky,2.04,abstract
genial,2.04,abstract
goody,2.04,abstract
gossipy,2.04,abstract
gravelly,2.04,abstract
harmonious,2.04,abstract
heartbreaking,2.04,abstract
impervious,2.04,abstract
impromptu,2.04,abstract
inacceptable,2.04,abstract
incredulous,2.04,abstract
indentured,2.04,abstract
independent,2.04,abstract
inductive,2.04,abstract
ineligible,2.04,abstract
informational,2.04,abstract
interscholastic,2.04,abstract
irresponsible,2.04,abstract
isotopic,2.04,abstract
kindhearted,2.04,abstract
lascivious,2.04,abstract
legendary,2.04,abstract
liable,2.04,abstract
majestic,2.04,abstract
mannerly,2.04,abstract
marital,2.04,abstract
marvelous,2.04,abstract
mental,2.04,abstract
miscellaneous,2.04,abstract
multidimensional,2.04,abstract
multifocal,2.04,abstract
mystified,2.04,abstract
mythological,2.04,abstract
naughty,2.04,abstract
nondenominational,2.04,abstract
nonpartisan,2.04,abstract
obsessed,2.04,abstract
operatic,2.04,abstract
opportune,2.04,abstract
opulent,2.04,abstract
other,2.04,abstract
outlandish,2.04,abstract
outlying,2.04,abstract
painstaking,2.04,abstract
participatory,2.04,abstract
prejudiced,2.04,abstract
prewar,2.04,abstract
prissy,2.04,abstract
puzzled,2.04,abstract
qualitative,2.04,abstract
queer,2.04,abstract
reactionary,2.04,abstract
recessive,2.04,abstract
refined,2.04,abstract
restful,2.04,abstract
roguish,2.04,abstract
salient,2.04,abstract
scornful,2.04,abstract
shrewish,2.04,abstract
snide,2.04,abstract
supernatural,2.04,abstract
symptomatic,2.04,abstract
talented,2.04,abstract
terrible,2.04,abstract
tolerable,2.04,abstract
tricky,2.04,abstract
troublesome,2.04,abstract
ubiquitous,2.04,abstract
unalienable,2.04,abstract
unattractive,2.04,abstract
undercharged,2.04,abstract
unenforceable,2.04,abstract
unequivocal,2.04,abstract
unforced,2.04,abstract
ungainly,2.04,abstract
ungentlemanly,2.04,abstract
unhappy,2.04,abstract
unindicted,2.04,abstract
universalist,2.04,abstract
unrelenting,2.04,abstract
unremarked,2.04,abstract
unrestricted,2.04,abstract
unrighteous,2.04,abstract
unschooled,2.04,abstract
unstructured,2.04,abstract
unsupported,2.04,abstract
untested,2.04,abstract
untiring,2.04,abstract
unwatched,2.04,abstract
unwinnable,2.04,abstract
upstanding,2.04,abstract
versatile,2.04,abstract
vicious,2.04,abstract
vivid,2.04,abstract
witching,2.04,abstract
annoyingly,2.04,abstract
anymore,2.04,abstract
capably,2.04,abstract
clearly,2.04,abstract
concretely,2.04,abstract
consistently,2.04,abstract
dauntingly,2.04,abstract
deliciously,2.04,abstract
demonstratively,2.04,abstract
diagnostically,2.04,abstract
diametrically,2.04,abstract
disastrously,2.04,abstract
disgustingly,2.04,abstract
effectively,2.04,abstract
enormously,2.04,abstract
federally,2.04,abstract
ferociously,2.04,abstract
garishly,2.04,abstract
gratifyingly,2.04,abstract
gravely,2.04,abstract
grippingly,2.04,abstract
impeccably,2.04,abstract
incorrigibly,2.04,abstract
indifferently,2.04,abstract
insatiably,2.04,abstract
lavishly,2.04,abstract
methodically,2.04,abstract
mildly,2.04,abstract
monstrously,2.04,abstract
overbearingly,2.04,abstract
pigheadedly,2.04,abstract
pleasantly,2.04,abstract
presumably,2.04,abstract
proficiently,2.04,abstract
prominently,2.04,abstract
reasonably,2.04,abstract
reluctantly,2.04,abstract
scantily,2.04,abstract
scripturally,2.04,abstract
selfishly,2.04,abstract
temporarily,2.04,abstract
tomorrow,2.04,abstract
triumphantly,2.04,abstract
unexpectedly,2.04,abstract
usefully,2.04,abstract
usually,2.04,abstract
willingly,2.04,abstract
but,2.04,abstract
oops,2.04,abstract
evangelistic,2.04,abstract
semiserious,2.04,abstract
abracadabra,2.04,abstract
abruptness,2.04,abstract
acclaim,2.04,abstract
adaptation,2.04,abstract
afterthought,2.04,abstract
analyses,2.04,abstract
apathy,2.04,abstract
attribution,2.04,abstract
autonomy,2.04,abstract
brilliancy,2.04,abstract
causality,2.04,abstract
caution,2.04,abstract
cheekiness,2.04,abstract
cockiness,2.04,abstract
condemnation,2.04,abstract
conformation,2.04,abstract
convenience,2.04,abstract
correlation,2.04,abstract
coyness,2.04,abstract
crabbiness,2.04,abstract
craze,2.04,abstract
cruelty,2.04,abstract
culture,2.04,abstract
diplomacy,2.04,abstract
dissension,2.04,abstract
distaste,2.04,abstract
ecstasy,2.04,abstract
embroil,2.04,abstract
enterprise,2.04,abstract
exhortation,2.04,abstract
expansiveness,2.04,abstract
externalization,2.04,abstract
faintness,2.04,abstract
figment,2.04,abstract
fortitude,2.04,abstract
guesswork,2.04,abstract
heresy,2.04,abstract
homophobia,2.04,abstract
hopefulness,2.04,abstract
hospitableness,2.04,abstract
interlude,2.04,abstract
joyfulness,2.04,abstract
lack,2.04,abstract
latency,2.04,abstract
legalese,2.04,abstract
literacy,2.04,abstract
merriment,2.04,abstract
misery,2.04,abstract
mono,2.04,abstract
negligence,2.04,abstract
nobleness,2.04,abstract
noncompliance,2.04,abstract
nonrandom,2.04,abstract
obligation,2.04,abstract
ordeal,2.04,abstract
patronage,2.04,abstract
perversion,2.04,abstract
pleasure,2.04,abstract
plight,2.04,abstract
power,2.04,abstract
precondition,2.04,abstract
preoccupation,2.04,abstract
psych,2.04,abstract
psychobabble,2.04,abstract
putdown,2.04,abstract
reconnaissance,2.04,abstract
reeducation,2.04,abstract
refinement,2.04,abstract
refutation,2.04,abstract
reinstatement,2.04,abstract
resettlement,2.04,abstract
respect,2.04,abstract
revisionist,2.04,abstract
revulsion,2.04,abstract
richness,2.04,abstract
seediness,2.04,abstract
sensuousness,2.04,abstract
simile,2.04,abstract
solace,2.04,abstract
sovereign,2.04,abstract
territorialism,2.04,abstract
tossup,2.04,abstract
traditionalism,2.04,abstract
tryst,2.04,abstract
vengeance,2.04,abstract
wisenheimer,2.04,abstract
wonderment,2.04,abstract
abounding,2.04,abstract
achiever,2.04,abstract
admire,2.04,abstract
affronted,2.04,abstract
befitting,2.04,abstract
brainwashed,2.04,abstract
calculating,2.04,abstract
coerce,2.04,abstract
conceive,2.04,abstract
condemning,2.04,abstract
confuse,2.04,abstract
dabbling,2.04,abstract
dallying,2.04,abstract
declined,2.04,abstract
denote,2.04,abstract
deprived,2.04,abstract
destabilize,2.04,abstract
equalize,2.04,abstract
feigned,2.04,abstract
foretold,2.04,abstract
forget,2.04,abstract
formalize,2.04,abstract
gone,2.04,abstract
idolize,2.04,abstract
inherit,2.04,abstract
liken,2.04,abstract
loathe,2.04,abstract
malign,2.04,abstract
mistrust,2.04,abstract
mystify,2.04,abstract
opinioned,2.04,abstract
pacify,2.04,abstract
perfected,2.04,abstract
privatize,2.04,abstract
prolong,2.04,abstract
protecting,2.04,abstract
querying,2.04,abstract
reappraise,2.04,abstract
reawaken,2.04,abstract
redevelop,2.04,abstract
regards,2.04,abstract
rejuvenate,2.04,abstract
reserved,2.04,abstract
reunify,2.04,abstract
satisfy,2.04,abstract
stipulate,2.04,abstract
sympathizing,2.04,abstract
tame,2.04,abstract
thwarting,2.04,abstract
trust,2.04,abstract
underestimate,2.04,abstract
upheld,2.04,abstract
vexed,2.04,abstract
vowed,2.04,abstract
wishing,2.04,abstract
abhorrently,2.04,abstract
absorbingly,2.04,abstract
acclaimer,2.04,abstract
acquirable,2.04,abstract
aidless,2.04,abstract
alleviative,2.04,abstract
ambitionless,2.04,abstract
antiquely,2.04,abstract
apparentness,2.04,abstract
append,2.04,abstract
artificialness,2.04,abstract
assignable,2.04,abstract
assistive,2.04,abstract
attributively,2.04,abstract
availableness,2.04,abstract
bad luck,2.04,abstract
bipolarity,2.04,abstract
bloodthirstiness,2.04,abstract
boundlessly,2.04,abstract
breaking point,2.04,abstract
bureaucratically,2.04,abstract
centric,2.04,abstract
ceremoniousness,2.04,abstract
cheekily,2.04,abstract
cheerlessness,2.04,abstract
chill out,2.04,abstract
citable,2.04,abstract
climactically,2.04,abstract
cohere,2.04,abstract
comeliness,2.04,abstract
complicatedly,2.04,abstract
computable,2.04,abstract
conceitedness,2.04,abstract
concentricity,2.04,abstract
concernedness,2.04,abstract
conflictive,2.04,abstract
congruence,2.04,abstract
consequentiality,2.04,abstract
consultancy,2.04,abstract
continuingly,2.04,abstract
cowardliness,2.04,abstract
creakingly,2.04,abstract
creatable,2.04,abstract
creativeness,2.04,abstract
deducible,2.04,abstract
deliriousness,2.04,abstract
demandable,2.04,abstract
demilitarization,2.04,abstract
denunciate,2.04,abstract
denunciation,2.04,abstract
dependently,2.04,abstract
deplorableness,2.04,abstract
designative,2.04,abstract
difficultly,2.04,abstract
discernibly,2.04,abstract
discontinuously,2.04,abstract
dispossession,2.04,abstract
disunite,2.04,abstract
doggedness,2.04,abstract
dotingly,2.04,abstract
drabness,2.04,abstract
earthliness,2.04,abstract
educability,2.04,abstract
elapse,2.04,abstract
enamor,2.04,abstract
enterprisingly,2.04,abstract
essentialist,2.04,abstract
exaggeratingly,2.04,abstract
expertness,2.04,abstract
fab,2.04,abstract
fair chance,2.04,abstract
falsifiable,2.04,abstract
fatherlessness,2.04,abstract
fawningly,2.04,abstract
felinely,2.04,abstract
femininely,2.04,abstract
festively,2.04,abstract
fiendishness,2.04,abstract
fiftyfold,2.04,abstract
filterable,2.04,abstract
findable,2.04,abstract
fittingness,2.04,abstract
flittingly,2.04,abstract
focalization,2.04,abstract
foolhardily,2.04,abstract
forcibility,2.04,abstract
fortuneless,2.04,abstract
fraudulency,2.04,abstract
frivolousness,2.04,abstract
funkiness,2.04,abstract
fusibility,2.04,abstract
go off,2.04,abstract
hearten,2.04,abstract
hesitatingly,2.04,abstract
hopingly,2.04,abstract
hungriness,2.04,abstract
hypercriticism,2.04,abstract
ideologist,2.04,abstract
illegitimately,2.04,abstract
implausibility,2.04,abstract
importability,2.04,abstract
improperness,2.04,abstract
inaptitude,2.04,abstract
inarticulateness,2.04,abstract
incoherence,2.04,abstract
increasable,2.04,abstract
inextinguishably,2.04,abstract
infirmness,2.04,abstract
inharmoniously,2.04,abstract
innumerability,2.04,abstract
inscriptional,2.04,abstract
instructiveness,2.04,abstract
interdenominational,2.04,abstract
intermittency,2.04,abstract
internationalism,2.04,abstract
introversion,2.04,abstract
intuitionally,2.04,abstract
invalidator,2.04,abstract
irresponsiveness,2.04,abstract
jokeless,2.04,abstract
judgelike,2.04,abstract
juvenility,2.04,abstract
laboriousness,2.04,abstract
lecherously,2.04,abstract
linger over,2.04,abstract
loathingly,2.04,abstract
loquaciously,2.04,abstract
lousiness,2.04,abstract
lustrously,2.04,abstract
marxist,2.04,abstract
mentorship,2.04,abstract
mind set,2.04,abstract
mindlessness,2.04,abstract
misapply,2.04,abstract
misclassify,2.04,abstract
miscomprehension,2.04,abstract
miscomputation,2.04,abstract
misgauge,2.04,abstract
multilaterally,2.04,abstract
murkily,2.04,abstract
natively,2.04,abstract
nazism,2.04,abstract
nonhereditary,2.04,abstract
nonparty,2.04,abstract
nonpresidential,2.04,abstract
notational,2.04,abstract
observationally,2.04,abstract
obtrusively,2.04,abstract
omissible,2.04,abstract
palatability,2.04,abstract
pithily,2.04,abstract
pneumatically,2.04,abstract
poeticize,2.04,abstract
preparative,2.04,abstract
progressivity,2.04,abstract
psychotherapeutic,2.04,abstract
remarket,2.04,abstract
respectworthy,2.04,abstract
resurgent,2.04,abstract
reviewable,2.04,abstract
revisionism,2.04,abstract
riotousness,2.04,abstract
roguishness,2.04,abstract
scrumptiously,2.04,abstract
set back,2.04,abstract
shortlived,2.04,abstract
sickeningly,2.04,abstract
skimpiness,2.04,abstract
soliloquize,2.04,abstract
sportiveness,2.04,abstract
stigmatize,2.04,abstract
stressfully,2.04,abstract
synchronously,2.04,abstract
tangentially,2.04,abstract
thanklessly,2.04,abstract
threateningly,2.04,abstract
toxicologically,2.04,abstract
tractability,2.04,abstract
twofaced,2.04,abstract
ultraliberal,2.04,abstract
unblushingly,2.04,abstract
unconfidently,2.04,abstract
uncontrived,2.04,abstract
uncouthly,2.04,abstract
underfund,2.04,abstract
ungrudging,2.04,abstract
unhandsomely,2.04,abstract
unhelpfully,2.04,abstract
unpresuming,2.04,abstract
unpronounced,2.04,abstract
unprosecuted,2.04,abstract
unselective,2.04,abstract
unsighted,2.04,abstract
unsusceptible,2.04,abstract
untraveled,2.04,abstract
urbanism,2.04,abstract
urbanize,2.04,abstract
vacuously,2.04,abstract
whosesoever,2.04,abstract
zoophobia,2.04,abstract
consumptive,2.05,abstract
despairing,2.05,abstract
disapproving,2.05,abstract
mutative,2.05,abstract
perceptible,2.05,abstract
opportunely,2.05,abstract
superfluously,2.05,abstract
cant,2.05,abstract
descriptor,2.05,abstract
harebrain,2.05,abstract
knack,2.05,abstract
regionalism,2.05,abstract
transmigration,2.05,abstract
coalescent,2.05,abstract
convolute,2.05,abstract
creditably,2.05,abstract
disconnectedness,2.05,abstract
expansibility,2.05,abstract
extractive,2.05,abstract
fertilizable,2.05,abstract
instrumentality,2.05,abstract
splendorous,2.05,abstract
finicky,2.06,abstract
frustration,2.06,abstract
tenderness,2.06,abstract
blame,2.06,abstract
unimaginativeness,2.06,abstract
abiding,2.07,abstract
accustomed,2.07,abstract
achievable,2.07,abstract
advantageous,2.07,abstract
agreeable,2.07,abstract
alarming,2.07,abstract
alluring,2.07,abstract
antagonistic,2.07,abstract
arrogant,2.07,abstract
aseptic,2.07,abstract
assertive,2.07,abstract
avenging,2.07,abstract
bookish,2.07,abstract
boring,2.07,abstract
bountiful,2.07,abstract
brilliant,2.07,abstract
burdensome,2.07,abstract
categorical,2.07,abstract
censorable,2.07,abstract
certifiable,2.07,abstract
civil,2.07,abstract
coercive,2.07,abstract
common,2.07,abstract
consecrated,2.07,abstract
costly,2.07,abstract
defensive,2.07,abstract
defiant,2.07,abstract
definite,2.07,abstract
developmental,2.07,abstract
directional,2.07,abstract
easy,2.07,abstract
egocentric,2.07,abstract
emergent,2.07,abstract
enchanted,2.07,abstract
enchanting,2.07,abstract
extracurricular,2.07,abstract
famous,2.07,abstract
flagrant,2.07,abstract
forceful,2.07,abstract
fruitless,2.07,abstract
hateful,2.07,abstract
helpless,2.07,abstract
horrendous,2.07,abstract
immoderate,2.07,abstract
immodest,2.07,abstract
impressive,2.07,abstract
inconspicuous,2.07,abstract
inconstant,2.07,abstract
inconvertible,2.07,abstract
incorrect,2.07,abstract
indelicate,2.07,abstract
indispensable,2.07,abstract
intimate,2.07,abstract
jaded,2.07,abstract
latest,2.07,abstract
laughable,2.07,abstract
listless,2.07,abstract
logarithmic,2.07,abstract
logistical,2.07,abstract
mega,2.07,abstract
mystical,2.07,abstract
narcissistic,2.07,abstract
nonphysical,2.07,abstract
nosy,2.07,abstract
obvious,2.07,abstract
occupational,2.07,abstract
original,2.07,abstract
overindulgent,2.07,abstract
periodic,2.07,abstract
praiseworthy,2.07,abstract
prejudicial,2.07,abstract
proud,2.07,abstract
provisional,2.07,abstract
ready,2.07,abstract
realistic,2.07,abstract
regretful,2.07,abstract
sacrificial,2.07,abstract
sadistic,2.07,abstract
satisfied,2.07,abstract
serene,2.07,abstract
successful,2.07,abstract
terrific,2.07,abstract
thrilling,2.07,abstract
tolerant,2.07,abstract
unadulterated,2.07,abstract
unbiased,2.07,abstract
uncomfortable,2.07,abstract
uncommunicative,2.07,abstract
unconcerned,2.07,abstract
uncreative,2.07,abstract
undeserved,2.07,abstract
unformed,2.07,abstract
ungracious,2.07,abstract
unified,2.07,abstract
unintelligible,2.07,abstract
unobserved,2.07,abstract
unpopular,2.07,abstract
unprepared,2.07,abstract
unprogressive,2.07,abstract
unreachable,2.07,abstract
unreported,2.07,abstract
unshakable,2.07,abstract
untamed,2.07,abstract
unworldly,2.07,abstract
warrantless,2.07,abstract
willing,2.07,abstract
wistful,2.07,abstract
youngish,2.07,abstract
alertly,2.07,abstract
commendably,2.07,abstract
consciously,2.07,abstract
correctly,2.07,abstract
educationally,2.07,abstract
energetically,2.07,abstract
erotically,2.07,abstract
excitingly,2.07,abstract
explicitly,2.07,abstract
fairly,2.07,abstract
feverishly,2.07,abstract
geographically,2.07,abstract
glaringly,2.07,abstract
handsomely,2.07,abstract
hardily,2.07,abstract
hesitantly,2.07,abstract
hilariously,2.07,abstract
imperfectly,2.07,abstract
insufferably,2.07,abstract
intellectually,2.07,abstract
likewise,2.07,abstract
mercilessly,2.07,abstract
miserably,2.07,abstract
momentarily,2.07,abstract
occasionally,2.07,abstract
ominously,2.07,abstract
patriotically,2.07,abstract
personally,2.07,abstract
preferably,2.07,abstract
promptly,2.07,abstract
repulsively,2.07,abstract
royally,2.07,abstract
scientifically,2.07,abstract
statistically,2.07,abstract
strictly,2.07,abstract
stylistically,2.07,abstract
sudden,2.07,abstract
variably,2.07,abstract
winningly,2.07,abstract
god,2.07,abstract
allegory,2.07,abstract
amusement,2.07,abstract
appropriateness,2.07,abstract
bashfulness,2.07,abstract
birdbrain,2.07,abstract
charisma,2.07,abstract
cleverness,2.07,abstract
commercialism,2.07,abstract
commercialization,2.07,abstract
connotation,2.07,abstract
consecration,2.07,abstract
conviction,2.07,abstract
counterterrorism,2.07,abstract
criticism,2.07,abstract
decentralization,2.07,abstract
decommissioning,2.07,abstract
deficiency,2.07,abstract
doings,2.07,abstract
dramatics,2.07,abstract
edginess,2.07,abstract
effectiveness,2.07,abstract
exactness,2.07,abstract
exclusion,2.07,abstract
favor,2.07,abstract
feminization,2.07,abstract
fulfillment,2.07,abstract
hairsplitting,2.07,abstract
hesitancy,2.07,abstract
hiatus,2.07,abstract
hindrance,2.07,abstract
hindsight,2.07,abstract
immediacy,2.07,abstract
immunity,2.07,abstract
imperfection,2.07,abstract
inaction,2.07,abstract
individuality,2.07,abstract
infidelity,2.07,abstract
insensitivity,2.07,abstract
intermediary,2.07,abstract
jargon,2.07,abstract
jurisdiction,2.07,abstract
kind,2.07,abstract
kindliness,2.07,abstract
kinkiness,2.07,abstract
legitimacy,2.07,abstract
loveliness,2.07,abstract
militarism,2.07,abstract
misfortune,2.07,abstract
misuse,2.07,abstract
monotheism,2.07,abstract
musicianship,2.07,abstract
origination,2.07,abstract
overexcite,2.07,abstract
overindulgence,2.07,abstract
playfulness,2.07,abstract
premier,2.07,abstract
preventer,2.07,abstract
proxy,2.07,abstract
recollection,2.07,abstract
reevaluation,2.07,abstract
reformation,2.07,abstract
reminiscence,2.07,abstract
resemblance,2.07,abstract
restructuring,2.07,abstract
ridicule,2.07,abstract
salvation,2.07,abstract
scarcity,2.07,abstract
serialization,2.07,abstract
solitude,2.07,abstract
superstition,2.07,abstract
surefire,2.07,abstract
testiness,2.07,abstract
times,2.07,abstract
tragedy,2.07,abstract
travesty,2.07,abstract
ultimatum,2.07,abstract
unavailability,2.07,abstract
usage,2.07,abstract
vulgarity,2.07,abstract
westernization,2.07,abstract
wretchedness,2.07,abstract
at,2.07,abstract
spite,2.07,abstract
itself,2.07,abstract
avenge,2.07,abstract
beheld,2.07,abstract
bestow,2.07,abstract
clarify,2.07,abstract
coming,2.07,abstract
confiding,2.07,abstract
consist,2.07,abstract
contend,2.07,abstract
convinced,2.07,abstract
craving,2.07,abstract
debunk,2.07,abstract
deceiving,2.07,abstract
defined,2.07,abstract
devalue,2.07,abstract
doubting,2.07,abstract
engage,2.07,abstract
fathom,2.07,abstract
getting,2.07,abstract
grounded,2.07,abstract
humiliate,2.07,abstract
impress,2.07,abstract
improvise,2.07,abstract
incriminate,2.07,abstract
indulging,2.07,abstract
infuriate,2.07,abstract
intercede,2.07,abstract
languish,2.07,abstract
lapsed,2.07,abstract
love,2.07,abstract
misbehave,2.07,abstract
misread,2.07,abstract
motivate,2.07,abstract
overprice,2.07,abstract
overstress,2.07,abstract
owe,2.07,abstract
perpetrate,2.07,abstract
persuade,2.07,abstract
pigheaded,2.07,abstract
possessing,2.07,abstract
potentiate,2.07,abstract
prepared,2.07,abstract
rebuke,2.07,abstract
recognize,2.07,abstract
renew,2.07,abstract
require,2.07,abstract
resound,2.07,abstract
standardize,2.07,abstract
strive,2.07,abstract
swayed,2.07,abstract
tried,2.07,abstract
undercut,2.07,abstract
underwent,2.07,abstract
welcome,2.07,abstract
wondering,2.07,abstract
abrasively,2.07,abstract
aggregative,2.07,abstract
airworthiness,2.07,abstract
anonymousness,2.07,abstract
argumentatively,2.07,abstract
articulateness,2.07,abstract
ashamedness,2.07,abstract
astrologically,2.07,abstract
attributer,2.07,abstract
bafflement,2.07,abstract
biological clock,2.07,abstract
broodingly,2.07,abstract
comfort zone,2.07,abstract
confusingly,2.07,abstract
convertibly,2.07,abstract
countrywide,2.07,abstract
debilitative,2.07,abstract
deliberateness,2.07,abstract
discontinuity,2.07,abstract
discreteness,2.07,abstract
disguisable,2.07,abstract
disincentive,2.07,abstract
divisibly,2.07,abstract
divisionary,2.07,abstract
dominantly,2.07,abstract
double entendre,2.07,abstract
dreamingly,2.07,abstract
elate,2.07,abstract
evangelize,2.07,abstract
exhaustedly,2.07,abstract
factor in,2.07,abstract
flirtatiousness,2.07,abstract
foundational,2.07,abstract
freemasonic,2.07,abstract
gatherable,2.07,abstract
glorifier,2.07,abstract
grandmotherly,2.07,abstract
grievingly,2.07,abstract
groaningly,2.07,abstract
hard core,2.07,abstract
harmlessness,2.07,abstract
healthiness,2.07,abstract
in time,2.07,abstract
incompletion,2.07,abstract
indefensibly,2.07,abstract
innumerate,2.07,abstract
inseparably,2.07,abstract
interrelation,2.07,abstract
joinable,2.07,abstract
kindheartedly,2.07,abstract
last judgment,2.07,abstract
lengthiness,2.07,abstract
longterm,2.07,abstract
lucidly,2.07,abstract
lushly,2.07,abstract
masterfulness,2.07,abstract
microanalysis,2.07,abstract
misapprehend,2.07,abstract
misshapenness,2.07,abstract
mistranslate,2.07,abstract
negligibility,2.07,abstract
nitty gritty,2.07,abstract
nonclinical,2.07,abstract
noncommercial,2.07,abstract
nondestructive,2.07,abstract
nonretirement,2.07,abstract
nonscheduled,2.07,abstract
nontransferable,2.07,abstract
nonvolatile,2.07,abstract
old fashioned,2.07,abstract
overassertive,2.07,abstract
overcautious,2.07,abstract
overcurious,2.07,abstract
personalization,2.07,abstract
ponderingly,2.07,abstract
possessively,2.07,abstract
prospectively,2.07,abstract
recoupment,2.07,abstract
renouncement,2.07,abstract
restrictiveness,2.07,abstract
rousingly,2.07,abstract
satiability,2.07,abstract
satisfyingly,2.07,abstract
sketchily,2.07,abstract
skimpily,2.07,abstract
supplementation,2.07,abstract
sureness,2.07,abstract
unbinding,2.07,abstract
under control,2.07,abstract
underachieve,2.07,abstract
undisrupted,2.07,abstract
unfaltering,2.07,abstract
ungraspable,2.07,abstract
unnoticing,2.07,abstract
unpurified,2.07,abstract
unsubtle,2.07,abstract
unthankfully,2.07,abstract
vapidly,2.07,abstract
acquisitive,2.08,abstract
antidemocratic,2.08,abstract
authoritarian,2.08,abstract
awash,2.08,abstract
blatant,2.08,abstract
chaotic,2.08,abstract
confidential,2.08,abstract
contributory,2.08,abstract
convergent,2.08,abstract
cordial,2.08,abstract
crotchety,2.08,abstract
crucial,2.08,abstract
deployable,2.08,abstract
destitute,2.08,abstract
divisive,2.08,abstract
elemental,2.08,abstract
finer,2.08,abstract
flighty,2.08,abstract
fundamentalist,2.08,abstract
gratifying,2.08,abstract
heartening,2.08,abstract
holistic,2.08,abstract
immaterial,2.08,abstract
innocuous,2.08,abstract
insurrectional,2.08,abstract
meager,2.08,abstract
meaner,2.08,abstract
melodramatic,2.08,abstract
misguided,2.08,abstract
pedantic,2.08,abstract
postmodern,2.08,abstract
provable,2.08,abstract
redeemable,2.08,abstract
schizoid,2.08,abstract
stimulatory,2.08,abstract
tactical,2.08,abstract
technological,2.08,abstract
terrifying,2.08,abstract
thunderstruck,2.08,abstract
tiresome,2.08,abstract
tuneless,2.08,abstract
undefeatable,2.08,abstract
unguarded,2.08,abstract
unheeded,2.08,abstract
unrevealing,2.08,abstract
unseasonable,2.08,abstract
untutored,2.08,abstract
unwedded,2.08,abstract
alchemically,2.08,abstract
anxiously,2.08,abstract
dillydally,2.08,abstract
drably,2.08,abstract
embarrassingly,2.08,abstract
enchantingly,2.08,abstract
finely,2.08,abstract
gaily,2.08,abstract
grimly,2.08,abstract
handily,2.08,abstract
impatiently,2.08,abstract
medially,2.08,abstract
philanthropically,2.08,abstract
precariously,2.08,abstract
sedately,2.08,abstract
serially,2.08,abstract
somewhere,2.08,abstract
tamely,2.08,abstract
terrifyingly,2.08,abstract
uproariously,2.08,abstract
not,2.08,abstract
acceptant,2.08,abstract
blessings,2.08,abstract
concurrence,2.08,abstract
consent,2.08,abstract
consumerism,2.08,abstract
dangerousness,2.08,abstract
defeatist,2.08,abstract
destitution,2.08,abstract
deterrence,2.08,abstract
deviance,2.08,abstract
distinction,2.08,abstract
downturn,2.08,abstract
duration,2.08,abstract
effervescence,2.08,abstract
elation,2.08,abstract
failure,2.08,abstract
falsification,2.08,abstract
feudalism,2.08,abstract
micro,2.08,abstract
mindblower,2.08,abstract
mishmash,2.08,abstract
necessity,2.08,abstract
nepotism,2.08,abstract
nonperson,2.08,abstract
personality,2.08,abstract
prelaw,2.08,abstract
propagation,2.08,abstract
questing,2.08,abstract
reactivation,2.08,abstract
reinvestment,2.08,abstract
resiliency,2.08,abstract
singularity,2.08,abstract
stumper,2.08,abstract
survivorship,2.08,abstract
syntax,2.08,abstract
tangent,2.08,abstract
unchallenging,2.08,abstract
valuation,2.08,abstract
vendetta,2.08,abstract
whosoever,2.08,abstract
abdicate,2.08,abstract
articulated,2.08,abstract
befoul,2.08,abstract
concur,2.08,abstract
conduct,2.08,abstract
consummate,2.08,abstract
convalesce,2.08,abstract
delayed,2.08,abstract
dote,2.08,abstract
ended,2.08,abstract
engrained,2.08,abstract
enrapture,2.08,abstract
foresee,2.08,abstract
hoodwink,2.08,abstract
integrate,2.08,abstract
languishing,2.08,abstract
maddening,2.08,abstract
micromanage,2.08,abstract
numbskull,2.08,abstract
procrastinating,2.08,abstract
rattlebrained,2.08,abstract
recheck,2.08,abstract
rectify,2.08,abstract
sidetrack,2.08,abstract
undercutting,2.08,abstract
understate,2.08,abstract
accentually,2.08,abstract
accentuation,2.08,abstract
administrational,2.08,abstract
alienator,2.08,abstract
answerless,2.08,abstract
anxiousness,2.08,abstract
asexually,2.08,abstract
attainability,2.08,abstract
attemptable,2.08,abstract
averagely,2.08,abstract
blusterous,2.08,abstract
brainlessness,2.08,abstract
causally,2.08,abstract
collectedly,2.08,abstract
comfortlessly,2.08,abstract
communization,2.08,abstract
commutability,2.08,abstract
companionably,2.08,abstract
confirmatory,2.08,abstract
conspicuousness,2.08,abstract
contradictoriness,2.08,abstract
countermotion,2.08,abstract
cousinship,2.08,abstract
crummier,2.08,abstract
decipherability,2.08,abstract
detectably,2.08,abstract
devisable,2.08,abstract
dovelike,2.08,abstract
drivingly,2.08,abstract
electronegative,2.08,abstract
equalitarianism,2.08,abstract
equitably,2.08,abstract
excludable,2.08,abstract
exoticism,2.08,abstract
externality,2.08,abstract
extrusive,2.08,abstract
folksiness,2.08,abstract
foxiness,2.08,abstract
ghostliness,2.08,abstract
go over,2.08,abstract
gradualness,2.08,abstract
grievousness,2.08,abstract
hazily,2.08,abstract
immoderation,2.08,abstract
incompliant,2.08,abstract
instrumentalism,2.08,abstract
intermesh,2.08,abstract
intricateness,2.08,abstract
irresolvable,2.08,abstract
larkish,2.08,abstract
mentionable,2.08,abstract
mutualism,2.08,abstract
negotiability,2.08,abstract
noncommittally,2.08,abstract
noncurrent,2.08,abstract
noncyclical,2.08,abstract
nonfactual,2.08,abstract
obsceneness,2.08,abstract
openhandedness,2.08,abstract
overhasty,2.08,abstract
perceivable,2.08,abstract
precociousness,2.08,abstract
preordain,2.08,abstract
presidentially,2.08,abstract
promiscuousness,2.08,abstract
protract,2.08,abstract
ravenously,2.08,abstract
renewability,2.08,abstract
restoratively,2.08,abstract
satanically,2.08,abstract
semitism,2.08,abstract
separability,2.08,abstract
serviceableness,2.08,abstract
shrillness,2.08,abstract
sleekly,2.08,abstract
sleeplike,2.08,abstract
social welfare,2.08,abstract
statically,2.08,abstract
stigmatization,2.08,abstract
supervisorial,2.08,abstract
take advantage,2.08,abstract
tuneful,2.08,abstract
uncorrectable,2.08,abstract
undammed,2.08,abstract
unmanageably,2.08,abstract
unperformed,2.08,abstract
unwatchful,2.08,abstract
victimhood,2.08,abstract
blacker,2.09,abstract
cutesy,2.09,abstract
errorless,2.09,abstract
focal,2.09,abstract
lovesick,2.09,abstract
petty,2.09,abstract
trite,2.09,abstract
unharnessed,2.09,abstract
indefinitely,2.09,abstract
minimally,2.09,abstract
numbly,2.09,abstract
wisely,2.09,abstract
aye,2.09,abstract
devilry,2.09,abstract
enticement,2.09,abstract
nationalist,2.09,abstract
patrimony,2.09,abstract
petulance,2.09,abstract
reprehend,2.09,abstract
snippety,2.09,abstract
tad,2.09,abstract
disclaim,2.09,abstract
jesting,2.09,abstract
oversexed,2.09,abstract
promise,2.09,abstract
blushless,2.09,abstract
delusory,2.09,abstract
digestibly,2.09,abstract
dissimilarly,2.09,abstract
exclusionist,2.09,abstract
exportability,2.09,abstract
flickeringly,2.09,abstract
gloomily,2.09,abstract
incivility,2.09,abstract
ownerless,2.09,abstract
ragingly,2.09,abstract
synergetic,2.09,abstract
tangibly,2.09,abstract
tastily,2.09,abstract
underbred,2.09,abstract
unpardoned,2.09,abstract
untypical,2.09,abstract
affordable,2.1,abstract
appetizing,2.1,abstract
biographical,2.1,abstract
blessed,2.1,abstract
cultural,2.1,abstract
dazzling,2.1,abstract
devastating,2.1,abstract
discomforting,2.1,abstract
educational,2.1,abstract
exasperated,2.1,abstract
faulty,2.1,abstract
frantic,2.1,abstract
immediate,2.1,abstract
incriminating,2.1,abstract
intentional,2.1,abstract
invasive,2.1,abstract
irritating,2.1,abstract
manageable,2.1,abstract
mannered,2.1,abstract
medicinal,2.1,abstract
mournful,2.1,abstract
obsolete,2.1,abstract
offensive,2.1,abstract
personable,2.1,abstract
prehistoric,2.1,abstract
radical,2.1,abstract
serious,2.1,abstract
thriving,2.1,abstract
tremendous,2.1,abstract
trivial,2.1,abstract
uncensored,2.1,abstract
undeliverable,2.1,abstract
unsatisfactory,2.1,abstract
unsophisticated,2.1,abstract
untelevised,2.1,abstract
useable,2.1,abstract
vast,2.1,abstract
wilder,2.1,abstract
awry,2.1,abstract
bashfully,2.1,abstract
blindingly,2.1,abstract
clownishly,2.1,abstract
comfortably,2.1,abstract
generously,2.1,abstract
groggily,2.1,abstract
incoherently,2.1,abstract
joyously,2.1,abstract
regionally,2.1,abstract
spectacularly,2.1,abstract
tastefully,2.1,abstract
urgently,2.1,abstract
adjustability,2.1,abstract
advancement,2.1,abstract
alchemy,2.1,abstract
assertiveness,2.1,abstract
cancellation,2.1,abstract
cheater,2.1,abstract
conceit,2.1,abstract
concentration,2.1,abstract
cowardice,2.1,abstract
creed,2.1,abstract
derangement,2.1,abstract
disposition,2.1,abstract
functionality,2.1,abstract
futility,2.1,abstract
interchangeability,2.1,abstract
motivation,2.1,abstract
perfectionism,2.1,abstract
phobia,2.1,abstract
postmodernism,2.1,abstract
raunchy,2.1,abstract
rejuvenation,2.1,abstract
reluctance,2.1,abstract
reoccurrence,2.1,abstract
repulsion,2.1,abstract
sentiment,2.1,abstract
tactic,2.1,abstract
temperance,2.1,abstract
topnotch,2.1,abstract
unimportance,2.1,abstract
variant,2.1,abstract
arbitrate,2.1,abstract
belittle,2.1,abstract
deem,2.1,abstract
deregulate,2.1,abstract
deviate,2.1,abstract
flourish,2.1,abstract
forming,2.1,abstract
glorify,2.1,abstract
happening,2.1,abstract
impeding,2.1,abstract
inhibit,2.1,abstract
meddling,2.1,abstract
nonbeliever,2.1,abstract
nullify,2.1,abstract
solve,2.1,abstract
suppressed,2.1,abstract
tempt,2.1,abstract
unappealing,2.1,abstract
uniting,2.1,abstract
unsaid,2.1,abstract
urging,2.1,abstract
verify,2.1,abstract
wasting,2.1,abstract
biographic,2.1,abstract
biometrical,2.1,abstract
blissfulness,2.1,abstract
broadness,2.1,abstract
diminishable,2.1,abstract
dissatisfactory,2.1,abstract
early on,2.1,abstract
engrain,2.1,abstract
impermeability,2.1,abstract
inclemently,2.1,abstract
indicatory,2.1,abstract
infrequency,2.1,abstract
insusceptible,2.1,abstract
intermittence,2.1,abstract
joylessly,2.1,abstract
meagerly,2.1,abstract
overinvestment,2.1,abstract
perseveration,2.1,abstract
productiveness,2.1,abstract
queerness,2.1,abstract
religiousness,2.1,abstract
sell out,2.1,abstract
sensualist,2.1,abstract
signification,2.1,abstract
subclass,2.1,abstract
time consuming,2.1,abstract
traceless,2.1,abstract
unaccepted,2.1,abstract
unstylish,2.1,abstract
academic,2.11,abstract
available,2.11,abstract
baseless,2.11,abstract
bottomless,2.11,abstract
cheap,2.11,abstract
collaborative,2.11,abstract
contingent,2.11,abstract
continuous,2.11,abstract
cruel,2.11,abstract
daunting,2.11,abstract
discreet,2.11,abstract
disdainful,2.11,abstract
distinct,2.11,abstract
dreaded,2.11,abstract
embarrassing,2.11,abstract
enticing,2.11,abstract
excellent,2.11,abstract
exclusive,2.11,abstract
exotic,2.11,abstract
fabled,2.11,abstract
fairer,2.11,abstract
fictional,2.11,abstract
glum,2.11,abstract
incorrigible,2.11,abstract
inhumane,2.11,abstract
innovating,2.11,abstract
laborsaving,2.11,abstract
logical,2.11,abstract
maneuverable,2.11,abstract
nonfunctional,2.11,abstract
noteworthy,2.11,abstract
philanthropic,2.11,abstract
picky,2.11,abstract
plentiful,2.11,abstract
powerless,2.11,abstract
problematic,2.11,abstract
quizzical,2.11,abstract
rejuvenated,2.11,abstract
reportable,2.11,abstract
repulsive,2.11,abstract
stigmatic,2.11,abstract
straitlaced,2.11,abstract
subservient,2.11,abstract
sultry,2.11,abstract
supplementary,2.11,abstract
symbolic,2.11,abstract
transnational,2.11,abstract
unattributed,2.11,abstract
unchallenged,2.11,abstract
unchanging,2.11,abstract
uncharitable,2.11,abstract
unchecked,2.11,abstract
unconquerable,2.11,abstract
uncontrollable,2.11,abstract
undated,2.11,abstract
unexamined,2.11,abstract
unnumbered,2.11,abstract
unobtrusive,2.11,abstract
unpreserved,2.11,abstract
unrecognizable,2.11,abstract
unsightly,2.11,abstract
unsolicited,2.11,abstract
untrue,2.11,abstract
varying,2.11,abstract
wholehearted,2.11,abstract
wicked,2.11,abstract
amicably,2.11,abstract
appallingly,2.11,abstract
ceremonially,2.11,abstract
confidently,2.11,abstract
departmentally,2.11,abstract
economically,2.11,abstract
exactly,2.11,abstract
extensively,2.11,abstract
faintly,2.11,abstract
giddily,2.11,abstract
grammatically,2.11,abstract
humanely,2.11,abstract
intentionally,2.11,abstract
intermittently,2.11,abstract
lustfully,2.11,abstract
mutely,2.11,abstract
negatively,2.11,abstract
ok,2.11,abstract
poetically,2.11,abstract
promiscuously,2.11,abstract
puzzlingly,2.11,abstract
rashly,2.11,abstract
saucily,2.11,abstract
sooner,2.11,abstract
teasingly,2.11,abstract
warily,2.11,abstract
timeliness,2.11,abstract
animosity,2.11,abstract
assessment,2.11,abstract
baseness,2.11,abstract
bluntness,2.11,abstract
cautiousness,2.11,abstract
centralization,2.11,abstract
challenge,2.11,abstract
chastisement,2.11,abstract
conclusion,2.11,abstract
consistence,2.11,abstract
contradiction,2.11,abstract
countersuit,2.11,abstract
crises,2.11,abstract
decommission,2.11,abstract
demineralization,2.11,abstract
demoralization,2.11,abstract
disgrace,2.11,abstract
elaboration,2.11,abstract
fierceness,2.11,abstract
fragility,2.11,abstract
glamour,2.11,abstract
governance,2.11,abstract
immorality,2.11,abstract
incompleteness,2.11,abstract
influence,2.11,abstract
intimidation,2.11,abstract
lameness,2.11,abstract
lateness,2.11,abstract
matrimony,2.11,abstract
medievalism,2.11,abstract
naturalization,2.11,abstract
norm,2.11,abstract
oddity,2.11,abstract
overreaction,2.11,abstract
posterity,2.11,abstract
premium,2.11,abstract
recklessness,2.11,abstract
relation,2.11,abstract
scatterbrains,2.11,abstract
slightness,2.11,abstract
sooth,2.11,abstract
sternness,2.11,abstract
strangeness,2.11,abstract
tolerance,2.11,abstract
turmoil,2.11,abstract
unionism,2.11,abstract
ascertain,2.11,abstract
bewitch,2.11,abstract
conspiring,2.11,abstract
debilitated,2.11,abstract
delude,2.11,abstract
disconcerted,2.11,abstract
federalize,2.11,abstract
feign,2.11,abstract
impeach,2.11,abstract
incarnate,2.11,abstract
knowhow,2.11,abstract
mesmerize,2.11,abstract
overreact,2.11,abstract
perceiving,2.11,abstract
persecuting,2.11,abstract
pretend,2.11,abstract
prophesy,2.11,abstract
regulated,2.11,abstract
resulting,2.11,abstract
skittish,2.11,abstract
strived,2.11,abstract
suggesting,2.11,abstract
supplicating,2.11,abstract
trying,2.11,abstract
above all,2.11,abstract
adherently,2.11,abstract
briefness,2.11,abstract
calculatingly,2.11,abstract
classicalism,2.11,abstract
comparability,2.11,abstract
cosmologically,2.11,abstract
counterapproach,2.11,abstract
elfish,2.11,abstract
evolutionism,2.11,abstract
excellency,2.11,abstract
excentricity,2.11,abstract
finitely,2.11,abstract
formlessly,2.11,abstract
gnawingly,2.11,abstract
gruesomely,2.11,abstract
implausibly,2.11,abstract
inaccessibly,2.11,abstract
inalterable,2.11,abstract
inattentively,2.11,abstract
incongruently,2.11,abstract
industriously,2.11,abstract
issuable,2.11,abstract
ladylikeness,2.11,abstract
light speed,2.11,abstract
make sense,2.11,abstract
mannishly,2.11,abstract
modifiable,2.11,abstract
neglectfulness,2.11,abstract
noncooperation,2.11,abstract
nonsingular,2.11,abstract
overabundant,2.11,abstract
overconfidently,2.11,abstract
perfectness,2.11,abstract
performable,2.11,abstract
phase out,2.11,abstract
reoccupation,2.11,abstract
repetitiveness,2.11,abstract
rightwing,2.11,abstract
riskily,2.11,abstract
seedily,2.11,abstract
shiftlessness,2.11,abstract
stableness,2.11,abstract
stonehearted,2.11,abstract
subgroup,2.11,abstract
take heed,2.11,abstract
uncomforted,2.11,abstract
undamaging,2.11,abstract
unentertaining,2.11,abstract
unexecuted,2.11,abstract
unformatted,2.11,abstract
unifier,2.11,abstract
unimposing,2.11,abstract
uninstructed,2.11,abstract
unpunctually,2.11,abstract
unreachably,2.11,abstract
unseeingly,2.11,abstract
unsurpassable,2.11,abstract
wittiness,2.11,abstract
aggrieved,2.12,abstract
anti,2.12,abstract
asymptomatic,2.12,abstract
biophysical,2.12,abstract
buyable,2.12,abstract
calculative,2.12,abstract
changeless,2.12,abstract
classy,2.12,abstract
coeducational,2.12,abstract
crabby,2.12,abstract
cunning,2.12,abstract
cursory,2.12,abstract
custodial,2.12,abstract
delirious,2.12,abstract
dictatorial,2.12,abstract
dimensional,2.12,abstract
dramatic,2.12,abstract
emblematic,2.12,abstract
extraneous,2.12,abstract
fabulous,2.12,abstract
immeasurable,2.12,abstract
impeccable,2.12,abstract
ineffectual,2.12,abstract
joyful,2.12,abstract
judicial,2.12,abstract
judicious,2.12,abstract
misspoken,2.12,abstract
noncommissioned,2.12,abstract
premedical,2.12,abstract
princely,2.12,abstract
quirky,2.12,abstract
reigning,2.12,abstract
repeatable,2.12,abstract
ruinous,2.12,abstract
selective,2.12,abstract
temporal,2.12,abstract
unabridged,2.12,abstract
unclouded,2.12,abstract
unflinching,2.12,abstract
unfocused,2.12,abstract
unfriendly,2.12,abstract
unthankful,2.12,abstract
waning,2.12,abstract
willowy,2.12,abstract
worshipful,2.12,abstract
abysmally,2.12,abstract
biographically,2.12,abstract
circa,2.12,abstract
dishonestly,2.12,abstract
excitedly,2.12,abstract
exuberantly,2.12,abstract
grossly,2.12,abstract
hereabout,2.12,abstract
irrationally,2.12,abstract
painlessly,2.12,abstract
sequentially,2.12,abstract
regency,2.12,abstract
unglamorous,2.12,abstract
academia,2.12,abstract
affirmation,2.12,abstract
anarchy,2.12,abstract
antifeminist,2.12,abstract
avoider,2.12,abstract
brainwork,2.12,abstract
cancelation,2.12,abstract
congrats,2.12,abstract
continuance,2.12,abstract
deferment,2.12,abstract
disorient,2.12,abstract
doctrine,2.12,abstract
domineer,2.12,abstract
duplicity,2.12,abstract
emphasis,2.12,abstract
emulation,2.12,abstract
forethought,2.12,abstract
freshness,2.12,abstract
goner,2.12,abstract
highlife,2.12,abstract
humanness,2.12,abstract
hypothesis,2.12,abstract
industrialization,2.12,abstract
infliction,2.12,abstract
marvel,2.12,abstract
materiality,2.12,abstract
mistrial,2.12,abstract
modernism,2.12,abstract
moratorium,2.12,abstract
myriad,2.12,abstract
newsbeat,2.12,abstract
observation,2.12,abstract
predication,2.12,abstract
progress,2.12,abstract
pussyfoot,2.12,abstract
recombination,2.12,abstract
reengage,2.12,abstract
semipro,2.12,abstract
subordination,2.12,abstract
totalitarianism,2.12,abstract
ultralow,2.12,abstract
watchfulness,2.12,abstract
after,2.12,abstract
acclimatize,2.12,abstract
adjudicate,2.12,abstract
associated,2.12,abstract
blanking,2.12,abstract
braving,2.12,abstract
bumming,2.12,abstract
classed,2.12,abstract
despise,2.12,abstract
dominate,2.12,abstract
dumbstruck,2.12,abstract
dwelt,2.12,abstract
educate,2.12,abstract
eroticize,2.12,abstract
exalt,2.12,abstract
fictionalize,2.12,abstract
penalize,2.12,abstract
practiced,2.12,abstract
radicalize,2.12,abstract
razzle,2.12,abstract
recapitalize,2.12,abstract
relive,2.12,abstract
represent,2.12,abstract
romancing,2.12,abstract
teaming,2.12,abstract
treating,2.12,abstract
unnerve,2.12,abstract
usurping,2.12,abstract
adulterously,2.12,abstract
all inclusive,2.12,abstract
approximatively,2.12,abstract
archaeologically,2.12,abstract
babyishly,2.12,abstract
bedazzlement,2.12,abstract
bookishness,2.12,abstract
busying,2.12,abstract
civilizer,2.12,abstract
complimentarily,2.12,abstract
contrastive,2.12,abstract
corroboratively,2.12,abstract
culture shock,2.12,abstract
demonstrability,2.12,abstract
departmentalize,2.12,abstract
deploringly,2.12,abstract
desensitizer,2.12,abstract
directionally,2.12,abstract
distributive,2.12,abstract
distributiveness,2.12,abstract
downheartedness,2.12,abstract
entireness,2.12,abstract
epidemical,2.12,abstract
evangelization,2.12,abstract
factional,2.12,abstract
fathomless,2.12,abstract
feverously,2.12,abstract
flaunty,2.12,abstract
flourisher,2.12,abstract
freeness,2.12,abstract
gloweringly,2.12,abstract
gruffly,2.12,abstract
heedlessness,2.12,abstract
hierarchal,2.12,abstract
hilariousness,2.12,abstract
historicalness,2.12,abstract
humanizer,2.12,abstract
impalpably,2.12,abstract
incombustibility,2.12,abstract
inflexibly,2.12,abstract
inseparableness,2.12,abstract
intoxicative,2.12,abstract
investigable,2.12,abstract
irritableness,2.12,abstract
jubilancy,2.12,abstract
newsworthiness,2.12,abstract
nonrevenue,2.12,abstract
notability,2.12,abstract
openhandedly,2.12,abstract
operability,2.12,abstract
outspread,2.12,abstract
pityingly,2.12,abstract
popularizer,2.12,abstract
precession,2.12,abstract
preselect,2.12,abstract
preventively,2.12,abstract
reclaimable,2.12,abstract
reconsolidation,2.12,abstract
restrictively,2.12,abstract
roadworthiness,2.12,abstract
sanctification,2.12,abstract
scantly,2.12,abstract
secularism,2.12,abstract
sedentarily,2.12,abstract
shabbiness,2.12,abstract
shapelessness,2.12,abstract
sightlessly,2.12,abstract
spinelessly,2.12,abstract
suffocative,2.12,abstract
symphonize,2.12,abstract
terminable,2.12,abstract
typological,2.12,abstract
unalarmed,2.12,abstract
unconverted,2.12,abstract
unconvertible,2.12,abstract
undervalue,2.12,abstract
unfruitful,2.12,abstract
unintelligibility,2.12,abstract
unmingled,2.12,abstract
unspeaking,2.12,abstract
unstaunched,2.12,abstract
unsuspended,2.12,abstract
vigorousness,2.12,abstract
well known,2.12,abstract
wolfishness,2.12,abstract
yieldable,2.12,abstract
bored,2.13,abstract
charitable,2.13,abstract
dangerous,2.13,abstract
debonair,2.13,abstract
deceitful,2.13,abstract
doting,2.13,abstract
expulsive,2.13,abstract
extraordinary,2.13,abstract
gratuitous,2.13,abstract
impeachable,2.13,abstract
intramural,2.13,abstract
lovelorn,2.13,abstract
prestigious,2.13,abstract
artistically,2.13,abstract
proportionately,2.13,abstract
secondly,2.13,abstract
unpredictably,2.13,abstract
warmly,2.13,abstract
stark,2.13,abstract
acquit,2.13,abstract
antiquity,2.13,abstract
attainment,2.13,abstract
deluxe,2.13,abstract
forensics,2.13,abstract
globalization,2.13,abstract
inattention,2.13,abstract
noncombat,2.13,abstract
nonparticipation,2.13,abstract
precedence,2.13,abstract
rationale,2.13,abstract
recompression,2.13,abstract
remission,2.13,abstract
scandal,2.13,abstract
titillation,2.13,abstract
variety,2.13,abstract
xenophobia,2.13,abstract
addicted,2.13,abstract
constitute,2.13,abstract
contribute,2.13,abstract
depict,2.13,abstract
determine,2.13,abstract
must,2.13,abstract
reevaluate,2.13,abstract
resolved,2.13,abstract
retrain,2.13,abstract
rid,2.13,abstract
startle,2.13,abstract
demonetize,2.13,abstract
diversifier,2.13,abstract
enthralment,2.13,abstract
foreshadower,2.13,abstract
frumpily,2.13,abstract
indispensability,2.13,abstract
infective,2.13,abstract
long term,2.13,abstract
lucidness,2.13,abstract
noxiousness,2.13,abstract
opinionate,2.13,abstract
prerevolutionary,2.13,abstract
sermonize,2.13,abstract
symptomatically,2.13,abstract
unilingual,2.13,abstract
unsystematically,2.13,abstract
abnormal,2.14,abstract
administrative,2.14,abstract
amusing,2.14,abstract
artistic,2.14,abstract
bankable,2.14,abstract
beloved,2.14,abstract
causal,2.14,abstract
ceremonious,2.14,abstract
charming,2.14,abstract
chaste,2.14,abstract
considerable,2.14,abstract
critical,2.14,abstract
distinguished,2.14,abstract
enduring,2.14,abstract
entrepreneurial,2.14,abstract
existent,2.14,abstract
explainable,2.14,abstract
ghostlike,2.14,abstract
happier,2.14,abstract
headstrong,2.14,abstract
homeward,2.14,abstract
horrid,2.14,abstract
important,2.14,abstract
inadvertent,2.14,abstract
inconsiderate,2.14,abstract
inconsolable,2.14,abstract
inhuman,2.14,abstract
intolerant,2.14,abstract
ionic,2.14,abstract
irreversible,2.14,abstract
legislative,2.14,abstract
lordly,2.14,abstract
managerial,2.14,abstract
morbid,2.14,abstract
newfound,2.14,abstract
obtuse,2.14,abstract
overemotional,2.14,abstract
oversensitive,2.14,abstract
polygamous,2.14,abstract
practical,2.14,abstract
preppy,2.14,abstract
professional,2.14,abstract
sadomasochistic,2.14,abstract
sassy,2.14,abstract
stylish,2.14,abstract
subsequent,2.14,abstract
susceptible,2.14,abstract
traceable,2.14,abstract
unchangeable,2.14,abstract
undiscovered,2.14,abstract
unprofitable,2.14,abstract
unwritten,2.14,abstract
useful,2.14,abstract
vile,2.14,abstract
abominably,2.14,abstract
afterwards,2.14,abstract
alarmingly,2.14,abstract
along,2.14,abstract
boyishly,2.14,abstract
charmingly,2.14,abstract
cheaply,2.14,abstract
cheerily,2.14,abstract
cleverly,2.14,abstract
craftily,2.14,abstract
currently,2.14,abstract
developmentally,2.14,abstract
discreetly,2.14,abstract
freshly,2.14,abstract
gorgeously,2.14,abstract
governmentally,2.14,abstract
haltingly,2.14,abstract
medically,2.14,abstract
optimistically,2.14,abstract
responsibly,2.14,abstract
rigorously,2.14,abstract
romantically,2.14,abstract
toughly,2.14,abstract
this,2.14,abstract
yes,2.14,abstract
aggregate,2.14,abstract
annoyance,2.14,abstract
attractiveness,2.14,abstract
competitiveness,2.14,abstract
consolation,2.14,abstract
deceitfulness,2.14,abstract
desensitization,2.14,abstract
disgustingness,2.14,abstract
disharmony,2.14,abstract
drudgery,2.14,abstract
dullness,2.14,abstract
editorship,2.14,abstract
embodiment,2.14,abstract
familiarity,2.14,abstract
fiction,2.14,abstract
foolery,2.14,abstract
grudge,2.14,abstract
hallucination,2.14,abstract
heartbreaker,2.14,abstract
impotency,2.14,abstract
ineptness,2.14,abstract
intensity,2.14,abstract
interconnection,2.14,abstract
lifestyle,2.14,abstract
lightheartedness,2.14,abstract
melodrama,2.14,abstract
misidentification,2.14,abstract
nullification,2.14,abstract
onset,2.14,abstract
philosophy,2.14,abstract
precursor,2.14,abstract
psychodrama,2.14,abstract
qualifications,2.14,abstract
reconfiguration,2.14,abstract
redevelopment,2.14,abstract
reflexive,2.14,abstract
relentlessness,2.14,abstract
renegotiation,2.14,abstract
repressiveness,2.14,abstract
rheumatology,2.14,abstract
rivalry,2.14,abstract
skepticism,2.14,abstract
studiousness,2.14,abstract
subculture,2.14,abstract
voyeurism,2.14,abstract
yours,2.14,abstract
afflict,2.14,abstract
commend,2.14,abstract
consulting,2.14,abstract
corrupted,2.14,abstract
counteract,2.14,abstract
dematerialize,2.14,abstract
disliking,2.14,abstract
dispel,2.14,abstract
embarrass,2.14,abstract
exasperate,2.14,abstract
fantasize,2.14,abstract
finalize,2.14,abstract
flatter,2.14,abstract
included,2.14,abstract
insist,2.14,abstract
localize,2.14,abstract
longing,2.14,abstract
obsess,2.14,abstract
omit,2.14,abstract
opposed,2.14,abstract
proven,2.14,abstract
reborn,2.14,abstract
recall,2.14,abstract
render,2.14,abstract
ritualize,2.14,abstract
soothe,2.14,abstract
starting,2.14,abstract
strengthening,2.14,abstract
systemize,2.14,abstract
amusable,2.14,abstract
appealingly,2.14,abstract
bearishly,2.14,abstract
cheesiness,2.14,abstract
collectability,2.14,abstract
counterproposition,2.14,abstract
discontinuance,2.14,abstract
disobediently,2.14,abstract
dissatisfy,2.14,abstract
do good,2.14,abstract
electable,2.14,abstract
extensiveness,2.14,abstract
faintheartedness,2.14,abstract
fortuned,2.14,abstract
gloriousness,2.14,abstract
grittily,2.14,abstract
grow up,2.14,abstract
guidable,2.14,abstract
heartsickness,2.14,abstract
humbler,2.14,abstract
hyperirritable,2.14,abstract
illustratable,2.14,abstract
industrialize,2.14,abstract
intensiveness,2.14,abstract
jubilance,2.14,abstract
lividly,2.14,abstract
lovingness,2.14,abstract
meaninglessly,2.14,abstract
mental health,2.14,abstract
mousiness,2.14,abstract
nonagricultural,2.14,abstract
painlessness,2.14,abstract
placidly,2.14,abstract
ramification,2.14,abstract
reputably,2.14,abstract
retranslate,2.14,abstract
rewardingly,2.14,abstract
self confidence,2.14,abstract
sickish,2.14,abstract
size up,2.14,abstract
skillfulness,2.14,abstract
transmittal,2.14,abstract
unconformable,2.14,abstract
undereducated,2.14,abstract
underuse,2.14,abstract
uneconomical,2.14,abstract
ungrammatically,2.14,abstract
unpermitted,2.14,abstract
unpleased,2.14,abstract
unruliness,2.14,abstract
unskillfully,2.14,abstract
worshipfully,2.14,abstract
accusatory,2.15,abstract
amorphous,2.15,abstract
astonished,2.15,abstract
blissful,2.15,abstract
cheerless,2.15,abstract
concessionary,2.15,abstract
contented,2.15,abstract
correctable,2.15,abstract
cranky,2.15,abstract
degenerative,2.15,abstract
derogatory,2.15,abstract
direct,2.15,abstract
earthy,2.15,abstract
experimental,2.15,abstract
flattered,2.15,abstract
footloose,2.15,abstract
frightening,2.15,abstract
gluttonous,2.15,abstract
implacable,2.15,abstract
insolvent,2.15,abstract
irritable,2.15,abstract
kaput,2.15,abstract
longish,2.15,abstract
loony,2.15,abstract
lyrical,2.15,abstract
overeducated,2.15,abstract
pending,2.15,abstract
preoperative,2.15,abstract
prepositional,2.15,abstract
preprogrammed,2.15,abstract
privileged,2.15,abstract
proverbial,2.15,abstract
returnable,2.15,abstract
revised,2.15,abstract
seminal,2.15,abstract
slothful,2.15,abstract
uneducated,2.15,abstract
unhurt,2.15,abstract
unlawful,2.15,abstract
unlogged,2.15,abstract
unmade,2.15,abstract
unrated,2.15,abstract
unthreatened,2.15,abstract
withholding,2.15,abstract
carefully,2.15,abstract
colossally,2.15,abstract
darkly,2.15,abstract
disgustedly,2.15,abstract
elaborately,2.15,abstract
elegantly,2.15,abstract
excessively,2.15,abstract
extravagantly,2.15,abstract
habitually,2.15,abstract
idly,2.15,abstract
lasciviously,2.15,abstract
mortally,2.15,abstract
sanely,2.15,abstract
soothingly,2.15,abstract
terminally,2.15,abstract
unreliably,2.15,abstract
affluence,2.15,abstract
alertness,2.15,abstract
atrocity,2.15,abstract
audiology,2.15,abstract
beastliness,2.15,abstract
cheapo,2.15,abstract
clincher,2.15,abstract
combativeness,2.15,abstract
condition,2.15,abstract
conjunction,2.15,abstract
creation,2.15,abstract
dependence,2.15,abstract
difference,2.15,abstract
directorship,2.15,abstract
disorientation,2.15,abstract
divergence,2.15,abstract
efficiency,2.15,abstract
egotist,2.15,abstract
enhancer,2.15,abstract
etiquette,2.15,abstract
exile,2.15,abstract
fallback,2.15,abstract
gripe,2.15,abstract
heartbreak,2.15,abstract
hospitality,2.15,abstract
hyperinflation,2.15,abstract
infarction,2.15,abstract
jest,2.15,abstract
leftist,2.15,abstract
licensing,2.15,abstract
lifetime,2.15,abstract
lust,2.15,abstract
manliness,2.15,abstract
musicology,2.15,abstract
mythology,2.15,abstract
niceness,2.15,abstract
perpetuation,2.15,abstract
pilgrimage,2.15,abstract
progression,2.15,abstract
pronouncement,2.15,abstract
reductionist,2.15,abstract
remarriage,2.15,abstract
retrograde,2.15,abstract
rudeness,2.15,abstract
rumor,2.15,abstract
shamanism,2.15,abstract
slothfulness,2.15,abstract
speculation,2.15,abstract
subversion,2.15,abstract
suddenness,2.15,abstract
thanks,2.15,abstract
tribulation,2.15,abstract
vanity,2.15,abstract
vogue,2.15,abstract
amidst,2.15,abstract
without,2.15,abstract
thy,2.15,abstract
arisen,2.15,abstract
centralize,2.15,abstract
confirm,2.15,abstract
define,2.15,abstract
entrancing,2.15,abstract
excel,2.15,abstract
giving,2.15,abstract
incorporate,2.15,abstract
induced,2.15,abstract
infer,2.15,abstract
insured,2.15,abstract
interfering,2.15,abstract
lamenting,2.15,abstract
negate,2.15,abstract
nonpaid,2.15,abstract
outlive,2.15,abstract
owing,2.15,abstract
pimping,2.15,abstract
quits,2.15,abstract
readdress,2.15,abstract
rebuff,2.15,abstract
reciprocate,2.15,abstract
reissue,2.15,abstract
retreating,2.15,abstract
romanticize,2.15,abstract
rousting,2.15,abstract
situated,2.15,abstract
stay,2.15,abstract
strategize,2.15,abstract
worded,2.15,abstract
abhorrence,2.15,abstract
accredit,2.15,abstract
alleviation,2.15,abstract
assenting,2.15,abstract
blushingly,2.15,abstract
bossiness,2.15,abstract
clearable,2.15,abstract
colonially,2.15,abstract
communalism,2.15,abstract
complacence,2.15,abstract
compulsorily,2.15,abstract
confidentialness,2.15,abstract
conformability,2.15,abstract
constrainable,2.15,abstract
convictable,2.15,abstract
defenselessness,2.15,abstract
dependably,2.15,abstract
dignifiedly,2.15,abstract
disciplinal,2.15,abstract
discreetness,2.15,abstract
distressfully,2.15,abstract
econometrics,2.15,abstract
enframe,2.15,abstract
enjoyer,2.15,abstract
equivocator,2.15,abstract
extendedness,2.15,abstract
flamingly,2.15,abstract
follow suit,2.15,abstract
generousness,2.15,abstract
gloominess,2.15,abstract
good will,2.15,abstract
growingly,2.15,abstract
hesitative,2.15,abstract
hotheadedness,2.15,abstract
illusiveness,2.15,abstract
impassible,2.15,abstract
incorrectness,2.15,abstract
infeasible,2.15,abstract
inflation rate,2.15,abstract
intergrowth,2.15,abstract
intoxicatingly,2.15,abstract
kingliness,2.15,abstract
legislatively,2.15,abstract
lightheartedly,2.15,abstract
medicinally,2.15,abstract
methodic,2.15,abstract
misstatement,2.15,abstract
naggy,2.15,abstract
nonattachment,2.15,abstract
nonteaching,2.15,abstract
nullifier,2.15,abstract
obstructively,2.15,abstract
oppositional,2.15,abstract
overpromise,2.15,abstract
particularize,2.15,abstract
patriarchic,2.15,abstract
per capita,2.15,abstract
pliant,2.15,abstract
postcolonial,2.15,abstract
predisposal,2.15,abstract
prehistorically,2.15,abstract
psychokinesis,2.15,abstract
pussyfooter,2.15,abstract
reregister,2.15,abstract
schematically,2.15,abstract
servable,2.15,abstract
suburbanize,2.15,abstract
tonelessly,2.15,abstract
transposable,2.15,abstract
tyrannizing,2.15,abstract
uncertified,2.15,abstract
uncollectible,2.15,abstract
underproductive,2.15,abstract
unhealthful,2.15,abstract
unsurprised,2.15,abstract
zestfulness,2.15,abstract
antic,2.16,abstract
beautiful,2.16,abstract
decisive,2.16,abstract
defunct,2.16,abstract
hellish,2.16,abstract
major,2.16,abstract
marketable,2.16,abstract
popular,2.16,abstract
psychobiological,2.16,abstract
recognizable,2.16,abstract
recuperative,2.16,abstract
childishly,2.16,abstract
dually,2.16,abstract
flatly,2.16,abstract
racially,2.16,abstract
stunningly,2.16,abstract
abstention,2.16,abstract
aggregation,2.16,abstract
banishment,2.16,abstract
cohesion,2.16,abstract
conscription,2.16,abstract
dedication,2.16,abstract
differentiation,2.16,abstract
hex,2.16,abstract
malcontent,2.16,abstract
maleness,2.16,abstract
matriculation,2.16,abstract
proposition,2.16,abstract
reprisal,2.16,abstract
subsidy,2.16,abstract
surety,2.16,abstract
voraciousness,2.16,abstract
whammy,2.16,abstract
baffled,2.16,abstract
dares,2.16,abstract
deescalate,2.16,abstract
entrust,2.16,abstract
galled,2.16,abstract
mitigate,2.16,abstract
unsettle,2.16,abstract
antinationalist,2.16,abstract
augmenter,2.16,abstract
combinational,2.16,abstract
common law,2.16,abstract
conformer,2.16,abstract
destructiveness,2.16,abstract
differentness,2.16,abstract
distractingly,2.16,abstract
dumpiness,2.16,abstract
eclectically,2.16,abstract
exhibitive,2.16,abstract
expellable,2.16,abstract
extravert,2.16,abstract
famousness,2.16,abstract
fatalness,2.16,abstract
flawlessness,2.16,abstract
freehold,2.16,abstract
glumly,2.16,abstract
holidaymaking,2.16,abstract
livableness,2.16,abstract
nonappearance,2.16,abstract
noxiously,2.16,abstract
pet peeve,2.16,abstract
preregistration,2.16,abstract
raciness,2.16,abstract
revaluation,2.16,abstract
simultaneousness,2.16,abstract
stick with,2.16,abstract
unphysical,2.16,abstract
workmanlike,2.16,abstract
woundingly,2.16,abstract
accidental,2.17,abstract
allowable,2.17,abstract
appealing,2.17,abstract
chronic,2.17,abstract
companionable,2.17,abstract
complacent,2.17,abstract
concerted,2.17,abstract
corresponding,2.17,abstract
demonic,2.17,abstract
desolate,2.17,abstract
destructive,2.17,abstract
detrimental,2.17,abstract
fanatical,2.17,abstract
freakish,2.17,abstract
giddy,2.17,abstract
gracious,2.17,abstract
impassioned,2.17,abstract
inconsistent,2.17,abstract
innovative,2.17,abstract
insubordinate,2.17,abstract
jealous,2.17,abstract
leaderless,2.17,abstract
nerdy,2.17,abstract
neurological,2.17,abstract
powerful,2.17,abstract
primal,2.17,abstract
scant,2.17,abstract
slummy,2.17,abstract
squeamish,2.17,abstract
statesmanlike,2.17,abstract
stunted,2.17,abstract
stylized,2.17,abstract
torrid,2.17,abstract
translatable,2.17,abstract
underexposed,2.17,abstract
unfeeling,2.17,abstract
unoriginal,2.17,abstract
virtual,2.17,abstract
wholesome,2.17,abstract
zodiacal,2.17,abstract
achingly,2.17,abstract
affirmatively,2.17,abstract
chronologically,2.17,abstract
doggishly,2.17,abstract
geologically,2.17,abstract
hellishly,2.17,abstract
hither,2.17,abstract
militarily,2.17,abstract
pleasingly,2.17,abstract
proximally,2.17,abstract
seasonally,2.17,abstract
shyly,2.17,abstract
unavoidably,2.17,abstract
weakly,2.17,abstract
latter,2.17,abstract
confidence,2.17,abstract
context,2.17,abstract
counterargument,2.17,abstract
defiance,2.17,abstract
degeneration,2.17,abstract
delinquent,2.17,abstract
depravity,2.17,abstract
devaluation,2.17,abstract
dissent,2.17,abstract
divulger,2.17,abstract
encumbrance,2.17,abstract
enjoyment,2.17,abstract
excruciate,2.17,abstract
exemption,2.17,abstract
femininity,2.17,abstract
feminism,2.17,abstract
gratefulness,2.17,abstract
homage,2.17,abstract
homesickness,2.17,abstract
initiation,2.17,abstract
inquisition,2.17,abstract
manners,2.17,abstract
miscommunication,2.17,abstract
mourning,2.17,abstract
multiprocessing,2.17,abstract
myth,2.17,abstract
oversimplification,2.17,abstract
permanency,2.17,abstract
polytheist,2.17,abstract
profiteering,2.17,abstract
prognosis,2.17,abstract
promiscuity,2.17,abstract
seductiveness,2.17,abstract
sentimentalist,2.17,abstract
shortcoming,2.17,abstract
skill,2.17,abstract
switcheroo,2.17,abstract
telepathy,2.17,abstract
triumph,2.17,abstract
upsurge,2.17,abstract
vividness,2.17,abstract
witchery,2.17,abstract
assimilate,2.17,abstract
betray,2.17,abstract
bottoming,2.17,abstract
cherishing,2.17,abstract
choosing,2.17,abstract
commit,2.17,abstract
counterespionage,2.17,abstract
dabble,2.17,abstract
defamed,2.17,abstract
exacerbate,2.17,abstract
freshen,2.17,abstract
hogged,2.17,abstract
manifested,2.17,abstract
mistaking,2.17,abstract
mope,2.17,abstract
narcissist,2.17,abstract
outshine,2.17,abstract
predominate,2.17,abstract
reaffirm,2.17,abstract
regress,2.17,abstract
rehash,2.17,abstract
rejoice,2.17,abstract
relieved,2.17,abstract
repaying,2.17,abstract
rephrase,2.17,abstract
resigned,2.17,abstract
rethink,2.17,abstract
shalom,2.17,abstract
sustain,2.17,abstract
transgress,2.17,abstract
unburdened,2.17,abstract
weakening,2.17,abstract
accommodatingly,2.17,abstract
addressable,2.17,abstract
aloofness,2.17,abstract
atrociousness,2.17,abstract
baffler,2.17,abstract
bilingually,2.17,abstract
brininess,2.17,abstract
collectivity,2.17,abstract
collectorship,2.17,abstract
compositely,2.17,abstract
concessional,2.17,abstract
connectional,2.17,abstract
connectively,2.17,abstract
corporately,2.17,abstract
dastardliness,2.17,abstract
decadently,2.17,abstract
derisiveness,2.17,abstract
earthiness,2.17,abstract
fair deal,2.17,abstract
fiendlike,2.17,abstract
fit in,2.17,abstract
flirtatiously,2.17,abstract
frugally,2.17,abstract
gracelessly,2.17,abstract
gradualist,2.17,abstract
gruffness,2.17,abstract
immovably,2.17,abstract
inconspicuously,2.17,abstract
interactional,2.17,abstract
irradiative,2.17,abstract
jazziness,2.17,abstract
joylessness,2.17,abstract
joyousness,2.17,abstract
lightlessness,2.17,abstract
lower class,2.17,abstract
meteorologically,2.17,abstract
obsoleteness,2.17,abstract
pan out,2.17,abstract
preoperatively,2.17,abstract
prescriptively,2.17,abstract
settle on,2.17,abstract
shoddily,2.17,abstract
singlehood,2.17,abstract
slanderously,2.17,abstract
spruce up,2.17,abstract
stingily,2.17,abstract
successfulness,2.17,abstract
systematization,2.17,abstract
tameness,2.17,abstract
unintelligently,2.17,abstract
unmaintained,2.17,abstract
unnaturalness,2.17,abstract
vicious circle,2.17,abstract
wrenchingly,2.17,abstract
approachable,2.18,abstract
brainless,2.18,abstract
classical,2.18,abstract
contextual,2.18,abstract
corny,2.18,abstract
devious,2.18,abstract
euphoric,2.18,abstract
feudal,2.18,abstract
flamboyant,2.18,abstract
imperfect,2.18,abstract
indebted,2.18,abstract
invaluable,2.18,abstract
invulnerable,2.18,abstract
ladylike,2.18,abstract
nice,2.18,abstract
persuasive,2.18,abstract
regal,2.18,abstract
sarcastic,2.18,abstract
snobbish,2.18,abstract
specific,2.18,abstract
stubborn,2.18,abstract
theatrical,2.18,abstract
undesired,2.18,abstract
uninviting,2.18,abstract
wayfaring,2.18,abstract
chillingly,2.18,abstract
clinically,2.18,abstract
completely,2.18,abstract
compulsively,2.18,abstract
disproportionately,2.18,abstract
egregiously,2.18,abstract
jokingly,2.18,abstract
nicely,2.18,abstract
sparsely,2.18,abstract
youthfully,2.18,abstract
former,2.18,abstract
yippee,2.18,abstract
max,2.18,abstract
amnesty,2.18,abstract
computerization,2.18,abstract
disclosure,2.18,abstract
distinctiveness,2.18,abstract
elegance,2.18,abstract
habitability,2.18,abstract
hassle,2.18,abstract
havoc,2.18,abstract
incompetence,2.18,abstract
inspiration,2.18,abstract
limitation,2.18,abstract
preparation,2.18,abstract
quality,2.18,abstract
attain,2.18,abstract
deranged,2.18,abstract
describe,2.18,abstract
dominated,2.18,abstract
feared,2.18,abstract
forgot,2.18,abstract
have,2.18,abstract
misunderstood,2.18,abstract
mortify,2.18,abstract
pampered,2.18,abstract
portray,2.18,abstract
prepossessed,2.18,abstract
publicize,2.18,abstract
replenish,2.18,abstract
seduce,2.18,abstract
shamed,2.18,abstract
slighted,2.18,abstract
sparing,2.18,abstract
undersell,2.18,abstract
validate,2.18,abstract
acidly,2.18,abstract
blubberingly,2.18,abstract
breakeven,2.18,abstract
carpetbaggery,2.18,abstract
chicken out,2.18,abstract
compressibility,2.18,abstract
conceptualist,2.18,abstract
cruelness,2.18,abstract
cutely,2.18,abstract
destructionist,2.18,abstract
enthrallment,2.18,abstract
excessiveness,2.18,abstract
fucked up,2.18,abstract
ghoulishness,2.18,abstract
grumpily,2.18,abstract
hardiness,2.18,abstract
iconology,2.18,abstract
indetectable,2.18,abstract
lustiness,2.18,abstract
meddle with,2.18,abstract
nonaggressive,2.18,abstract
nonequivalent,2.18,abstract
ordainment,2.18,abstract
overreliance,2.18,abstract
pertness,2.18,abstract
repellence,2.18,abstract
repetitiousness,2.18,abstract
rowdiness,2.18,abstract
traceableness,2.18,abstract
unbendingly,2.18,abstract
uncharged,2.18,abstract
unpatented,2.18,abstract
unprivileged,2.18,abstract
unvaried,2.18,abstract
wastefully,2.18,abstract
well behaved,2.18,abstract
appalled,2.19,abstract
attainable,2.19,abstract
bashful,2.19,abstract
blithering,2.19,abstract
bogus,2.19,abstract
calmer,2.19,abstract
compensatory,2.19,abstract
concurrent,2.19,abstract
condescending,2.19,abstract
dauntless,2.19,abstract
diametric,2.19,abstract
disobedient,2.19,abstract
educated,2.19,abstract
epic,2.19,abstract
exploitative,2.19,abstract
fatiguing,2.19,abstract
foxy,2.19,abstract
harmful,2.19,abstract
innumerable,2.19,abstract
interested,2.19,abstract
joyous,2.19,abstract
loathsome,2.19,abstract
lonely,2.19,abstract
malevolent,2.19,abstract
menacing,2.19,abstract
motiveless,2.19,abstract
nightly,2.19,abstract
nonofficial,2.19,abstract
observational,2.19,abstract
opportunistic,2.19,abstract
outworn,2.19,abstract
phony,2.19,abstract
physiologic,2.19,abstract
precipitous,2.19,abstract
prehistory,2.19,abstract
prized,2.19,abstract
quarrelsome,2.19,abstract
reclusive,2.19,abstract
refractive,2.19,abstract
regimented,2.19,abstract
respectful,2.19,abstract
scatterbrained,2.19,abstract
stoic,2.19,abstract
trancelike,2.19,abstract
transverse,2.19,abstract
tyrannical,2.19,abstract
unbalanced,2.19,abstract
uncatchable,2.19,abstract
undiminished,2.19,abstract
unenthused,2.19,abstract
unrecorded,2.19,abstract
unshakeable,2.19,abstract
unverified,2.19,abstract
vindictive,2.19,abstract
watchful,2.19,abstract
distantly,2.19,abstract
dumbly,2.19,abstract
expectantly,2.19,abstract
grotesquely,2.19,abstract
highly,2.19,abstract
humanly,2.19,abstract
humorously,2.19,abstract
incorrectly,2.19,abstract
intently,2.19,abstract
joyfully,2.19,abstract
peaceably,2.19,abstract
predominantly,2.19,abstract
proportionally,2.19,abstract
routinely,2.19,abstract
thoroughly,2.19,abstract
timidly,2.19,abstract
wholly,2.19,abstract
rue,2.19,abstract
adjunct,2.19,abstract
adorableness,2.19,abstract
adoration,2.19,abstract
behavior,2.19,abstract
biodiversity,2.19,abstract
blessing,2.19,abstract
camaraderie,2.19,abstract
chiding,2.19,abstract
clearance,2.19,abstract
condolence,2.19,abstract
consultation,2.19,abstract
decision,2.19,abstract
deduction,2.19,abstract
deliberation,2.19,abstract
demerit,2.19,abstract
demobilization,2.19,abstract
depressive,2.19,abstract
disgust,2.19,abstract
dreamer,2.19,abstract
dualism,2.19,abstract
duty,2.19,abstract
elite,2.19,abstract
expediency,2.19,abstract
flirtation,2.19,abstract
functionary,2.19,abstract
grievance,2.19,abstract
hankering,2.19,abstract
harshness,2.19,abstract
hullabaloo,2.19,abstract
knucklehead,2.19,abstract
loss,2.19,abstract
mainstay,2.19,abstract
midweek,2.19,abstract
misconduct,2.19,abstract
nuisance,2.19,abstract
orderliness,2.19,abstract
ordination,2.19,abstract
polarity,2.19,abstract
propriety,2.19,abstract
provocation,2.19,abstract
reassessment,2.19,abstract
reconciliation,2.19,abstract
representation,2.19,abstract
rightness,2.19,abstract
role,2.19,abstract
romance,2.19,abstract
saga,2.19,abstract
secret,2.19,abstract
stagnation,2.19,abstract
supervision,2.19,abstract
taint,2.19,abstract
talent,2.19,abstract
transition,2.19,abstract
unchaste,2.19,abstract
utilization,2.19,abstract
verdict,2.19,abstract
volatility,2.19,abstract
thou,2.19,abstract
abolish,2.19,abstract
acknowledged,2.19,abstract
arose,2.19,abstract
bushed,2.19,abstract
compartmentalize,2.19,abstract
comply,2.19,abstract
converting,2.19,abstract
detect,2.19,abstract
disbelieve,2.19,abstract
disseminate,2.19,abstract
domesticate,2.19,abstract
downhearted,2.19,abstract
falter,2.19,abstract
flaunting,2.19,abstract
foretell,2.19,abstract
goes,2.19,abstract
hotheaded,2.19,abstract
keeping,2.19,abstract
lionhearted,2.19,abstract
overdo,2.19,abstract
partake,2.19,abstract
propose,2.19,abstract
railroading,2.19,abstract
remind,2.19,abstract
resemble,2.19,abstract
ruminate,2.19,abstract
softhearted,2.19,abstract
underwrite,2.19,abstract
unquote,2.19,abstract
waned,2.19,abstract
withdrawn,2.19,abstract
woo,2.19,abstract
absorptiveness,2.19,abstract
adultness,2.19,abstract
aftertime,2.19,abstract
anecdotic,2.19,abstract
animatedly,2.19,abstract
antagonistically,2.19,abstract
appraisement,2.19,abstract
atmospherically,2.19,abstract
blisteringly,2.19,abstract
blunderingly,2.19,abstract
catchiness,2.19,abstract
caustically,2.19,abstract
chronographically,2.19,abstract
circulative,2.19,abstract
citied,2.19,abstract
cliental,2.19,abstract
compensative,2.19,abstract
computability,2.19,abstract
conductibility,2.19,abstract
continuousness,2.19,abstract
contrarian,2.19,abstract
cost efficient,2.19,abstract
dazedly,2.19,abstract
designable,2.19,abstract
distractor,2.19,abstract
dualist,2.19,abstract
duplicable,2.19,abstract
elaborative,2.19,abstract
exactable,2.19,abstract
extractible,2.19,abstract
federate,2.19,abstract
fluency,2.19,abstract
free time,2.19,abstract
ghoulishly,2.19,abstract
gold standard,2.19,abstract
gradable,2.19,abstract
grandfatherly,2.19,abstract
gravitationally,2.19,abstract
grumblingly,2.19,abstract
homeopathically,2.19,abstract
illegalize,2.19,abstract
illustriousness,2.19,abstract
incompatibly,2.19,abstract
indecisively,2.19,abstract
indigenously,2.19,abstract
indivisibility,2.19,abstract
infectiously,2.19,abstract
interbreed,2.19,abstract
intercompany,2.19,abstract
interdependence,2.19,abstract
interventionism,2.19,abstract
inversed,2.19,abstract
irresponsive,2.19,abstract
jadedness,2.19,abstract
lazily,2.19,abstract
life threatening,2.19,abstract
merriness,2.19,abstract
modifiability,2.19,abstract
nonproduction,2.19,abstract
overexert,2.19,abstract
prissiness,2.19,abstract
protectively,2.19,abstract
reclassification,2.19,abstract
revitalization,2.19,abstract
rigidify,2.19,abstract
screw up,2.19,abstract
seize on,2.19,abstract
semipublic,2.19,abstract
snobbishly,2.19,abstract
solitarily,2.19,abstract
squeamishness,2.19,abstract
stateliness,2.19,abstract
thievishly,2.19,abstract
torrentially,2.19,abstract
uncontainable,2.19,abstract
underemployment,2.19,abstract
unfixable,2.19,abstract
unfound,2.19,abstract
unfrequented,2.19,abstract
unfunded,2.19,abstract
unheeding,2.19,abstract
unhurriedness,2.19,abstract
unilateralist,2.19,abstract
unreciprocated,2.19,abstract
unreservedness,2.19,abstract
voiding,2.19,abstract
wisplike,2.19,abstract
youth culture,2.19,abstract
changeable,2.2,abstract
commonplace,2.2,abstract
cultured,2.2,abstract
descriptive,2.2,abstract
economic,2.2,abstract
exhilarated,2.2,abstract
faithful,2.2,abstract
fearful,2.2,abstract
horrible,2.2,abstract
indeclinable,2.2,abstract
inexpressive,2.2,abstract
projecting,2.2,abstract
silly,2.2,abstract
societal,2.2,abstract
succinct,2.2,abstract
supportive,2.2,abstract
torturous,2.2,abstract
undependable,2.2,abstract
underpowered,2.2,abstract
ungrounded,2.2,abstract
unmotivated,2.2,abstract
untalented,2.2,abstract
virile,2.2,abstract
vivacious,2.2,abstract
xenophobic,2.2,abstract
additionally,2.2,abstract
busily,2.2,abstract
cheerfully,2.2,abstract
horrifically,2.2,abstract
impermeably,2.2,abstract
murderously,2.2,abstract
thermodynamically,2.2,abstract
there,2.2,abstract
assertion,2.2,abstract
awfulness,2.2,abstract
casualness,2.2,abstract
clownishness,2.2,abstract
completeness,2.2,abstract
comradeship,2.2,abstract
convergence,2.2,abstract
counterrevolution,2.2,abstract
curtailment,2.2,abstract
excellence,2.2,abstract
exultation,2.2,abstract
frazzle,2.2,abstract
heartache,2.2,abstract
horniness,2.2,abstract
incidence,2.2,abstract
insurgence,2.2,abstract
jubilation,2.2,abstract
lessening,2.2,abstract
militarization,2.2,abstract
mobility,2.2,abstract
paganism,2.2,abstract
prevention,2.2,abstract
reacquisition,2.2,abstract
redistribution,2.2,abstract
reinvention,2.2,abstract
reliance,2.2,abstract
resurgence,2.2,abstract
smallness,2.2,abstract
stoicism,2.2,abstract
strife,2.2,abstract
unfamiliarity,2.2,abstract
zinger,2.2,abstract
articulate,2.2,abstract
commemorate,2.2,abstract
conditioned,2.2,abstract
continued,2.2,abstract
converted,2.2,abstract
crackbrained,2.2,abstract
deflower,2.2,abstract
demand,2.2,abstract
deny,2.2,abstract
distinguish,2.2,abstract
faltering,2.2,abstract
forewarn,2.2,abstract
joshing,2.2,abstract
learn,2.2,abstract
monopolize,2.2,abstract
perjure,2.2,abstract
retarding,2.2,abstract
retiring,2.2,abstract
traumatize,2.2,abstract
unmake,2.2,abstract
abusively,2.2,abstract
aftertimes,2.2,abstract
antisemitic,2.2,abstract
antiseptically,2.2,abstract
aristocratism,2.2,abstract
attackable,2.2,abstract
disproof,2.2,abstract
draftsmanship,2.2,abstract
fearsomeness,2.2,abstract
foggily,2.2,abstract
for short,2.2,abstract
foreclosable,2.2,abstract
hitless,2.2,abstract
inconsistence,2.2,abstract
infusible,2.2,abstract
interpretable,2.2,abstract
jargonize,2.2,abstract
literalist,2.2,abstract
nonreactor,2.2,abstract
outwait,2.2,abstract
penetrability,2.2,abstract
propulsive,2.2,abstract
rabidly,2.2,abstract
revengefully,2.2,abstract
skittishness,2.2,abstract
statics,2.2,abstract
torturously,2.2,abstract
typographically,2.2,abstract
ultraconservative,2.2,abstract
untraded,2.2,abstract
vivaciousness,2.2,abstract
accountable,2.21,abstract
bluffer,2.21,abstract
bossy,2.21,abstract
budgetary,2.21,abstract
bureaucratic,2.21,abstract
bustling,2.21,abstract
capable,2.21,abstract
classified,2.21,abstract
commendable,2.21,abstract
complicated,2.21,abstract
conformable,2.21,abstract
consistent,2.21,abstract
decadent,2.21,abstract
difficult,2.21,abstract
disgusting,2.21,abstract
disoriented,2.21,abstract
docile,2.21,abstract
dreamy,2.21,abstract
enhanced,2.21,abstract
exclamatory,2.21,abstract
excruciating,2.21,abstract
frightful,2.21,abstract
futuristic,2.21,abstract
gentlemanly,2.21,abstract
girlish,2.21,abstract
governing,2.21,abstract
habitable,2.21,abstract
immense,2.21,abstract
inaugural,2.21,abstract
incomplete,2.21,abstract
inescapable,2.21,abstract
inoffensive,2.21,abstract
intelligible,2.21,abstract
intimidating,2.21,abstract
lifesaving,2.21,abstract
manipulative,2.21,abstract
masculine,2.21,abstract
matchless,2.21,abstract
milder,2.21,abstract
misspent,2.21,abstract
modest,2.21,abstract
monastic,2.21,abstract
motivational,2.21,abstract
motley,2.21,abstract
mutual,2.21,abstract
patentable,2.21,abstract
personal,2.21,abstract
postural,2.21,abstract
prepaid,2.21,abstract
punchy,2.21,abstract
receptive,2.21,abstract
resilient,2.21,abstract
resounding,2.21,abstract
retro,2.21,abstract
sensitive,2.21,abstract
simplified,2.21,abstract
singular,2.21,abstract
steadier,2.21,abstract
stunning,2.21,abstract
sustainable,2.21,abstract
tactful,2.21,abstract
tasteful,2.21,abstract
treacherous,2.21,abstract
unaffiliated,2.21,abstract
ungoverned,2.21,abstract
unlikeable,2.21,abstract
unrecovered,2.21,abstract
unrehearsed,2.21,abstract
unscheduled,2.21,abstract
unspoken,2.21,abstract
unsurpassed,2.21,abstract
untapped,2.21,abstract
unusual,2.21,abstract
vengeful,2.21,abstract
voluntary,2.21,abstract
wayward,2.21,abstract
wimpy,2.21,abstract
witty,2.21,abstract
workable,2.21,abstract
worried,2.21,abstract
worrying,2.21,abstract
anywhere,2.21,abstract
aside,2.21,abstract
constantly,2.21,abstract
devotedly,2.21,abstract
ecstatically,2.21,abstract
gleefully,2.21,abstract
haphazardly,2.21,abstract
harshly,2.21,abstract
incessantly,2.21,abstract
physiologically,2.21,abstract
questionably,2.21,abstract
ritually,2.21,abstract
sorely,2.21,abstract
sparingly,2.21,abstract
spontaneously,2.21,abstract
sporadically,2.21,abstract
sportingly,2.21,abstract
substantially,2.21,abstract
widely,2.21,abstract
abundance,2.21,abstract
acceptance,2.21,abstract
anxiety,2.21,abstract
apocalypse,2.21,abstract
brunt,2.21,abstract
civics,2.21,abstract
conflict,2.21,abstract
deficit,2.21,abstract
despair,2.21,abstract
dreamworld,2.21,abstract
easiness,2.21,abstract
endeavor,2.21,abstract
energizer,2.21,abstract
excitability,2.21,abstract
excitation,2.21,abstract
farewell,2.21,abstract
hater,2.21,abstract
inclusion,2.21,abstract
inconsistency,2.21,abstract
irreverence,2.21,abstract
irritability,2.21,abstract
kinship,2.21,abstract
laziness,2.21,abstract
lewdness,2.21,abstract
libel,2.21,abstract
liberation,2.21,abstract
meanness,2.21,abstract
motivator,2.21,abstract
multiplicity,2.21,abstract
neutralization,2.21,abstract
novelty,2.21,abstract
occultism,2.21,abstract
outset,2.21,abstract
persistence,2.21,abstract
perverseness,2.21,abstract
phases,2.21,abstract
philanthropy,2.21,abstract
ploy,2.21,abstract
precaution,2.21,abstract
pronto,2.21,abstract
protectiveness,2.21,abstract
quencher,2.21,abstract
radiance,2.21,abstract
rebirth,2.21,abstract
relapse,2.21,abstract
repulsiveness,2.21,abstract
revelation,2.21,abstract
seduction,2.21,abstract
service,2.21,abstract
slipup,2.21,abstract
smidge,2.21,abstract
socialism,2.21,abstract
success,2.21,abstract
thriller,2.21,abstract
unshaken,2.21,abstract
untruth,2.21,abstract
vastness,2.21,abstract
nothing,2.21,abstract
acquiesce,2.21,abstract
assured,2.21,abstract
blaming,2.21,abstract
blanked,2.21,abstract
brainwash,2.21,abstract
concluding,2.21,abstract
corrupting,2.21,abstract
criminalize,2.21,abstract
defiled,2.21,abstract
delighting,2.21,abstract
deprive,2.21,abstract
distressed,2.21,abstract
diverge,2.21,abstract
enhance,2.21,abstract
express,2.21,abstract
govern,2.21,abstract
nosing,2.21,abstract
obliged,2.21,abstract
outlast,2.21,abstract
partook,2.21,abstract
permitted,2.21,abstract
pining,2.21,abstract
placate,2.21,abstract
poised,2.21,abstract
popularize,2.21,abstract
prelaunch,2.21,abstract
proclaiming,2.21,abstract
recollected,2.21,abstract
recoup,2.21,abstract
reduced,2.21,abstract
refute,2.21,abstract
reintegrate,2.21,abstract
reprimanding,2.21,abstract
restrict,2.21,abstract
safeguard,2.21,abstract
singled,2.21,abstract
subscribe,2.21,abstract
taught,2.21,abstract
thrive,2.21,abstract
underachiever,2.21,abstract
vanquish,2.21,abstract
wearied,2.21,abstract
admonishment,2.21,abstract
backwardly,2.21,abstract
big deal,2.21,abstract
bilingualism,2.21,abstract
centralizer,2.21,abstract
contractibility,2.21,abstract
convertibility,2.21,abstract
count on,2.21,abstract
dauntlessly,2.21,abstract
decreasingly,2.21,abstract
dullish,2.21,abstract
edge in,2.21,abstract
exercisable,2.21,abstract
fishily,2.21,abstract
frugality,2.21,abstract
grouchily,2.21,abstract
harmonistically,2.21,abstract
hollowly,2.21,abstract
inhabitability,2.21,abstract
ironfisted,2.21,abstract
lastingly,2.21,abstract
melodiously,2.21,abstract
mindfulness,2.21,abstract
misconstruction,2.21,abstract
multifactor,2.21,abstract
outlandishness,2.21,abstract
overcorrection,2.21,abstract
overexpansion,2.21,abstract
penalization,2.21,abstract
powerfulness,2.21,abstract
prosperously,2.21,abstract
repurpose,2.21,abstract
rowdily,2.21,abstract
scenically,2.21,abstract
seizable,2.21,abstract
shiningly,2.21,abstract
smuttiness,2.21,abstract
stumblingly,2.21,abstract
submissively,2.21,abstract
technologic,2.21,abstract
thought provoking,2.21,abstract
thriftless,2.21,abstract
tiresomeness,2.21,abstract
unreduced,2.21,abstract
wizardly,2.21,abstract
zero tolerance,2.21,abstract
actual,2.22,abstract
addictive,2.22,abstract
angelic,2.22,abstract
antiquated,2.22,abstract
cerebral,2.22,abstract
cohesive,2.22,abstract
congressional,2.22,abstract
economical,2.22,abstract
existentialist,2.22,abstract
feebleminded,2.22,abstract
forbidding,2.22,abstract
fraught,2.22,abstract
hierarchical,2.22,abstract
impoverished,2.22,abstract
inexpensive,2.22,abstract
informal,2.22,abstract
inter,2.22,abstract
irreparable,2.22,abstract
meek,2.22,abstract
offbeat,2.22,abstract
pastoral,2.22,abstract
pinheaded,2.22,abstract
postmodernist,2.22,abstract
prayerful,2.22,abstract
prototypical,2.22,abstract
psychological,2.22,abstract
sedentary,2.22,abstract
synonymous,2.22,abstract
talentless,2.22,abstract
thirtyish,2.22,abstract
timid,2.22,abstract
uncorrected,2.22,abstract
uncounted,2.22,abstract
undesirable,2.22,abstract
unfitting,2.22,abstract
unheard,2.22,abstract
unkind,2.22,abstract
unwieldy,2.22,abstract
valuable,2.22,abstract
vigilant,2.22,abstract
voyeuristic,2.22,abstract
abundantly,2.22,abstract
competently,2.22,abstract
contractually,2.22,abstract
defiantly,2.22,abstract
frivolously,2.22,abstract
laughably,2.22,abstract
pointedly,2.22,abstract
posthumously,2.22,abstract
relentlessly,2.22,abstract
hardy,2.22,abstract
aesthetics,2.22,abstract
affection,2.22,abstract
agreement,2.22,abstract
attempt,2.22,abstract
beautification,2.22,abstract
blasphemy,2.22,abstract
confluence,2.22,abstract
counteraction,2.22,abstract
debauchery,2.22,abstract
decadence,2.22,abstract
disconnection,2.22,abstract
disinterest,2.22,abstract
dispersion,2.22,abstract
equity,2.22,abstract
imbalance,2.22,abstract
inversion,2.22,abstract
jolliness,2.22,abstract
likeness,2.22,abstract
negativism,2.22,abstract
nonstarter,2.22,abstract
perjury,2.22,abstract
poof,2.22,abstract
prejudice,2.22,abstract
prematurity,2.22,abstract
pseudoscience,2.22,abstract
renegotiations,2.22,abstract
shortfall,2.22,abstract
undertaking,2.22,abstract
vesting,2.22,abstract
authorize,2.22,abstract
authorized,2.22,abstract
conceded,2.22,abstract
confound,2.22,abstract
dawdle,2.22,abstract
degrading,2.22,abstract
enact,2.22,abstract
enforced,2.22,abstract
enjoying,2.22,abstract
fraternize,2.22,abstract
hasten,2.22,abstract
ignore,2.22,abstract
lamented,2.22,abstract
reinstitute,2.22,abstract
reworked,2.22,abstract
seducing,2.22,abstract
sentenced,2.22,abstract
substituted,2.22,abstract
suppress,2.22,abstract
synthesize,2.22,abstract
thuggish,2.22,abstract
try,2.22,abstract
addictedness,2.22,abstract
antipollution,2.22,abstract
authorless,2.22,abstract
blusterously,2.22,abstract
climatologic,2.22,abstract
commercialistic,2.22,abstract
compliable,2.22,abstract
consonance,2.22,abstract
contiguousness,2.22,abstract
crossbred,2.22,abstract
deathlike,2.22,abstract
demolishment,2.22,abstract
die out,2.22,abstract
disentanglement,2.22,abstract
emasculator,2.22,abstract
episcopalian,2.22,abstract
formatively,2.22,abstract
friendlessness,2.22,abstract
gluttonousness,2.22,abstract
harlotry,2.22,abstract
headiness,2.22,abstract
healable,2.22,abstract
imitatively,2.22,abstract
impenetrability,2.22,abstract
innovationist,2.22,abstract
institutionary,2.22,abstract
intellectualist,2.22,abstract
laxness,2.22,abstract
legislatorial,2.22,abstract
loftily,2.22,abstract
mannishness,2.22,abstract
masonic,2.22,abstract
meanderingly,2.22,abstract
mind game,2.22,abstract
navigability,2.22,abstract
oldish,2.22,abstract
praiseful,2.22,abstract
put forward,2.22,abstract
rebilling,2.22,abstract
reregulate,2.22,abstract
retail therapy,2.22,abstract
retransformation,2.22,abstract
shortsightedly,2.22,abstract
sound barrier,2.22,abstract
sullenly,2.22,abstract
toleration,2.22,abstract
unattractiveness,2.22,abstract
unguardedly,2.22,abstract
abreast,2.23,abstract
adept,2.23,abstract
adverse,2.23,abstract
archaic,2.23,abstract
deviled,2.23,abstract
directorial,2.23,abstract
dreadful,2.23,abstract
evangelical,2.23,abstract
feministic,2.23,abstract
ghoulish,2.23,abstract
harsh,2.23,abstract
humorous,2.23,abstract
lustful,2.23,abstract
marriageable,2.23,abstract
nonprofessional,2.23,abstract
particular,2.23,abstract
persistent,2.23,abstract
sublime,2.23,abstract
subsidized,2.23,abstract
therapeutic,2.23,abstract
trusty,2.23,abstract
unconfirmed,2.23,abstract
unconquered,2.23,abstract
underinsured,2.23,abstract
unexpected,2.23,abstract
urological,2.23,abstract
widespread,2.23,abstract
angelically,2.23,abstract
away,2.23,abstract
coherently,2.23,abstract
decisively,2.23,abstract
densely,2.23,abstract
hugely,2.23,abstract
incompetently,2.23,abstract
internationally,2.23,abstract
legally,2.23,abstract
onwards,2.23,abstract
peacefully,2.23,abstract
sourly,2.23,abstract
sweetly,2.23,abstract
unbearably,2.23,abstract
abomination,2.23,abstract
acclamation,2.23,abstract
atheism,2.23,abstract
autocracy,2.23,abstract
blather,2.23,abstract
breadth,2.23,abstract
brevity,2.23,abstract
causer,2.23,abstract
comeback,2.23,abstract
degradation,2.23,abstract
dementia,2.23,abstract
dibs,2.23,abstract
dupe,2.23,abstract
embryology,2.23,abstract
enthusiast,2.23,abstract
extrovert,2.23,abstract
flamboyance,2.23,abstract
husbandry,2.23,abstract
impoverishment,2.23,abstract
impression,2.23,abstract
inaccessibility,2.23,abstract
infiltration,2.23,abstract
malarkey,2.23,abstract
misinformation,2.23,abstract
modesty,2.23,abstract
personhood,2.23,abstract
prearrangement,2.23,abstract
renunciation,2.23,abstract
resonance,2.23,abstract
revelry,2.23,abstract
suggestion,2.23,abstract
throwback,2.23,abstract
unity,2.23,abstract
viewpoint,2.23,abstract
appreciate,2.23,abstract
bossed,2.23,abstract
brought,2.23,abstract
cheat,2.23,abstract
digitalize,2.23,abstract
disposed,2.23,abstract
divulge,2.23,abstract
downplay,2.23,abstract
empathize,2.23,abstract
encompass,2.23,abstract
exaggerate,2.23,abstract
fawning,2.23,abstract
generate,2.23,abstract
hallow,2.23,abstract
impoverish,2.23,abstract
intersperse,2.23,abstract
iterate,2.23,abstract
lessen,2.23,abstract
naming,2.23,abstract
nominated,2.23,abstract
offer,2.23,abstract
originate,2.23,abstract
outgrowing,2.23,abstract
outsmart,2.23,abstract
pardoning,2.23,abstract
procrastinate,2.23,abstract
procure,2.23,abstract
retaining,2.23,abstract
seething,2.23,abstract
succeeding,2.23,abstract
alikeness,2.23,abstract
allurer,2.23,abstract
authoritativeness,2.23,abstract
besiegement,2.23,abstract
bogginess,2.23,abstract
booziness,2.23,abstract
corporality,2.23,abstract
cringingly,2.23,abstract
curtness,2.23,abstract
disproportionally,2.23,abstract
divergently,2.23,abstract
effeminateness,2.23,abstract
episcopal,2.23,abstract
exemplifier,2.23,abstract
flamboyancy,2.23,abstract
frilliness,2.23,abstract
imploration,2.23,abstract
inactivation,2.23,abstract
insolubly,2.23,abstract
interactivity,2.23,abstract
jauntiness,2.23,abstract
lethargically,2.23,abstract
misplacement,2.23,abstract
objectless,2.23,abstract
obligator,2.23,abstract
overanxiously,2.23,abstract
play around,2.23,abstract
pluckiness,2.23,abstract
procurable,2.23,abstract
reversibly,2.23,abstract
scrumptiousness,2.23,abstract
sleaziness,2.23,abstract
textually,2.23,abstract
tipsily,2.23,abstract
transmissible,2.23,abstract
twitchingly,2.23,abstract
unanimated,2.23,abstract
unmetered,2.23,abstract
unsalaried,2.23,abstract
unsoundly,2.23,abstract
unspecialized,2.23,abstract
untendered,2.23,abstract
whimsically,2.23,abstract
ceremonial,2.24,abstract
correctional,2.24,abstract
dissatisfied,2.24,abstract
diverse,2.24,abstract
earnest,2.24,abstract
electoral,2.24,abstract
elementary,2.24,abstract
fickle,2.24,abstract
graven,2.24,abstract
grudging,2.24,abstract
incestuous,2.24,abstract
indigenous,2.24,abstract
kinetic,2.24,abstract
lewd,2.24,abstract
mandatory,2.24,abstract
myopic,2.24,abstract
national,2.24,abstract
peppy,2.24,abstract
phoney,2.24,abstract
pricey,2.24,abstract
ravishing,2.24,abstract
revengeful,2.24,abstract
soulful,2.24,abstract
substandard,2.24,abstract
underfunded,2.24,abstract
unlovely,2.24,abstract
untraceable,2.24,abstract
dangerously,2.24,abstract
editorially,2.24,abstract
obediently,2.24,abstract
presently,2.24,abstract
shamelessly,2.24,abstract
treacherously,2.24,abstract
airiness,2.24,abstract
ascendant,2.24,abstract
attentiveness,2.24,abstract
attraction,2.24,abstract
boastfulness,2.24,abstract
brownnose,2.24,abstract
conception,2.24,abstract
confusion,2.24,abstract
diffusion,2.24,abstract
dilution,2.24,abstract
discipline,2.24,abstract
discriminator,2.24,abstract
enlistment,2.24,abstract
equivalency,2.24,abstract
era,2.24,abstract
federation,2.24,abstract
fraternization,2.24,abstract
hostility,2.24,abstract
housewifery,2.24,abstract
hybridization,2.24,abstract
incest,2.24,abstract
infatuation,2.24,abstract
intelligence,2.24,abstract
mayhem,2.24,abstract
misapplication,2.24,abstract
mutiny,2.24,abstract
nastiness,2.24,abstract
odds,2.24,abstract
pandemonium,2.24,abstract
pardon,2.24,abstract
portability,2.24,abstract
portrayal,2.24,abstract
premise,2.24,abstract
psychodynamics,2.24,abstract
rarity,2.24,abstract
reproof,2.24,abstract
shame,2.24,abstract
startup,2.24,abstract
status,2.24,abstract
unrest,2.24,abstract
validation,2.24,abstract
variable,2.24,abstract
appoint,2.24,abstract
atomize,2.24,abstract
blundering,2.24,abstract
contradict,2.24,abstract
counteracting,2.24,abstract
disengaged,2.24,abstract
disorganized,2.24,abstract
dissuade,2.24,abstract
does,2.24,abstract
erring,2.24,abstract
explaining,2.24,abstract
favored,2.24,abstract
gain,2.24,abstract
hangup,2.24,abstract
metabolize,2.24,abstract
mistook,2.24,abstract
nonfunctioning,2.24,abstract
nurture,2.24,abstract
overuse,2.24,abstract
ponder,2.24,abstract
recasting,2.24,abstract
redeem,2.24,abstract
repeal,2.24,abstract
repopulate,2.24,abstract
subdue,2.24,abstract
suspected,2.24,abstract
unionize,2.24,abstract
unleashed,2.24,abstract
bestowal,2.24,abstract
blazingly,2.24,abstract
clerically,2.24,abstract
concreteness,2.24,abstract
congestible,2.24,abstract
deposable,2.24,abstract
devolvement,2.24,abstract
diminishingly,2.24,abstract
disgracer,2.24,abstract
disobeyer,2.24,abstract
doleful,2.24,abstract
downfallen,2.24,abstract
dustily,2.24,abstract
educatory,2.24,abstract
exportable,2.24,abstract
freeload,2.24,abstract
heartiness,2.24,abstract
indestructibility,2.24,abstract
inseparability,2.24,abstract
lavishness,2.24,abstract
lushness,2.24,abstract
mental state,2.24,abstract
metamorphism,2.24,abstract
multiplicative,2.24,abstract
nondomestic,2.24,abstract
nonrenewal,2.24,abstract
nonstructural,2.24,abstract
pecking order,2.24,abstract
play down,2.24,abstract
reactivity,2.24,abstract
redistrict,2.24,abstract
restlessly,2.24,abstract
restudy,2.24,abstract
sanitarily,2.24,abstract
sardonically,2.24,abstract
secluding,2.24,abstract
sluggardly,2.24,abstract
trustfully,2.24,abstract
unenthusiastically,2.24,abstract
ungentle,2.24,abstract
unidimensional,2.24,abstract
wincingly,2.24,abstract
womanliness,2.24,abstract
wellmannered,2.25,abstract
antipsychotic,2.25,abstract
artsy,2.25,abstract
bearable,2.25,abstract
cyclical,2.25,abstract
excessive,2.25,abstract
flattering,2.25,abstract
frequent,2.25,abstract
genealogical,2.25,abstract
generous,2.25,abstract
gorgeous,2.25,abstract
impulsive,2.25,abstract
inharmonious,2.25,abstract
journalistic,2.25,abstract
macabre,2.25,abstract
obnoxious,2.25,abstract
puckish,2.25,abstract
rampant,2.25,abstract
secretive,2.25,abstract
simultaneous,2.25,abstract
spineless,2.25,abstract
spooky,2.25,abstract
steady,2.25,abstract
stealthy,2.25,abstract
stimulating,2.25,abstract
supersensitive,2.25,abstract
tensile,2.25,abstract
unnoticed,2.25,abstract
unopposed,2.25,abstract
unrecognized,2.25,abstract
unsuccessful,2.25,abstract
victorious,2.25,abstract
worrisome,2.25,abstract
afterward,2.25,abstract
aggressively,2.25,abstract
besides,2.25,abstract
botanically,2.25,abstract
early,2.25,abstract
heatedly,2.25,abstract
indiscreetly,2.25,abstract
threefold,2.25,abstract
bye,2.25,abstract
dear,2.25,abstract
adverb,2.25,abstract
alliteration,2.25,abstract
annulment,2.25,abstract
assistance,2.25,abstract
benefit,2.25,abstract
conditioning,2.25,abstract
contentment,2.25,abstract
cousinhood,2.25,abstract
defamation,2.25,abstract
desolation,2.25,abstract
dimwittedness,2.25,abstract
downgrade,2.25,abstract
fanatic,2.25,abstract
gusto,2.25,abstract
infringement,2.25,abstract
inkling,2.25,abstract
insistence,2.25,abstract
introvert,2.25,abstract
intrusion,2.25,abstract
lieutenancy,2.25,abstract
lyricism,2.25,abstract
maneuverability,2.25,abstract
manipulation,2.25,abstract
minimum,2.25,abstract
opposition,2.25,abstract
psychoanalysis,2.25,abstract
quirk,2.25,abstract
reenlistment,2.25,abstract
rejection,2.25,abstract
restriction,2.25,abstract
runaround,2.25,abstract
scallywag,2.25,abstract
subtype,2.25,abstract
trouble,2.25,abstract
accuse,2.25,abstract
bamboozle,2.25,abstract
beget,2.25,abstract
bewitching,2.25,abstract
circumvent,2.25,abstract
coexist,2.25,abstract
dwindle,2.25,abstract
entitle,2.25,abstract
forced,2.25,abstract
inform,2.25,abstract
intensify,2.25,abstract
lose,2.25,abstract
needs,2.25,abstract
orchestrate,2.25,abstract
overstay,2.25,abstract
paraphrase,2.25,abstract
prompt,2.25,abstract
resign,2.25,abstract
retaliate,2.25,abstract
scorned,2.25,abstract
snubbing,2.25,abstract
unsettled,2.25,abstract
went,2.25,abstract
acceleratory,2.25,abstract
admissive,2.25,abstract
allow for,2.25,abstract
befuddle,2.25,abstract
coachable,2.25,abstract
conventionalist,2.25,abstract
decimally,2.25,abstract
decliner,2.25,abstract
demonstrativeness,2.25,abstract
discoverable,2.25,abstract
disguisedly,2.25,abstract
disjointedness,2.25,abstract
ecologic,2.25,abstract
factorial,2.25,abstract
federacy,2.25,abstract
flesh out,2.25,abstract
fortifiable,2.25,abstract
frostily,2.25,abstract
hypodermal,2.25,abstract
inapproachable,2.25,abstract
inflammatorily,2.25,abstract
intermarriage,2.25,abstract
judgment day,2.25,abstract
liveable,2.25,abstract
monday,2.25,abstract
nonexempt,2.25,abstract
outbreed,2.25,abstract
outwrestle,2.25,abstract
pipedream,2.25,abstract
postponer,2.25,abstract
redirection,2.25,abstract
saintlike,2.25,abstract
salutatory,2.25,abstract
scrutinizer,2.25,abstract
skin deep,2.25,abstract
spastically,2.25,abstract
territorially,2.25,abstract
tribally,2.25,abstract
unblushing,2.25,abstract
unvaccinated,2.25,abstract
vaporizable,2.25,abstract
watchfully,2.25,abstract
whininess,2.25,abstract
oldfashioned,2.26,abstract
antislavery,2.26,abstract
astral,2.26,abstract
basic,2.26,abstract
beastly,2.26,abstract
billowy,2.26,abstract
brave,2.26,abstract
chic,2.26,abstract
congratulatory,2.26,abstract
connective,2.26,abstract
constrictive,2.26,abstract
deferential,2.26,abstract
downcast,2.26,abstract
eclectic,2.26,abstract
erotic,2.26,abstract
escalating,2.26,abstract
fascist,2.26,abstract
flawed,2.26,abstract
huffy,2.26,abstract
inbred,2.26,abstract
indivisible,2.26,abstract
macrobiotic,2.26,abstract
maximal,2.26,abstract
melodic,2.26,abstract
municipal,2.26,abstract
nominal,2.26,abstract
nonromantic,2.26,abstract
overblown,2.26,abstract
passive,2.26,abstract
phobic,2.26,abstract
plain,2.26,abstract
postoperative,2.26,abstract
preoccupied,2.26,abstract
procedural,2.26,abstract
recursive,2.26,abstract
renewable,2.26,abstract
revolutionary,2.26,abstract
sensual,2.26,abstract
transferable,2.26,abstract
unchanged,2.26,abstract
uncivilized,2.26,abstract
unstopped,2.26,abstract
vigorous,2.26,abstract
athletically,2.26,abstract
expeditiously,2.26,abstract
homicidally,2.26,abstract
matronly,2.26,abstract
mysteriously,2.26,abstract
slyly,2.26,abstract
soulfully,2.26,abstract
soundlessly,2.26,abstract
sass,2.26,abstract
accompaniment,2.26,abstract
admittance,2.26,abstract
badness,2.26,abstract
boorishness,2.26,abstract
calculus,2.26,abstract
diminishment,2.26,abstract
discord,2.26,abstract
exhilaration,2.26,abstract
freethinker,2.26,abstract
humor,2.26,abstract
incentive,2.26,abstract
luxuriousness,2.26,abstract
maturation,2.26,abstract
misdiagnosis,2.26,abstract
par,2.26,abstract
permutation,2.26,abstract
phenomenon,2.26,abstract
premeditation,2.26,abstract
pretext,2.26,abstract
proverb,2.26,abstract
rating,2.26,abstract
resale,2.26,abstract
resilience,2.26,abstract
scrutiny,2.26,abstract
shithead,2.26,abstract
stardom,2.26,abstract
sustenance,2.26,abstract
takings,2.26,abstract
aggravate,2.26,abstract
assess,2.26,abstract
coincide,2.26,abstract
disallow,2.26,abstract
dogged,2.26,abstract
gratify,2.26,abstract
let,2.26,abstract
neglect,2.26,abstract
nourish,2.26,abstract
overprotect,2.26,abstract
promote,2.26,abstract
reawakening,2.26,abstract
recount,2.26,abstract
remortgage,2.26,abstract
settling,2.26,abstract
sought,2.26,abstract
subside,2.26,abstract
underrate,2.26,abstract
unthreatening,2.26,abstract
waged,2.26,abstract
affirmative action,2.26,abstract
agreeableness,2.26,abstract
apostolic,2.26,abstract
astrologic,2.26,abstract
blockish,2.26,abstract
bullishness,2.26,abstract
cancelable,2.26,abstract
cease fire,2.26,abstract
clingingly,2.26,abstract
coolheaded,2.26,abstract
creamily,2.26,abstract
defensibly,2.26,abstract
deteriorative,2.26,abstract
discontentedness,2.26,abstract
epidemically,2.26,abstract
extravagancy,2.26,abstract
farmost,2.26,abstract
farseeing,2.26,abstract
floodless,2.26,abstract
freehandedly,2.26,abstract
gawkily,2.26,abstract
girlishly,2.26,abstract
glycemic,2.26,abstract
incongruence,2.26,abstract
inhabitancy,2.26,abstract
ironhanded,2.26,abstract
lineate,2.26,abstract
merchantable,2.26,abstract
modernist,2.26,abstract
nastily,2.26,abstract
nonirritant,2.26,abstract
nontheatrical,2.26,abstract
oncologic,2.26,abstract
peppiness,2.26,abstract
quenchable,2.26,abstract
reauthorize,2.26,abstract
regionalization,2.26,abstract
resolvable,2.26,abstract
resurge,2.26,abstract
rip off,2.26,abstract
schoolmasterish,2.26,abstract
shiftiness,2.26,abstract
sluggishly,2.26,abstract
summerlike,2.26,abstract
tick off,2.26,abstract
unaggressive,2.26,abstract
undermost,2.26,abstract
undistributed,2.26,abstract
unquoted,2.26,abstract
unsatisfactorily,2.26,abstract
viewless,2.26,abstract
wildish,2.26,abstract
abrupt,2.27,abstract
accredited,2.27,abstract
biannual,2.27,abstract
churchgoing,2.27,abstract
communicable,2.27,abstract
corporate,2.27,abstract
crestfallen,2.27,abstract
daughterly,2.27,abstract
detailed,2.27,abstract
distraught,2.27,abstract
episodic,2.27,abstract
expansive,2.27,abstract
frightened,2.27,abstract
governmental,2.27,abstract
inverse,2.27,abstract
isometric,2.27,abstract
mayoral,2.27,abstract
peaceful,2.27,abstract
pluralistic,2.27,abstract
prearranged,2.27,abstract
psychosomatic,2.27,abstract
punitive,2.27,abstract
radiological,2.27,abstract
responsive,2.27,abstract
satisfying,2.27,abstract
seaward,2.27,abstract
shiftless,2.27,abstract
social,2.27,abstract
stricken,2.27,abstract
suicidal,2.27,abstract
supersonic,2.27,abstract
surprising,2.27,abstract
temporary,2.27,abstract
transmittable,2.27,abstract
uninhabitable,2.27,abstract
unlooked,2.27,abstract
unruly,2.27,abstract
valid,2.27,abstract
blandly,2.27,abstract
heartily,2.27,abstract
hotly,2.27,abstract
incurably,2.27,abstract
invisibly,2.27,abstract
onward,2.27,abstract
perennially,2.27,abstract
reproductively,2.27,abstract
safely,2.27,abstract
touchingly,2.27,abstract
all,2.27,abstract
howdy,2.27,abstract
affliction,2.27,abstract
antithesis,2.27,abstract
artificiality,2.27,abstract
basics,2.27,abstract
congratulation,2.27,abstract
duress,2.27,abstract
escalation,2.27,abstract
everyplace,2.27,abstract
exaggerator,2.27,abstract
glee,2.27,abstract
invisibility,2.27,abstract
lingo,2.27,abstract
melancholia,2.27,abstract
mesmerism,2.27,abstract
metabolism,2.27,abstract
microscopy,2.27,abstract
misdirection,2.27,abstract
nonattendance,2.27,abstract
outcome,2.27,abstract
permission,2.27,abstract
pragmatist,2.27,abstract
saver,2.27,abstract
shallowness,2.27,abstract
superimposition,2.27,abstract
surrealism,2.27,abstract
velocity,2.27,abstract
vigor,2.27,abstract
vulgarism,2.27,abstract
zest,2.27,abstract
amid,2.27,abstract
throughout,2.27,abstract
thyself,2.27,abstract
abound,2.27,abstract
angers,2.27,abstract
comes,2.27,abstract
condemned,2.27,abstract
correspond,2.27,abstract
dispossess,2.27,abstract
diversified,2.27,abstract
emerge,2.27,abstract
flaunt,2.27,abstract
investigate,2.27,abstract
obtrude,2.27,abstract
prosper,2.27,abstract
refusing,2.27,abstract
resell,2.27,abstract
returned,2.27,abstract
reweigh,2.27,abstract
soliciting,2.27,abstract
transpire,2.27,abstract
withstand,2.27,abstract
adultlike,2.27,abstract
alterable,2.27,abstract
beamingly,2.27,abstract
buffoonish,2.27,abstract
chargeability,2.27,abstract
cohesively,2.27,abstract
combinable,2.27,abstract
common ground,2.27,abstract
condensability,2.27,abstract
conveyable,2.27,abstract
cumbersomeness,2.27,abstract
desolateness,2.27,abstract
distantness,2.27,abstract
freehearted,2.27,abstract
gregariousness,2.27,abstract
guideless,2.27,abstract
handiness,2.27,abstract
inactiveness,2.27,abstract
incontrollable,2.27,abstract
incurableness,2.27,abstract
indivisibly,2.27,abstract
intergovernmental,2.27,abstract
intramuscularly,2.27,abstract
liveliness,2.27,abstract
lukewarmly,2.27,abstract
microcosmic,2.27,abstract
multipliable,2.27,abstract
nonexecutive,2.27,abstract
nonfederal,2.27,abstract
nonobservant,2.27,abstract
puckishly,2.27,abstract
recommencement,2.27,abstract
reduplicate,2.27,abstract
scourging,2.27,abstract
segmental,2.27,abstract
settle down,2.27,abstract
turning point,2.27,abstract
undercharge,2.27,abstract
unionization,2.27,abstract
unmatchable,2.27,abstract
unquenched,2.27,abstract
unready,2.27,abstract
urbaneness,2.27,abstract
wonderer,2.27,abstract
tirelessness,2.28,abstract
affectionate,2.28,abstract
anguished,2.28,abstract
careworn,2.28,abstract
centralized,2.28,abstract
combative,2.28,abstract
compliant,2.28,abstract
despondent,2.28,abstract
disordered,2.28,abstract
dispensable,2.28,abstract
dreamlike,2.28,abstract
elated,2.28,abstract
extravagant,2.28,abstract
exuberant,2.28,abstract
forgetful,2.28,abstract
grieving,2.28,abstract
hypoglycemic,2.28,abstract
inmost,2.28,abstract
instantaneous,2.28,abstract
longstanding,2.28,abstract
monumental,2.28,abstract
needy,2.28,abstract
organizational,2.28,abstract
outraged,2.28,abstract
preindustrial,2.28,abstract
primary,2.28,abstract
shortsighted,2.28,abstract
timely,2.28,abstract
undulating,2.28,abstract
unfeminine,2.28,abstract
unmanageable,2.28,abstract
unpunished,2.28,abstract
unsponsored,2.28,abstract
unswerving,2.28,abstract
adoringly,2.28,abstract
chronically,2.28,abstract
fictionally,2.28,abstract
materially,2.28,abstract
soberly,2.28,abstract
stylishly,2.28,abstract
every,2.28,abstract
collateral,2.28,abstract
demographics,2.28,abstract
discomfort,2.28,abstract
diversity,2.28,abstract
ethics,2.28,abstract
fatale,2.28,abstract
fellowship,2.28,abstract
fiasco,2.28,abstract
health,2.28,abstract
impertinence,2.28,abstract
inequality,2.28,abstract
joviality,2.28,abstract
limit,2.28,abstract
mooch,2.28,abstract
postdoctoral,2.28,abstract
pureblood,2.28,abstract
reclamation,2.28,abstract
replenishment,2.28,abstract
sterility,2.28,abstract
subsistence,2.28,abstract
timesaver,2.28,abstract
unreason,2.28,abstract
vestige,2.28,abstract
wacko,2.28,abstract
toward,2.28,abstract
accepted,2.28,abstract
amass,2.28,abstract
annul,2.28,abstract
authenticate,2.28,abstract
banning,2.28,abstract
besieged,2.28,abstract
comprised,2.28,abstract
dare,2.28,abstract
declaim,2.28,abstract
discredit,2.28,abstract
enquire,2.28,abstract
feel,2.28,abstract
guess,2.28,abstract
ingrain,2.28,abstract
losing,2.28,abstract
neutralize,2.28,abstract
overcome,2.28,abstract
overwrought,2.28,abstract
pales,2.28,abstract
pussyfooting,2.28,abstract
rebut,2.28,abstract
redouble,2.28,abstract
relapsing,2.28,abstract
scheming,2.28,abstract
substituting,2.28,abstract
suffer,2.28,abstract
suspended,2.28,abstract
understand,2.28,abstract
understood,2.28,abstract
wander,2.28,abstract
act upon,2.28,abstract
asserter,2.28,abstract
audiometric,2.28,abstract
bacteriologic,2.28,abstract
barbarianism,2.28,abstract
blameworthiness,2.28,abstract
buildable,2.28,abstract
compressive,2.28,abstract
cost effective,2.28,abstract
dartingly,2.28,abstract
dead on,2.28,abstract
degrader,2.28,abstract
disorderedly,2.28,abstract
distractible,2.28,abstract
dreamtime,2.28,abstract
electrifiable,2.28,abstract
feebleness,2.28,abstract
frolicker,2.28,abstract
goldenly,2.28,abstract
grumbly,2.28,abstract
hazardless,2.28,abstract
inactivate,2.28,abstract
interchangeably,2.28,abstract
internationality,2.28,abstract
kinetically,2.28,abstract
landless,2.28,abstract
life style,2.28,abstract
looney,2.28,abstract
melodramatics,2.28,abstract
misclassification,2.28,abstract
overvaluation,2.28,abstract
parasitical,2.28,abstract
placidness,2.28,abstract
prototypic,2.28,abstract
resolvent,2.28,abstract
restfully,2.28,abstract
sorrowfully,2.28,abstract
trashiness,2.28,abstract
traversable,2.28,abstract
trickily,2.28,abstract
unreceptive,2.28,abstract
untiringly,2.28,abstract
value system,2.28,abstract
vivaciously,2.28,abstract
welfare state,2.28,abstract
yielder,2.28,abstract
aglow,2.29,abstract
anthropological,2.29,abstract
befuddled,2.29,abstract
belligerent,2.29,abstract
circuitous,2.29,abstract
climactic,2.29,abstract
contaminative,2.29,abstract
conversational,2.29,abstract
cumulative,2.29,abstract
hooky,2.29,abstract
inaudible,2.29,abstract
inflationary,2.29,abstract
insulting,2.29,abstract
interventionist,2.29,abstract
lesser,2.29,abstract
lovely,2.29,abstract
militaristic,2.29,abstract
misdirect,2.29,abstract
noticeable,2.29,abstract
pained,2.29,abstract
painless,2.29,abstract
paternal,2.29,abstract
pathogenic,2.29,abstract
quarterly,2.29,abstract
sonic,2.29,abstract
uninsured,2.29,abstract
untended,2.29,abstract
untouchable,2.29,abstract
uppity,2.29,abstract
blackly,2.29,abstract
brazenly,2.29,abstract
defensively,2.29,abstract
expertly,2.29,abstract
gnarly,2.29,abstract
hideously,2.29,abstract
swiftly,2.29,abstract
technologically,2.29,abstract
goodnight,2.29,abstract
blandness,2.29,abstract
boyhood,2.29,abstract
chronology,2.29,abstract
controversy,2.29,abstract
credibility,2.29,abstract
debacle,2.29,abstract
discrimination,2.29,abstract
dismay,2.29,abstract
enhancement,2.29,abstract
equalization,2.29,abstract
exaggeration,2.29,abstract
extradition,2.29,abstract
haste,2.29,abstract
interrelationship,2.29,abstract
jubilee,2.29,abstract
legit,2.29,abstract
mistreatment,2.29,abstract
obedience,2.29,abstract
objection,2.29,abstract
orneriness,2.29,abstract
renewal,2.29,abstract
reserve,2.29,abstract
retrofit,2.29,abstract
supplication,2.29,abstract
thoroughness,2.29,abstract
wedlock,2.29,abstract
achieve,2.29,abstract
capitalize,2.29,abstract
carousing,2.29,abstract
deprecate,2.29,abstract
depress,2.29,abstract
devastate,2.29,abstract
driven,2.29,abstract
dwelled,2.29,abstract
easing,2.29,abstract
editorialize,2.29,abstract
emancipate,2.29,abstract
enjoy,2.29,abstract
excuse,2.29,abstract
featherbrain,2.29,abstract
hightail,2.29,abstract
liberate,2.29,abstract
postpone,2.29,abstract
preferred,2.29,abstract
quibble,2.29,abstract
ravage,2.29,abstract
reassure,2.29,abstract
revitalize,2.29,abstract
schmooze,2.29,abstract
slaving,2.29,abstract
terminate,2.29,abstract
wavering,2.29,abstract
willed,2.29,abstract
abolisher,2.29,abstract
adoptability,2.29,abstract
adulteration,2.29,abstract
affixation,2.29,abstract
algebraically,2.29,abstract
antisocialist,2.29,abstract
bearishness,2.29,abstract
bouncingly,2.29,abstract
calculable,2.29,abstract
cashable,2.29,abstract
decaffeinate,2.29,abstract
disablement,2.29,abstract
equidistantly,2.29,abstract
expository,2.29,abstract
flash back,2.29,abstract
gigantically,2.29,abstract
globalist,2.29,abstract
imperishableness,2.29,abstract
imposingly,2.29,abstract
incohesion,2.29,abstract
inflatedness,2.29,abstract
insolubility,2.29,abstract
laid back,2.29,abstract
luminance,2.29,abstract
motherliness,2.29,abstract
overcapitalize,2.29,abstract
parenthetical,2.29,abstract
relaxedness,2.29,abstract
removability,2.29,abstract
shadowlike,2.29,abstract
silkily,2.29,abstract
tiding,2.29,abstract
underperform,2.29,abstract
underrepresentation,2.29,abstract
unmixable,2.29,abstract
unresponsiveness,2.29,abstract
unstrained,2.29,abstract
vocationally,2.29,abstract
voluptuously,2.29,abstract
whorishly,2.29,abstract
whorishness,2.29,abstract
applicable,2.3,abstract
bullish,2.3,abstract
continual,2.3,abstract
corruptible,2.3,abstract
delicate,2.3,abstract
demonstrable,2.3,abstract
demonstrative,2.3,abstract
exhaustive,2.3,abstract
famished,2.3,abstract
founding,2.3,abstract
friendless,2.3,abstract
hypocritical,2.3,abstract
identifiable,2.3,abstract
imperishable,2.3,abstract
inaccessible,2.3,abstract
infectious,2.3,abstract
lasting,2.3,abstract
longtime,2.3,abstract
lucid,2.3,abstract
magical,2.3,abstract
nosey,2.3,abstract
observable,2.3,abstract
outgoing,2.3,abstract
oxygenating,2.3,abstract
perpetual,2.3,abstract
perverted,2.3,abstract
rebellious,2.3,abstract
resentful,2.3,abstract
scrappy,2.3,abstract
seasonable,2.3,abstract
sundry,2.3,abstract
supercharged,2.3,abstract
supportable,2.3,abstract
unbecoming,2.3,abstract
uncalled,2.3,abstract
undelivered,2.3,abstract
unimproved,2.3,abstract
unreadable,2.3,abstract
unregistered,2.3,abstract
untaxed,2.3,abstract
calmly,2.3,abstract
clumsily,2.3,abstract
excruciatingly,2.3,abstract
freely,2.3,abstract
gracefully,2.3,abstract
greedily,2.3,abstract
immediately,2.3,abstract
masterfully,2.3,abstract
partly,2.3,abstract
precisely,2.3,abstract
sociably,2.3,abstract
straightforwardly,2.3,abstract
upfront,2.3,abstract
accessibility,2.3,abstract
antiestablishment,2.3,abstract
antiwar,2.3,abstract
arrangement,2.3,abstract
association,2.3,abstract
attention,2.3,abstract
condescension,2.3,abstract
delight,2.3,abstract
delusion,2.3,abstract
distortion,2.3,abstract
dopey,2.3,abstract
eradication,2.3,abstract
exaltation,2.3,abstract
excommunication,2.3,abstract
gentleness,2.3,abstract
girlishness,2.3,abstract
handsomeness,2.3,abstract
headway,2.3,abstract
ignoramus,2.3,abstract
menace,2.3,abstract
misdeed,2.3,abstract
mobilization,2.3,abstract
multiphase,2.3,abstract
negativity,2.3,abstract
nonevent,2.3,abstract
passion,2.3,abstract
pun,2.3,abstract
reconnection,2.3,abstract
renaissance,2.3,abstract
restfulness,2.3,abstract
resurrection,2.3,abstract
rundown,2.3,abstract
taker,2.3,abstract
tragicomedy,2.3,abstract
wellbeing,2.3,abstract
whodunit,2.3,abstract
into,2.3,abstract
everything,2.3,abstract
analyze,2.3,abstract
broaden,2.3,abstract
cheapish,2.3,abstract
conjure,2.3,abstract
couched,2.3,abstract
deepening,2.3,abstract
gloat,2.3,abstract
innovate,2.3,abstract
pronounced,2.3,abstract
reanimate,2.3,abstract
refining,2.3,abstract
regale,2.3,abstract
sacrificing,2.3,abstract
sanction,2.3,abstract
semiprivate,2.3,abstract
sequestered,2.3,abstract
specify,2.3,abstract
subduing,2.3,abstract
toying,2.3,abstract
adaptively,2.3,abstract
aggregator,2.3,abstract
allegorist,2.3,abstract
arithmetically,2.3,abstract
asymmetrically,2.3,abstract
at bay,2.3,abstract
buddhism,2.3,abstract
cheer up,2.3,abstract
chieftainship,2.3,abstract
coinable,2.3,abstract
computably,2.3,abstract
concurring,2.3,abstract
contradicter,2.3,abstract
demilitarize,2.3,abstract
denaturalize,2.3,abstract
destroyable,2.3,abstract
ecotourism,2.3,abstract
expediential,2.3,abstract
feudalist,2.3,abstract
focusable,2.3,abstract
forcefulness,2.3,abstract
frictional,2.3,abstract
genderless,2.3,abstract
hierarchism,2.3,abstract
impressible,2.3,abstract
inflexibleness,2.3,abstract
insurability,2.3,abstract
intracellular,2.3,abstract
lighten up,2.3,abstract
miscompute,2.3,abstract
moderateness,2.3,abstract
moneysaving,2.3,abstract
monotonously,2.3,abstract
municipally,2.3,abstract
opt out,2.3,abstract
parentally,2.3,abstract
repercussive,2.3,abstract
restrictedly,2.3,abstract
runtime,2.3,abstract
sanctifier,2.3,abstract
seasonality,2.3,abstract
seaworthiness,2.3,abstract
spookiness,2.3,abstract
steamily,2.3,abstract
topographically,2.3,abstract
uncirculated,2.3,abstract
uncommented,2.3,abstract
unconsumed,2.3,abstract
underproduction,2.3,abstract
undersupply,2.3,abstract
ungrouped,2.3,abstract
unincorporated,2.3,abstract
unlettered,2.3,abstract
voluntarism,2.3,abstract
yellowbelly,2.3,abstract
agile,2.31,abstract
amateur,2.31,abstract
annoying,2.31,abstract
authentic,2.31,abstract
bratty,2.31,abstract
chintzy,2.31,abstract
cocky,2.31,abstract
commanding,2.31,abstract
comparable,2.31,abstract
compatible,2.31,abstract
contradictory,2.31,abstract
elegant,2.31,abstract
fatheaded,2.31,abstract
fleeting,2.31,abstract
furious,2.31,abstract
hyperbolic,2.31,abstract
hyperglycemic,2.31,abstract
inarticulate,2.31,abstract
kinky,2.31,abstract
lavish,2.31,abstract
modern,2.31,abstract
nutritional,2.31,abstract
ostentatious,2.31,abstract
overprotective,2.31,abstract
partial,2.31,abstract
presidential,2.31,abstract
puzzling,2.31,abstract
remedial,2.31,abstract
restrictive,2.31,abstract
slutty,2.31,abstract
socioeconomic,2.31,abstract
sparse,2.31,abstract
streamlined,2.31,abstract
tardy,2.31,abstract
tenacious,2.31,abstract
unceasing,2.31,abstract
underdeveloped,2.31,abstract
unmatched,2.31,abstract
unmoving,2.31,abstract
unrevealed,2.31,abstract
unsuited,2.31,abstract
utilitarian,2.31,abstract
whiny,2.31,abstract
wordless,2.31,abstract
collectively,2.31,abstract
cozily,2.31,abstract
hastily,2.31,abstract
hygienically,2.31,abstract
irresponsibly,2.31,abstract
languidly,2.31,abstract
mournfully,2.31,abstract
plainly,2.31,abstract
robustly,2.31,abstract
sensuously,2.31,abstract
shortly,2.31,abstract
studiously,2.31,abstract
worriedly,2.31,abstract
foster,2.31,abstract
genesis,2.31,abstract
nimbleness,2.31,abstract
orient,2.31,abstract
absence,2.31,abstract
ambiance,2.31,abstract
blaspheme,2.31,abstract
bloodlust,2.31,abstract
blowhard,2.31,abstract
blues,2.31,abstract
clairvoyant,2.31,abstract
dawning,2.31,abstract
demise,2.31,abstract
demotion,2.31,abstract
depiction,2.31,abstract
disengagement,2.31,abstract
downfall,2.31,abstract
ending,2.31,abstract
entrapment,2.31,abstract
experimentation,2.31,abstract
faulting,2.31,abstract
frenzy,2.31,abstract
heartland,2.31,abstract
hysterics,2.31,abstract
intensifier,2.31,abstract
lamentation,2.31,abstract
macro,2.31,abstract
miscalculation,2.31,abstract
motherfucker,2.31,abstract
nervousness,2.31,abstract
nonsupport,2.31,abstract
obscenity,2.31,abstract
preflight,2.31,abstract
prerecord,2.31,abstract
productivity,2.31,abstract
psychology,2.31,abstract
psychosis,2.31,abstract
purification,2.31,abstract
qualifier,2.31,abstract
rationalization,2.31,abstract
reorganization,2.31,abstract
sameness,2.31,abstract
scourge,2.31,abstract
shortsightedness,2.31,abstract
skeptic,2.31,abstract
slackness,2.31,abstract
suppression,2.31,abstract
transposition,2.31,abstract
trusteeship,2.31,abstract
worldview,2.31,abstract
agree,2.31,abstract
babied,2.31,abstract
deduct,2.31,abstract
defacing,2.31,abstract
defend,2.31,abstract
extroverted,2.31,abstract
fixate,2.31,abstract
forcing,2.31,abstract
prorate,2.31,abstract
retook,2.31,abstract
sensed,2.31,abstract
settle,2.31,abstract
simulate,2.31,abstract
skimp,2.31,abstract
smite,2.31,abstract
snuffing,2.31,abstract
thrilled,2.31,abstract
told,2.31,abstract
abolishment,2.31,abstract
alphabetization,2.31,abstract
brutalization,2.31,abstract
choreographic,2.31,abstract
climatically,2.31,abstract
come forth,2.31,abstract
correctible,2.31,abstract
costliness,2.31,abstract
dinginess,2.31,abstract
end game,2.31,abstract
flockless,2.31,abstract
formulization,2.31,abstract
grammarless,2.31,abstract
initialization,2.31,abstract
intermediation,2.31,abstract
invisibleness,2.31,abstract
limiter,2.31,abstract
microevolution,2.31,abstract
miswrite,2.31,abstract
monstrousness,2.31,abstract
motional,2.31,abstract
mutism,2.31,abstract
nonrenewable,2.31,abstract
oxidative,2.31,abstract
paintable,2.31,abstract
patchily,2.31,abstract
percussiveness,2.31,abstract
printability,2.31,abstract
quadratics,2.31,abstract
reapplication,2.31,abstract
recertify,2.31,abstract
ritualism,2.31,abstract
securable,2.31,abstract
substitutive,2.31,abstract
tomboyish,2.31,abstract
traceability,2.31,abstract
unadvertised,2.31,abstract
undistinguishing,2.31,abstract
unequally,2.31,abstract
unpiloted,2.31,abstract
bitchy,2.32,abstract
chromatic,2.32,abstract
congenital,2.32,abstract
conjugal,2.32,abstract
contrite,2.32,abstract
defensible,2.32,abstract
dependent,2.32,abstract
disastrous,2.32,abstract
discordant,2.32,abstract
drab,2.32,abstract
excited,2.32,abstract
favorable,2.32,abstract
friendly,2.32,abstract
godlike,2.32,abstract
heartstring,2.32,abstract
homely,2.32,abstract
improvisational,2.32,abstract
lawyerlike,2.32,abstract
literary,2.32,abstract
logistic,2.32,abstract
maritime,2.32,abstract
primeval,2.32,abstract
proportional,2.32,abstract
racial,2.32,abstract
refundable,2.32,abstract
sickening,2.32,abstract
simulated,2.32,abstract
spendable,2.32,abstract
statistical,2.32,abstract
surly,2.32,abstract
underlying,2.32,abstract
uninspected,2.32,abstract
unproductive,2.32,abstract
unprotected,2.32,abstract
unseeing,2.32,abstract
unspoiled,2.32,abstract
untwined,2.32,abstract
unwearied,2.32,abstract
erratically,2.32,abstract
intricately,2.32,abstract
largely,2.32,abstract
neutrally,2.32,abstract
nimbly,2.32,abstract
outwardly,2.32,abstract
smartly,2.32,abstract
staggeringly,2.32,abstract
stoutly,2.32,abstract
unintentionally,2.32,abstract
viciously,2.32,abstract
those,2.32,abstract
prescriptive,2.32,abstract
acrophobia,2.32,abstract
allocation,2.32,abstract
annexation,2.32,abstract
astrobiology,2.32,abstract
atomics,2.32,abstract
availability,2.32,abstract
belligerency,2.32,abstract
categorization,2.32,abstract
consciousness,2.32,abstract
consensus,2.32,abstract
defection,2.32,abstract
delinquency,2.32,abstract
depravation,2.32,abstract
disapproval,2.32,abstract
disembodiment,2.32,abstract
ease,2.32,abstract
emptiness,2.32,abstract
encroachment,2.32,abstract
farce,2.32,abstract
littleness,2.32,abstract
lull,2.32,abstract
middleclass,2.32,abstract
overkill,2.32,abstract
potency,2.32,abstract
preposition,2.32,abstract
repopulation,2.32,abstract
restlessness,2.32,abstract
rogue,2.32,abstract
ruling,2.32,abstract
servitude,2.32,abstract
stature,2.32,abstract
stuffiness,2.32,abstract
unloosen,2.32,abstract
verge,2.32,abstract
wastefulness,2.32,abstract
nobody,2.32,abstract
admit,2.32,abstract
amend,2.32,abstract
blighted,2.32,abstract
boast,2.32,abstract
dating,2.32,abstract
delve,2.32,abstract
discombobulate,2.32,abstract
diverting,2.32,abstract
exude,2.32,abstract
juxtapose,2.32,abstract
maintain,2.32,abstract
mannish,2.32,abstract
might,2.32,abstract
outplayed,2.32,abstract
outspend,2.32,abstract
provided,2.32,abstract
reinforce,2.32,abstract
retain,2.32,abstract
summarize,2.32,abstract
transforming,2.32,abstract
underselling,2.32,abstract
usurp,2.32,abstract
accurateness,2.32,abstract
alter ego,2.32,abstract
beneficiate,2.32,abstract
bidirectional,2.32,abstract
boatmanship,2.32,abstract
bottomline,2.32,abstract
calm down,2.32,abstract
catch phrase,2.32,abstract
chaotically,2.32,abstract
cheeringly,2.32,abstract
condensable,2.32,abstract
contradictor,2.32,abstract
counterstatement,2.32,abstract
dataflow,2.32,abstract
demandingly,2.32,abstract
demographical,2.32,abstract
disintoxication,2.32,abstract
dissoluble,2.32,abstract
distressful,2.32,abstract
elaborateness,2.32,abstract
encompassment,2.32,abstract
entrenchment,2.32,abstract
ethnology,2.32,abstract
fretted,2.32,abstract
fussiness,2.32,abstract
gnomish,2.32,abstract
gritless,2.32,abstract
hazardously,2.32,abstract
holdback,2.32,abstract
husbandless,2.32,abstract
imageless,2.32,abstract
kinglike,2.32,abstract
monkhood,2.32,abstract
monkish,2.32,abstract
national service,2.32,abstract
neuroscientific,2.32,abstract
nonperforming,2.32,abstract
peskiness,2.32,abstract
piercingly,2.32,abstract
pigheadedness,2.32,abstract
precariousness,2.32,abstract
projectable,2.32,abstract
psychometrics,2.32,abstract
recantation,2.32,abstract
reconvert,2.32,abstract
rejuvenator,2.32,abstract
remilitarize,2.32,abstract
remobilization,2.32,abstract
right away,2.32,abstract
scholasticism,2.32,abstract
sectionalize,2.32,abstract
shelf life,2.32,abstract
sniff out,2.32,abstract
spiritedness,2.32,abstract
stainlessness,2.32,abstract
transformable,2.32,abstract
unarranged,2.32,abstract
unrestrictedly,2.32,abstract
actuarial,2.33,abstract
aesthetic,2.33,abstract
binomial,2.33,abstract
coldblooded,2.33,abstract
comfortable,2.33,abstract
conciliatory,2.33,abstract
counterrevolutionary,2.33,abstract
crazed,2.33,abstract
creepy,2.33,abstract
cryogenic,2.33,abstract
dainty,2.33,abstract
doctrinal,2.33,abstract
dreary,2.33,abstract
fragmentary,2.33,abstract
gibberish,2.33,abstract
grammatical,2.33,abstract
inaccurate,2.33,abstract
intensive,2.33,abstract
malicious,2.33,abstract
methodological,2.33,abstract
mutable,2.33,abstract
neglectful,2.33,abstract
opposable,2.33,abstract
outdated,2.33,abstract
outdoorsy,2.33,abstract
polymorphous,2.33,abstract
predominant,2.33,abstract
primitive,2.33,abstract
protectionist,2.33,abstract
sicker,2.33,abstract
southerly,2.33,abstract
sportsmanlike,2.33,abstract
survivable,2.33,abstract
trendy,2.33,abstract
unbounded,2.33,abstract
ungrammatical,2.33,abstract
vanquished,2.33,abstract
ancestrally,2.33,abstract
firmly,2.33,abstract
fluidly,2.33,abstract
lastly,2.33,abstract
moneywise,2.33,abstract
phonetically,2.33,abstract
sexually,2.33,abstract
shabbily,2.33,abstract
snarly,2.33,abstract
telephonically,2.33,abstract
agitation,2.33,abstract
antagonism,2.33,abstract
approval,2.33,abstract
belligerence,2.33,abstract
bereavement,2.33,abstract
cliche,2.33,abstract
completion,2.33,abstract
connectivity,2.33,abstract
crisis,2.33,abstract
deity,2.33,abstract
effort,2.33,abstract
foolishness,2.33,abstract
gruesomeness,2.33,abstract
hint,2.33,abstract
homelessness,2.33,abstract
impressionism,2.33,abstract
jiffy,2.33,abstract
judiciary,2.33,abstract
marketing,2.33,abstract
midst,2.33,abstract
mockery,2.33,abstract
mystery,2.33,abstract
neutralist,2.33,abstract
neutralizer,2.33,abstract
numbness,2.33,abstract
outsider,2.33,abstract
partway,2.33,abstract
persona,2.33,abstract
prelude,2.33,abstract
princedom,2.33,abstract
retention,2.33,abstract
sadomasochism,2.33,abstract
schemer,2.33,abstract
schizophrenia,2.33,abstract
slander,2.33,abstract
stipulation,2.33,abstract
syndicate,2.33,abstract
telltale,2.33,abstract
tenseness,2.33,abstract
tranquility,2.33,abstract
withdrawal,2.33,abstract
workmanship,2.33,abstract
zeal,2.33,abstract
zillion,2.33,abstract
accomplish,2.33,abstract
antipersonnel,2.33,abstract
attribute,2.33,abstract
care,2.33,abstract
chosen,2.33,abstract
confused,2.33,abstract
contracted,2.33,abstract
defiling,2.33,abstract
deter,2.33,abstract
disarrange,2.33,abstract
distract,2.33,abstract
exorcize,2.33,abstract
falsify,2.33,abstract
given,2.33,abstract
implement,2.33,abstract
lagging,2.33,abstract
legislate,2.33,abstract
loafing,2.33,abstract
maltreat,2.33,abstract
mourn,2.33,abstract
oversold,2.33,abstract
overwork,2.33,abstract
permeate,2.33,abstract
prioritize,2.33,abstract
revise,2.33,abstract
ruminating,2.33,abstract
shall,2.33,abstract
snubbed,2.33,abstract
succeed,2.33,abstract
tinged,2.33,abstract
unify,2.33,abstract
voided,2.33,abstract
withstood,2.33,abstract
all in,2.33,abstract
animalize,2.33,abstract
aphrodisiacal,2.33,abstract
appraisable,2.33,abstract
articled,2.33,abstract
ascendable,2.33,abstract
assort,2.33,abstract
bibliographically,2.33,abstract
cannot,2.33,abstract
caressingly,2.33,abstract
cattishly,2.33,abstract
centralism,2.33,abstract
cinematize,2.33,abstract
cold blooded,2.33,abstract
confinable,2.33,abstract
conquerable,2.33,abstract
consenter,2.33,abstract
constructional,2.33,abstract
dark ages,2.33,abstract
delectableness,2.33,abstract
destructively,2.33,abstract
disappointedly,2.33,abstract
drifty,2.33,abstract
exemplarily,2.33,abstract
flinchingly,2.33,abstract
fringe benefit,2.33,abstract
gastro,2.33,abstract
hallmarked,2.33,abstract
holy trinity,2.33,abstract
in progress,2.33,abstract
inedibility,2.33,abstract
invigorator,2.33,abstract
last resort,2.33,abstract
look forward,2.33,abstract
metamorphous,2.33,abstract
misquotation,2.33,abstract
nauseously,2.33,abstract
neuroticism,2.33,abstract
nocturnally,2.33,abstract
noncorrosive,2.33,abstract
nonmalignant,2.33,abstract
nonmusical,2.33,abstract
open day,2.33,abstract
ornamentally,2.33,abstract
overstretch,2.33,abstract
panoramically,2.33,abstract
pedophilic,2.33,abstract
photosensitivity,2.33,abstract
poorness,2.33,abstract
prepublication,2.33,abstract
psychogenetic,2.33,abstract
resentfully,2.33,abstract
roadworthy,2.33,abstract
semimetal,2.33,abstract
subscribership,2.33,abstract
subspecialist,2.33,abstract
unrecognizing,2.33,abstract
upholder,2.33,abstract
uprightness,2.33,abstract
zoologically,2.33,abstract
adoring,2.34,abstract
cheerful,2.34,abstract
childlike,2.34,abstract
cushy,2.34,abstract
disgusted,2.34,abstract
exceptional,2.34,abstract
extended,2.34,abstract
fashioned,2.34,abstract
institutional,2.34,abstract
leveraged,2.34,abstract
muddled,2.34,abstract
nagging,2.34,abstract
nimble,2.34,abstract
opposing,2.34,abstract
proprietary,2.34,abstract
receivable,2.34,abstract
reusable,2.34,abstract
spiteful,2.34,abstract
typographical,2.34,abstract
unfinished,2.34,abstract
unpatrolled,2.34,abstract
unquenchable,2.34,abstract
financially,2.34,abstract
jolly,2.34,abstract
maniacally,2.34,abstract
squeamishly,2.34,abstract
tirelessly,2.34,abstract
authority,2.34,abstract
awkwardness,2.34,abstract
birthright,2.34,abstract
deliverance,2.34,abstract
drama,2.34,abstract
enthusiasm,2.34,abstract
fluke,2.34,abstract
freedom,2.34,abstract
genocide,2.34,abstract
gimmick,2.34,abstract
heritage,2.34,abstract
insanity,2.34,abstract
libertarian,2.34,abstract
merger,2.34,abstract
quadrillion,2.34,abstract
ratification,2.34,abstract
realist,2.34,abstract
reallocation,2.34,abstract
reciprocity,2.34,abstract
romancer,2.34,abstract
selection,2.34,abstract
seniority,2.34,abstract
standby,2.34,abstract
survival,2.34,abstract
uplift,2.34,abstract
way,2.34,abstract
adore,2.34,abstract
engross,2.34,abstract
feigning,2.34,abstract
fend,2.34,abstract
fortify,2.34,abstract
generating,2.34,abstract
induce,2.34,abstract
interpret,2.34,abstract
interweave,2.34,abstract
making,2.34,abstract
polled,2.34,abstract
precipitated,2.34,abstract
prevent,2.34,abstract
profess,2.34,abstract
anamorphic,2.34,abstract
bisexually,2.34,abstract
boastfully,2.34,abstract
childlikeness,2.34,abstract
do well,2.34,abstract
evenhandedness,2.34,abstract
freakishness,2.34,abstract
lose control,2.34,abstract
nonmedical,2.34,abstract
superhumanly,2.34,abstract
systematical,2.34,abstract
tiredly,2.34,abstract
traumatically,2.34,abstract
unhidden,2.34,abstract
unparallel,2.34,abstract
zestfully,2.34,abstract
botanic,2.35,abstract
channeled,2.35,abstract
curt,2.35,abstract
devotional,2.35,abstract
expletive,2.35,abstract
garish,2.35,abstract
gastronomical,2.35,abstract
greater,2.35,abstract
honky,2.35,abstract
immature,2.35,abstract
levelheaded,2.35,abstract
peeved,2.35,abstract
penal,2.35,abstract
preemptive,2.35,abstract
scummy,2.35,abstract
sequential,2.35,abstract
tense,2.35,abstract
tipsy,2.35,abstract
tortuous,2.35,abstract
unelected,2.35,abstract
various,2.35,abstract
volatile,2.35,abstract
autonomously,2.35,abstract
fraudulently,2.35,abstract
gustily,2.35,abstract
quizzically,2.35,abstract
richly,2.35,abstract
underhand,2.35,abstract
unilaterally,2.35,abstract
nope,2.35,abstract
absenteeism,2.35,abstract
adjudication,2.35,abstract
adventurist,2.35,abstract
apartness,2.35,abstract
berserk,2.35,abstract
blunder,2.35,abstract
deconstructionist,2.35,abstract
disinheritance,2.35,abstract
distemper,2.35,abstract
exploiter,2.35,abstract
hyperbole,2.35,abstract
institutionalization,2.35,abstract
language,2.35,abstract
lore,2.35,abstract
loser,2.35,abstract
megalomaniac,2.35,abstract
navigation,2.35,abstract
onslaught,2.35,abstract
reciprocation,2.35,abstract
refocus,2.35,abstract
repercussion,2.35,abstract
soundness,2.35,abstract
summation,2.35,abstract
transfiguration,2.35,abstract
waster,2.35,abstract
confer,2.35,abstract
degraded,2.35,abstract
eulogize,2.35,abstract
expiring,2.35,abstract
focus,2.35,abstract
fretting,2.35,abstract
fronted,2.35,abstract
gallivant,2.35,abstract
misquote,2.35,abstract
overdramatize,2.35,abstract
overthrow,2.35,abstract
propagate,2.35,abstract
purify,2.35,abstract
roomed,2.35,abstract
accessibly,2.35,abstract
biopharmaceutical,2.35,abstract
brutishness,2.35,abstract
catchall,2.35,abstract
celestially,2.35,abstract
centrality,2.35,abstract
clientless,2.35,abstract
concertedly,2.35,abstract
confusedness,2.35,abstract
considerer,2.35,abstract
crowdedly,2.35,abstract
denotation,2.35,abstract
depressible,2.35,abstract
deserver,2.35,abstract
determiner,2.35,abstract
diffusible,2.35,abstract
digestibility,2.35,abstract
discourager,2.35,abstract
engrossment,2.35,abstract
ergonomics,2.35,abstract
exhalable,2.35,abstract
foodlessness,2.35,abstract
fuck off,2.35,abstract
geocentrically,2.35,abstract
huskily,2.35,abstract
hydrogenous,2.35,abstract
illuminable,2.35,abstract
incongruent,2.35,abstract
inorganically,2.35,abstract
jarringly,2.35,abstract
lividness,2.35,abstract
mellowness,2.35,abstract
misspend,2.35,abstract
musicological,2.35,abstract
nonvascular,2.35,abstract
numerously,2.35,abstract
ornately,2.35,abstract
outstand,2.35,abstract
perinatal,2.35,abstract
preassigned,2.35,abstract
rapidness,2.35,abstract
ravenousness,2.35,abstract
repeatability,2.35,abstract
scalability,2.35,abstract
slimly,2.35,abstract
stagnancy,2.35,abstract
superabundant,2.35,abstract
synchronism,2.35,abstract
transcriptional,2.35,abstract
undeleted,2.35,abstract
unfixing,2.35,abstract
argumentative,2.36,abstract
bamboozled,2.36,abstract
bigheaded,2.36,abstract
circumferential,2.36,abstract
confrontational,2.36,abstract
counterproductive,2.36,abstract
cryptic,2.36,abstract
dumb,2.36,abstract
eruptive,2.36,abstract
false,2.36,abstract
fractional,2.36,abstract
geeky,2.36,abstract
glad,2.36,abstract
guilty,2.36,abstract
hedonistic,2.36,abstract
imperialist,2.36,abstract
inkless,2.36,abstract
interpersonal,2.36,abstract
intricate,2.36,abstract
irate,2.36,abstract
lax,2.36,abstract
lively,2.36,abstract
madder,2.36,abstract
moody,2.36,abstract
mutinous,2.36,abstract
noxious,2.36,abstract
permissible,2.36,abstract
possessive,2.36,abstract
precocious,2.36,abstract
pristine,2.36,abstract
privy,2.36,abstract
profitable,2.36,abstract
rambunctious,2.36,abstract
reckless,2.36,abstract
replicable,2.36,abstract
rotational,2.36,abstract
satanic,2.36,abstract
savory,2.36,abstract
sheepish,2.36,abstract
unbending,2.36,abstract
uncontested,2.36,abstract
undisturbed,2.36,abstract
undraped,2.36,abstract
unexposed,2.36,abstract
unprintable,2.36,abstract
urgent,2.36,abstract
vanishing,2.36,abstract
visceral,2.36,abstract
wishful,2.36,abstract
abruptly,2.36,abstract
altogether,2.36,abstract
illicitly,2.36,abstract
least,2.36,abstract
lifelessly,2.36,abstract
orthopedically,2.36,abstract
pictorially,2.36,abstract
playfully,2.36,abstract
quickly,2.36,abstract
vibrantly,2.36,abstract
badmouth,2.36,abstract
bewitchment,2.36,abstract
bitterness,2.36,abstract
caretaking,2.36,abstract
coexistence,2.36,abstract
continuation,2.36,abstract
continuum,2.36,abstract
correctness,2.36,abstract
craziness,2.36,abstract
decorum,2.36,abstract
devotion,2.36,abstract
differential,2.36,abstract
discovery,2.36,abstract
doomsday,2.36,abstract
empowerment,2.36,abstract
fad,2.36,abstract
flashback,2.36,abstract
fluctuation,2.36,abstract
friendliness,2.36,abstract
garishness,2.36,abstract
headwork,2.36,abstract
humanity,2.36,abstract
indie,2.36,abstract
inducement,2.36,abstract
intellect,2.36,abstract
jarring,2.36,abstract
mastership,2.36,abstract
miser,2.36,abstract
opportunism,2.36,abstract
perjurer,2.36,abstract
prediction,2.36,abstract
prep,2.36,abstract
psychotherapy,2.36,abstract
racism,2.36,abstract
rashness,2.36,abstract
rawness,2.36,abstract
recertification,2.36,abstract
religionist,2.36,abstract
reorient,2.36,abstract
restitution,2.36,abstract
salesmanship,2.36,abstract
seducer,2.36,abstract
shenanigan,2.36,abstract
sorrow,2.36,abstract
standoffish,2.36,abstract
stubbornness,2.36,abstract
tenancy,2.36,abstract
thrift,2.36,abstract
tonality,2.36,abstract
turnoff,2.36,abstract
upgrade,2.36,abstract
vigilance,2.36,abstract
vulnerability,2.36,abstract
adopt,2.36,abstract
befriend,2.36,abstract
betrothed,2.36,abstract
chartered,2.36,abstract
continue,2.36,abstract
coordinate,2.36,abstract
coveting,2.36,abstract
detest,2.36,abstract
enslave,2.36,abstract
ensue,2.36,abstract
evoke,2.36,abstract
finishing,2.36,abstract
garbling,2.36,abstract
gleaning,2.36,abstract
improving,2.36,abstract
outrank,2.36,abstract
prepare,2.36,abstract
proclaim,2.36,abstract
rated,2.36,abstract
readjust,2.36,abstract
reflecting,2.36,abstract
rekindle,2.36,abstract
relearn,2.36,abstract
saving,2.36,abstract
slacking,2.36,abstract
slaved,2.36,abstract
slumming,2.36,abstract
sniveling,2.36,abstract
souring,2.36,abstract
spied,2.36,abstract
swindling,2.36,abstract
tainted,2.36,abstract
tormented,2.36,abstract
accumulatively,2.36,abstract
act on,2.36,abstract
aliveness,2.36,abstract
alkalization,2.36,abstract
antigrowth,2.36,abstract
bedazzling,2.36,abstract
chancellorship,2.36,abstract
circumfluent,2.36,abstract
coexistent,2.36,abstract
conjoiner,2.36,abstract
counterattraction,2.36,abstract
delayer,2.36,abstract
denominate,2.36,abstract
denouncement,2.36,abstract
discounter,2.36,abstract
disparager,2.36,abstract
doozy,2.36,abstract
durableness,2.36,abstract
engrossingly,2.36,abstract
grimily,2.36,abstract
gun control,2.36,abstract
hereditarily,2.36,abstract
inundate,2.36,abstract
jeeringly,2.36,abstract
jet set,2.36,abstract
leadless,2.36,abstract
make way,2.36,abstract
melodiousness,2.36,abstract
metrically,2.36,abstract
monophonic,2.36,abstract
ninefold,2.36,abstract
nonchemical,2.36,abstract
odorously,2.36,abstract
photosensitize,2.36,abstract
preclinical,2.36,abstract
preoccupant,2.36,abstract
pronouncer,2.36,abstract
retransfer,2.36,abstract
romanesque,2.36,abstract
seismography,2.36,abstract
sharable,2.36,abstract
spectatorship,2.36,abstract
subseries,2.36,abstract
uncompensated,2.36,abstract
undisbursed,2.36,abstract
unfertile,2.36,abstract
unmethodical,2.36,abstract
visualizer,2.36,abstract
underdevelop,2.37,abstract
adulterous,2.37,abstract
bicultural,2.37,abstract
catlike,2.37,abstract
complimentary,2.37,abstract
crazy,2.37,abstract
detectable,2.37,abstract
distempered,2.37,abstract
divisible,2.37,abstract
dull,2.37,abstract
fancier,2.37,abstract
graceful,2.37,abstract
hardheaded,2.37,abstract
harrowing,2.37,abstract
heartbroken,2.37,abstract
illegal,2.37,abstract
illustrative,2.37,abstract
inheritable,2.37,abstract
mischievous,2.37,abstract
nasty,2.37,abstract
pleased,2.37,abstract
premenstrual,2.37,abstract
presentable,2.37,abstract
preset,2.37,abstract
psychic,2.37,abstract
reconstructive,2.37,abstract
secondary,2.37,abstract
traumatic,2.37,abstract
unchartered,2.37,abstract
unharmed,2.37,abstract
unimpaired,2.37,abstract
unsalvageable,2.37,abstract
unstoppable,2.37,abstract
whopping,2.37,abstract
directly,2.37,abstract
ecologically,2.37,abstract
fashionably,2.37,abstract
inexpensively,2.37,abstract
plentifully,2.37,abstract
savagely,2.37,abstract
seductively,2.37,abstract
sensitively,2.37,abstract
steadily,2.37,abstract
verbally,2.37,abstract
many,2.37,abstract
more,2.37,abstract
deathwatch,2.37,abstract
subpart,2.37,abstract
achievement,2.37,abstract
antigravity,2.37,abstract
ascension,2.37,abstract
ban,2.37,abstract
conspirator,2.37,abstract
deceit,2.37,abstract
emancipation,2.37,abstract
enormity,2.37,abstract
extermination,2.37,abstract
failsafe,2.37,abstract
genealogy,2.37,abstract
genre,2.37,abstract
hogwash,2.37,abstract
indignation,2.37,abstract
issue,2.37,abstract
journalism,2.37,abstract
joy,2.37,abstract
knower,2.37,abstract
loneliness,2.37,abstract
mannerism,2.37,abstract
matchmaking,2.37,abstract
materialist,2.37,abstract
negotiation,2.37,abstract
nonperformance,2.37,abstract
popularity,2.37,abstract
positioning,2.37,abstract
preservation,2.37,abstract
reign,2.37,abstract
reparation,2.37,abstract
resolution,2.37,abstract
safety,2.37,abstract
sexology,2.37,abstract
synopses,2.37,abstract
teamwork,2.37,abstract
vicinity,2.37,abstract
minus,2.37,abstract
your,2.37,abstract
acquainted,2.37,abstract
baffle,2.37,abstract
barring,2.37,abstract
booming,2.37,abstract
bummed,2.37,abstract
channeling,2.37,abstract
dealing,2.37,abstract
disclose,2.37,abstract
discover,2.37,abstract
discovered,2.37,abstract
emasculate,2.37,abstract
emulate,2.37,abstract
engaged,2.37,abstract
forego,2.37,abstract
housebreaking,2.37,abstract
keep,2.37,abstract
mediating,2.37,abstract
minimize,2.37,abstract
opt,2.37,abstract
overfeed,2.37,abstract
reprise,2.37,abstract
retracted,2.37,abstract
threatening,2.37,abstract
tricking,2.37,abstract
weaken,2.37,abstract
bottom line,2.37,abstract
boyishness,2.37,abstract
cheeriness,2.37,abstract
clatteringly,2.37,abstract
come down,2.37,abstract
die hard,2.37,abstract
eventfulness,2.37,abstract
eventless,2.37,abstract
flammability,2.37,abstract
foundationless,2.37,abstract
functionalist,2.37,abstract
hard line,2.37,abstract
huffiness,2.37,abstract
inconsumable,2.37,abstract
inescapably,2.37,abstract
law abiding,2.37,abstract
leisure time,2.37,abstract
masklike,2.37,abstract
mutational,2.37,abstract
nonsystematic,2.37,abstract
overbear,2.37,abstract
prefabrication,2.37,abstract
prefixed,2.37,abstract
raw deal,2.37,abstract
recognizability,2.37,abstract
sexualize,2.37,abstract
sublanguage,2.37,abstract
tepidness,2.37,abstract
tone down,2.37,abstract
unbalancing,2.37,abstract
unconsolidated,2.37,abstract
able,2.38,abstract
allied,2.38,abstract
bland,2.38,abstract
brief,2.38,abstract
contestable,2.38,abstract
copious,2.38,abstract
cozier,2.38,abstract
delightful,2.38,abstract
dismal,2.38,abstract
divergent,2.38,abstract
dumpy,2.38,abstract
elective,2.38,abstract
employable,2.38,abstract
farsighted,2.38,abstract
fiduciary,2.38,abstract
fruitful,2.38,abstract
grandiose,2.38,abstract
heightened,2.38,abstract
homelike,2.38,abstract
impatient,2.38,abstract
impotent,2.38,abstract
navigable,2.38,abstract
operational,2.38,abstract
paramedical,2.38,abstract
potent,2.38,abstract
scrumptious,2.38,abstract
sinister,2.38,abstract
slithery,2.38,abstract
sporadic,2.38,abstract
statuesque,2.38,abstract
telephonic,2.38,abstract
tireless,2.38,abstract
unbilled,2.38,abstract
uncollected,2.38,abstract
uncommon,2.38,abstract
undefeated,2.38,abstract
undeniable,2.38,abstract
undimmed,2.38,abstract
unguided,2.38,abstract
unmanly,2.38,abstract
vibrant,2.38,abstract
virginal,2.38,abstract
aerobically,2.38,abstract
alike,2.38,abstract
courteously,2.38,abstract
forth,2.38,abstract
genetically,2.38,abstract
historically,2.38,abstract
journalistically,2.38,abstract
most,2.38,abstract
outwards,2.38,abstract
publicly,2.38,abstract
recklessly,2.38,abstract
sharply,2.38,abstract
sobbingly,2.38,abstract
spotlessly,2.38,abstract
whoops,2.38,abstract
garner,2.38,abstract
tippy,2.38,abstract
accusation,2.38,abstract
acquittal,2.38,abstract
agility,2.38,abstract
agony,2.38,abstract
anguish,2.38,abstract
bigotry,2.38,abstract
biz,2.38,abstract
caving,2.38,abstract
characteristic,2.38,abstract
counterforce,2.38,abstract
counterintelligence,2.38,abstract
counterpoint,2.38,abstract
depletion,2.38,abstract
deterioration,2.38,abstract
drivel,2.38,abstract
environmentalism,2.38,abstract
festiveness,2.38,abstract
friskiness,2.38,abstract
grossness,2.38,abstract
heroics,2.38,abstract
impropriety,2.38,abstract
ingrate,2.38,abstract
livelihood,2.38,abstract
lowdown,2.38,abstract
maladjustment,2.38,abstract
memory,2.38,abstract
mortification,2.38,abstract
nonsense,2.38,abstract
overpressure,2.38,abstract
pause,2.38,abstract
perspective,2.38,abstract
phonetics,2.38,abstract
pleaser,2.38,abstract
plethora,2.38,abstract
procurement,2.38,abstract
psychoses,2.38,abstract
purist,2.38,abstract
pyromania,2.38,abstract
rankness,2.38,abstract
redefinition,2.38,abstract
reference,2.38,abstract
refurbishment,2.38,abstract
rigidity,2.38,abstract
safekeeping,2.38,abstract
seclusion,2.38,abstract
softy,2.38,abstract
spiritualist,2.38,abstract
suffrage,2.38,abstract
surrogacy,2.38,abstract
sync,2.38,abstract
among,2.38,abstract
abstain,2.38,abstract
adorn,2.38,abstract
allocate,2.38,abstract
browbeat,2.38,abstract
bulked,2.38,abstract
concentrated,2.38,abstract
declared,2.38,abstract
disorientate,2.38,abstract
dispirited,2.38,abstract
envision,2.38,abstract
exist,2.38,abstract
expedited,2.38,abstract
forbade,2.38,abstract
gave,2.38,abstract
get,2.38,abstract
hark,2.38,abstract
individualize,2.38,abstract
inquire,2.38,abstract
lived,2.38,abstract
overextend,2.38,abstract
pissed,2.38,abstract
ranged,2.38,abstract
reassign,2.38,abstract
repulse,2.38,abstract
retry,2.38,abstract
stranding,2.38,abstract
thwart,2.38,abstract
absorbability,2.38,abstract
anatomization,2.38,abstract
aromatization,2.38,abstract
beelike,2.38,abstract
bilinear,2.38,abstract
black magic,2.38,abstract
cardinalship,2.38,abstract
chirpiness,2.38,abstract
dematerialization,2.38,abstract
deportable,2.38,abstract
disagreeableness,2.38,abstract
discomfortingly,2.38,abstract
electrotherapeutic,2.38,abstract
ensnaring,2.38,abstract
entangling,2.38,abstract
exposedness,2.38,abstract
fairylike,2.38,abstract
flowingly,2.38,abstract
fluffily,2.38,abstract
fraudulence,2.38,abstract
gaspingly,2.38,abstract
good humor,2.38,abstract
homebred,2.38,abstract
homoerotism,2.38,abstract
homogeneously,2.38,abstract
hyperbolize,2.38,abstract
impoundment,2.38,abstract
inexhaustibly,2.38,abstract
inflammably,2.38,abstract
inflectionless,2.38,abstract
instrumentally,2.38,abstract
intercommunicate,2.38,abstract
intercommunication,2.38,abstract
intradepartmental,2.38,abstract
left wing,2.38,abstract
luminously,2.38,abstract
matrimonially,2.38,abstract
misaddress,2.38,abstract
monogenetic,2.38,abstract
nonmetropolitan,2.38,abstract
nontechnical,2.38,abstract
paleontological,2.38,abstract
perceiver,2.38,abstract
phantomlike,2.38,abstract
photosynthetic,2.38,abstract
postimpressionist,2.38,abstract
predetermine,2.38,abstract
preholiday,2.38,abstract
radioactively,2.38,abstract
recalculation,2.38,abstract
refloat,2.38,abstract
reinstruct,2.38,abstract
repayable,2.38,abstract
retranslation,2.38,abstract
shaggily,2.38,abstract
show up,2.38,abstract
spouseless,2.38,abstract
status quo,2.38,abstract
stenographical,2.38,abstract
stimulatingly,2.38,abstract
summarizer,2.38,abstract
trimness,2.38,abstract
unbridle,2.38,abstract
unkemptness,2.38,abstract
wolfishly,2.38,abstract
amiable,2.39,abstract
animalistic,2.39,abstract
assaying,2.39,abstract
counteroffensive,2.39,abstract
cubistic,2.39,abstract
fair,2.39,abstract
gaudy,2.39,abstract
hilarious,2.39,abstract
hushed,2.39,abstract
incoherent,2.39,abstract
kissable,2.39,abstract
nomadic,2.39,abstract
overactive,2.39,abstract
precise,2.39,abstract
prolapsed,2.39,abstract
promotional,2.39,abstract
psychotic,2.39,abstract
raucous,2.39,abstract
slovenly,2.39,abstract
snotty,2.39,abstract
thieving,2.39,abstract
trustworthy,2.39,abstract
unclassified,2.39,abstract
unclear,2.39,abstract
unconsummated,2.39,abstract
undividable,2.39,abstract
uninvited,2.39,abstract
unnamed,2.39,abstract
zippy,2.39,abstract
accurately,2.39,abstract
dally,2.39,abstract
irreversibly,2.39,abstract
mightily,2.39,abstract
obnoxiously,2.39,abstract
serenely,2.39,abstract
strongly,2.39,abstract
tardily,2.39,abstract
wonderland,2.39,abstract
brilliance,2.39,abstract
candidacy,2.39,abstract
closeness,2.39,abstract
clumsiness,2.39,abstract
compartmentalization,2.39,abstract
confirmation,2.39,abstract
corruption,2.39,abstract
curse,2.39,abstract
depression,2.39,abstract
disruption,2.39,abstract
doublespeak,2.39,abstract
doubter,2.39,abstract
egomaniac,2.39,abstract
exposure,2.39,abstract
fineness,2.39,abstract
forte,2.39,abstract
friendship,2.39,abstract
hanker,2.39,abstract
id,2.39,abstract
inducer,2.39,abstract
info,2.39,abstract
juxtaposition,2.39,abstract
kinetics,2.39,abstract
manifestation,2.39,abstract
option,2.39,abstract
plea,2.39,abstract
poise,2.39,abstract
prude,2.39,abstract
recognition,2.39,abstract
redundancy,2.39,abstract
remittance,2.39,abstract
scariness,2.39,abstract
standstill,2.39,abstract
strongpoint,2.39,abstract
submergence,2.39,abstract
triangulation,2.39,abstract
volunteerism,2.39,abstract
whereabouts,2.39,abstract
wildness,2.39,abstract
plenty,2.39,abstract
adopted,2.39,abstract
cease,2.39,abstract
compute,2.39,abstract
computerize,2.39,abstract
directed,2.39,abstract
disbeliever,2.39,abstract
dismiss,2.39,abstract
disqualify,2.39,abstract
dreamt,2.39,abstract
earn,2.39,abstract
escalate,2.39,abstract
indicate,2.39,abstract
mangling,2.39,abstract
misdiagnose,2.39,abstract
overruling,2.39,abstract
provoke,2.39,abstract
reminisce,2.39,abstract
seethe,2.39,abstract
suffering,2.39,abstract
unpick,2.39,abstract
vouch,2.39,abstract
winterize,2.39,abstract
biomathematics,2.39,abstract
biyearly,2.39,abstract
buckle down,2.39,abstract
cataclysmal,2.39,abstract
crime wave,2.39,abstract
darwinism,2.39,abstract
departmentalization,2.39,abstract
diluteness,2.39,abstract
elasticize,2.39,abstract
elatedness,2.39,abstract
exchangeability,2.39,abstract
exhibitionistic,2.39,abstract
flooder,2.39,abstract
granularity,2.39,abstract
horridness,2.39,abstract
let down,2.39,abstract
monolingual,2.39,abstract
multisensory,2.39,abstract
outskirt,2.39,abstract
rehearing,2.39,abstract
rightwards,2.39,abstract
speciality,2.39,abstract
split second,2.39,abstract
stereographical,2.39,abstract
telephotographic,2.39,abstract
testable,2.39,abstract
unexcitable,2.39,abstract
unobedient,2.39,abstract
well mannered,2.39,abstract
average,2.4,abstract
danceable,2.4,abstract
defenseless,2.4,abstract
dwindling,2.4,abstract
foul,2.4,abstract
frisky,2.4,abstract
inoperative,2.4,abstract
regular,2.4,abstract
scrubby,2.4,abstract
swanky,2.4,abstract
ulcerative,2.4,abstract
unannounced,2.4,abstract
unfired,2.4,abstract
zoological,2.4,abstract
anciently,2.4,abstract
healthily,2.4,abstract
newly,2.4,abstract
pretty,2.4,abstract
rigidly,2.4,abstract
windward,2.4,abstract
adaption,2.4,abstract
celibacy,2.4,abstract
confession,2.4,abstract
convincer,2.4,abstract
corruptor,2.4,abstract
disappearance,2.4,abstract
disarray,2.4,abstract
hardcore,2.4,abstract
inspirer,2.4,abstract
monstrosity,2.4,abstract
nincompoop,2.4,abstract
nymphomania,2.4,abstract
personage,2.4,abstract
prospect,2.4,abstract
remembrance,2.4,abstract
schmuck,2.4,abstract
stillness,2.4,abstract
technique,2.4,abstract
toxicology,2.4,abstract
undertone,2.4,abstract
theirs,2.4,abstract
alkalinize,2.4,abstract
bossing,2.4,abstract
commercialize,2.4,abstract
concoct,2.4,abstract
configure,2.4,abstract
diverging,2.4,abstract
enforce,2.4,abstract
flunk,2.4,abstract
inched,2.4,abstract
mothered,2.4,abstract
overhear,2.4,abstract
reject,2.4,abstract
spoof,2.4,abstract
symbolize,2.4,abstract
agriculturally,2.4,abstract
alcoholically,2.4,abstract
bloodlessly,2.4,abstract
condemner,2.4,abstract
consecutives,2.4,abstract
continentally,2.4,abstract
counterclaim,2.4,abstract
deoxygenate,2.4,abstract
discontinuous,2.4,abstract
eluder,2.4,abstract
family planning,2.4,abstract
february,2.4,abstract
flattish,2.4,abstract
forcer,2.4,abstract
gemlike,2.4,abstract
hearable,2.4,abstract
insectile,2.4,abstract
interferer,2.4,abstract
multicourse,2.4,abstract
nonparent,2.4,abstract
overbalance,2.4,abstract
pleasurably,2.4,abstract
political science,2.4,abstract
preopening,2.4,abstract
proliferate,2.4,abstract
proximately,2.4,abstract
retroactivity,2.4,abstract
roominess,2.4,abstract
spice up,2.4,abstract
squalidness,2.4,abstract
sulkily,2.4,abstract
traversal,2.4,abstract
unaffectionate,2.4,abstract
unpunctuated,2.4,abstract
viscously,2.4,abstract
busy,2.41,abstract
comforting,2.41,abstract
communicative,2.41,abstract
discrete,2.41,abstract
dismissive,2.41,abstract
disposable,2.41,abstract
earthly,2.41,abstract
ecstatic,2.41,abstract
excitable,2.41,abstract
factual,2.41,abstract
faultless,2.41,abstract
federal,2.41,abstract
feminine,2.41,abstract
forwarding,2.41,abstract
glossless,2.41,abstract
gruff,2.41,abstract
grumpy,2.41,abstract
hyperthyroid,2.41,abstract
intense,2.41,abstract
internal,2.41,abstract
main,2.41,abstract
materialistic,2.41,abstract
merry,2.41,abstract
meteoric,2.41,abstract
murderous,2.41,abstract
nauseous,2.41,abstract
noiseless,2.41,abstract
observant,2.41,abstract
panicky,2.41,abstract
posh,2.41,abstract
recurring,2.41,abstract
refreshing,2.41,abstract
seismological,2.41,abstract
slacker,2.41,abstract
speechless,2.41,abstract
unedited,2.41,abstract
untrained,2.41,abstract
wild,2.41,abstract
actively,2.41,abstract
dirtily,2.41,abstract
fleshly,2.41,abstract
hysterically,2.41,abstract
narrowly,2.41,abstract
only,2.41,abstract
reflectively,2.41,abstract
rhythmically,2.41,abstract
successively,2.41,abstract
nay,2.41,abstract
whoopee,2.41,abstract
activation,2.41,abstract
acuteness,2.41,abstract
anger,2.41,abstract
anthropology,2.41,abstract
barbarism,2.41,abstract
biggie,2.41,abstract
childishness,2.41,abstract
clerkship,2.41,abstract
conservation,2.41,abstract
contribution,2.41,abstract
cure,2.41,abstract
custodianship,2.41,abstract
development,2.41,abstract
emergency,2.41,abstract
fault,2.41,abstract
filibuster,2.41,abstract
hammy,2.41,abstract
hell,2.41,abstract
incapacitation,2.41,abstract
injunction,2.41,abstract
memorization,2.41,abstract
method,2.41,abstract
modernization,2.41,abstract
modifier,2.41,abstract
neurosis,2.41,abstract
outbound,2.41,abstract
overexposure,2.41,abstract
overstimulation,2.41,abstract
overtone,2.41,abstract
pathology,2.41,abstract
precision,2.41,abstract
reaction,2.41,abstract
realignment,2.41,abstract
realness,2.41,abstract
reminder,2.41,abstract
repertoire,2.41,abstract
requisition,2.41,abstract
scheme,2.41,abstract
sensationalist,2.41,abstract
sleaze,2.41,abstract
snub,2.41,abstract
stability,2.41,abstract
stalemate,2.41,abstract
subset,2.41,abstract
syndication,2.41,abstract
toughness,2.41,abstract
undoing,2.41,abstract
uprise,2.41,abstract
uprising,2.41,abstract
ourselves,2.41,abstract
adapt,2.41,abstract
afflicting,2.41,abstract
allow,2.41,abstract
avert,2.41,abstract
avoid,2.41,abstract
banish,2.41,abstract
brag,2.41,abstract
cancel,2.41,abstract
classify,2.41,abstract
commentate,2.41,abstract
consoling,2.41,abstract
corrected,2.41,abstract
deaden,2.41,abstract
demanding,2.41,abstract
elect,2.41,abstract
employ,2.41,abstract
endorse,2.41,abstract
entwine,2.41,abstract
exclaim,2.41,abstract
excluding,2.41,abstract
expanded,2.41,abstract
grieve,2.41,abstract
instructed,2.41,abstract
insure,2.41,abstract
lapsing,2.41,abstract
linger,2.41,abstract
mislead,2.41,abstract
multitask,2.41,abstract
overlook,2.41,abstract
overpowering,2.41,abstract
philander,2.41,abstract
plotted,2.41,abstract
plotting,2.41,abstract
precede,2.41,abstract
profiting,2.41,abstract
recreate,2.41,abstract
reelect,2.41,abstract
refer,2.41,abstract
regroup,2.41,abstract
remember,2.41,abstract
resent,2.41,abstract
silenced,2.41,abstract
socialize,2.41,abstract
stunned,2.41,abstract
subbing,2.41,abstract
think,2.41,abstract
toughen,2.41,abstract
transform,2.41,abstract
tuned,2.41,abstract
undergo,2.41,abstract
upset,2.41,abstract
augmentable,2.41,abstract
bibliographic,2.41,abstract
cardinal sin,2.41,abstract
cash cow,2.41,abstract
controllership,2.41,abstract
daredevilry,2.41,abstract
deciduously,2.41,abstract
dehumanize,2.41,abstract
detectible,2.41,abstract
encapsulation,2.41,abstract
equaling,2.41,abstract
examinable,2.41,abstract
fair game,2.41,abstract
fractionalize,2.41,abstract
freehandedness,2.41,abstract
from scratch,2.41,abstract
holyday,2.41,abstract
hydroscopic,2.41,abstract
illuminative,2.41,abstract
institutionalize,2.41,abstract
invincibleness,2.41,abstract
light year,2.41,abstract
modern times,2.41,abstract
nonconvertible,2.41,abstract
opinionative,2.41,abstract
overdevelop,2.41,abstract
overset,2.41,abstract
personifier,2.41,abstract
phonographically,2.41,abstract
potently,2.41,abstract
pyrotechnically,2.41,abstract
reapprove,2.41,abstract
resettable,2.41,abstract
rulemaking,2.41,abstract
snouty,2.41,abstract
speechlessly,2.41,abstract
suburbanization,2.41,abstract
team spirit,2.41,abstract
textual,2.41,abstract
thermostatic,2.41,abstract
unlabored,2.41,abstract
unrepeated,2.41,abstract
unsterile,2.41,abstract
wearier,2.41,abstract
acoustical,2.42,abstract
aristocratic,2.42,abstract
artful,2.42,abstract
buccaneering,2.42,abstract
cryptogenic,2.42,abstract
daft,2.42,abstract
designated,2.42,abstract
dyslexic,2.42,abstract
elitist,2.42,abstract
fluctuant,2.42,abstract
frenzied,2.42,abstract
germy,2.42,abstract
highbrow,2.42,abstract
hunky,2.42,abstract
incessant,2.42,abstract
manic,2.42,abstract
maternal,2.42,abstract
snooty,2.42,abstract
unbeaten,2.42,abstract
unreinforced,2.42,abstract
unturned,2.42,abstract
nigh,2.42,abstract
stormily,2.42,abstract
synthetically,2.42,abstract
bourgeoisie,2.42,abstract
curate,2.42,abstract
deportation,2.42,abstract
edibility,2.42,abstract
geriatrics,2.42,abstract
idiom,2.42,abstract
improviser,2.42,abstract
inclement,2.42,abstract
intermix,2.42,abstract
interspecies,2.42,abstract
killjoy,2.42,abstract
lamebrain,2.42,abstract
lawbreaking,2.42,abstract
mania,2.42,abstract
multitude,2.42,abstract
neatness,2.42,abstract
neurobiology,2.42,abstract
ownership,2.42,abstract
probate,2.42,abstract
recession,2.42,abstract
rendition,2.42,abstract
sexploitation,2.42,abstract
showmanship,2.42,abstract
signifier,2.42,abstract
starvation,2.42,abstract
tackiness,2.42,abstract
tautness,2.42,abstract
tenure,2.42,abstract
trend,2.42,abstract
vow,2.42,abstract
wrath,2.42,abstract
my,2.42,abstract
arraign,2.42,abstract
busied,2.42,abstract
carouse,2.42,abstract
catalyze,2.42,abstract
disobey,2.42,abstract
housebroke,2.42,abstract
incapacitate,2.42,abstract
mislay,2.42,abstract
positioned,2.42,abstract
ranging,2.42,abstract
retract,2.42,abstract
save,2.42,abstract
shouldered,2.42,abstract
soldiering,2.42,abstract
troublemaking,2.42,abstract
unflagging,2.42,abstract
wrought,2.42,abstract
automaticity,2.42,abstract
blusteringly,2.42,abstract
cast around,2.42,abstract
centralist,2.42,abstract
debilitate,2.42,abstract
disorderliness,2.42,abstract
dreariness,2.42,abstract
dressiness,2.42,abstract
duty free,2.42,abstract
encage,2.42,abstract
equivalently,2.42,abstract
establisher,2.42,abstract
exhalant,2.42,abstract
geochemistry,2.42,abstract
immovableness,2.42,abstract
implemental,2.42,abstract
implorer,2.42,abstract
incandescently,2.42,abstract
indigestibility,2.42,abstract
limply,2.42,abstract
liquid assets,2.42,abstract
militantly,2.42,abstract
minimization,2.42,abstract
move over,2.42,abstract
multipoint,2.42,abstract
nonalignment,2.42,abstract
nonelection,2.42,abstract
numbingly,2.42,abstract
obstructive,2.42,abstract
plastically,2.42,abstract
play off,2.42,abstract
portably,2.42,abstract
radiolocation,2.42,abstract
reabsorb,2.42,abstract
skanky,2.42,abstract
spoilable,2.42,abstract
spryly,2.42,abstract
trigonometric,2.42,abstract
unhealthiness,2.42,abstract
unreferenced,2.42,abstract
unshrinking,2.42,abstract
vacillation,2.42,abstract
wakening,2.42,abstract
additional,2.43,abstract
afflicted,2.43,abstract
alternate,2.43,abstract
asexual,2.43,abstract
bold,2.43,abstract
boyish,2.43,abstract
brutish,2.43,abstract
delicious,2.43,abstract
demilitarized,2.43,abstract
dermatological,2.43,abstract
everyday,2.43,abstract
forcible,2.43,abstract
frivolous,2.43,abstract
glam,2.43,abstract
huggable,2.43,abstract
immovable,2.43,abstract
immune,2.43,abstract
inorganic,2.43,abstract
introductory,2.43,abstract
irregular,2.43,abstract
martial,2.43,abstract
menopausal,2.43,abstract
nondescript,2.43,abstract
nuptial,2.43,abstract
outspoken,2.43,abstract
peachy,2.43,abstract
pharmacological,2.43,abstract
photodynamic,2.43,abstract
polymorphic,2.43,abstract
reactive,2.43,abstract
reinvest,2.43,abstract
residual,2.43,abstract
secular,2.43,abstract
severe,2.43,abstract
showy,2.43,abstract
spiffy,2.43,abstract
toneless,2.43,abstract
undetected,2.43,abstract
undocumented,2.43,abstract
unfailing,2.43,abstract
unloving,2.43,abstract
unwatchable,2.43,abstract
anyplace,2.43,abstract
crudely,2.43,abstract
hostilely,2.43,abstract
inward,2.43,abstract
inwards,2.43,abstract
repetitively,2.43,abstract
sadly,2.43,abstract
abolition,2.43,abstract
adjective,2.43,abstract
buyout,2.43,abstract
cause,2.43,abstract
composure,2.43,abstract
description,2.43,abstract
diagnoses,2.43,abstract
embarrassment,2.43,abstract
extinction,2.43,abstract
fuss,2.43,abstract
giddiness,2.43,abstract
hubbub,2.43,abstract
inertia,2.43,abstract
leadership,2.43,abstract
magnitude,2.43,abstract
meanie,2.43,abstract
orientation,2.43,abstract
overage,2.43,abstract
oxygenation,2.43,abstract
persecution,2.43,abstract
phantom,2.43,abstract
plainness,2.43,abstract
ranking,2.43,abstract
referral,2.43,abstract
sabbatical,2.43,abstract
sequencing,2.43,abstract
specialty,2.43,abstract
terror,2.43,abstract
theatrics,2.43,abstract
vindicator,2.43,abstract
weariness,2.43,abstract
wrongdoing,2.43,abstract
nil,2.43,abstract
antagonize,2.43,abstract
assure,2.43,abstract
backed,2.43,abstract
brainwashing,2.43,abstract
concealed,2.43,abstract
confront,2.43,abstract
deadening,2.43,abstract
defile,2.43,abstract
exert,2.43,abstract
flowing,2.43,abstract
horrify,2.43,abstract
intermarry,2.43,abstract
involve,2.43,abstract
irritate,2.43,abstract
manifest,2.43,abstract
meddle,2.43,abstract
mock,2.43,abstract
mull,2.43,abstract
outflank,2.43,abstract
outperform,2.43,abstract
persuaded,2.43,abstract
quench,2.43,abstract
quicken,2.43,abstract
refine,2.43,abstract
terrified,2.43,abstract
titled,2.43,abstract
allergenic,2.43,abstract
analytics,2.43,abstract
angriness,2.43,abstract
brainsickness,2.43,abstract
cherisher,2.43,abstract
corrosively,2.43,abstract
daughterhood,2.43,abstract
demagnetization,2.43,abstract
demobilize,2.43,abstract
digestively,2.43,abstract
dispersible,2.43,abstract
disruptiveness,2.43,abstract
evenness,2.43,abstract
freehanded,2.43,abstract
gloss over,2.43,abstract
lash out,2.43,abstract
limitedly,2.43,abstract
monarchial,2.43,abstract
nonindustrial,2.43,abstract
outpace,2.43,abstract
owlish,2.43,abstract
radiometric,2.43,abstract
rescale,2.43,abstract
semiprofessional,2.43,abstract
semirural,2.43,abstract
spunkiness,2.43,abstract
suck up,2.43,abstract
swelteringly,2.43,abstract
timeworn,2.43,abstract
unrevised,2.43,abstract
vibrancy,2.43,abstract
volumetric,2.43,abstract
windily,2.43,abstract
yachtsmanship,2.43,abstract
anatomic,2.44,abstract
bearlike,2.44,abstract
callous,2.44,abstract
comedic,2.44,abstract
creditable,2.44,abstract
dashing,2.44,abstract
delectable,2.44,abstract
dynamic,2.44,abstract
fervent,2.44,abstract
fightable,2.44,abstract
homeopathic,2.44,abstract
jokey,2.44,abstract
jubilant,2.44,abstract
marooned,2.44,abstract
metabolic,2.44,abstract
multilateral,2.44,abstract
onrushing,2.44,abstract
passable,2.44,abstract
penniless,2.44,abstract
positive,2.44,abstract
predigest,2.44,abstract
prolonged,2.44,abstract
proximal,2.44,abstract
regimental,2.44,abstract
scathing,2.44,abstract
scholastic,2.44,abstract
separatist,2.44,abstract
serial,2.44,abstract
sisterly,2.44,abstract
sloppy,2.44,abstract
snaky,2.44,abstract
steely,2.44,abstract
touchy,2.44,abstract
undercover,2.44,abstract
undeveloped,2.44,abstract
undistorted,2.44,abstract
unprocessed,2.44,abstract
unrepeatable,2.44,abstract
vaporous,2.44,abstract
workaholic,2.44,abstract
dazzlingly,2.44,abstract
electronically,2.44,abstract
instantly,2.44,abstract
sleepily,2.44,abstract
visibly,2.44,abstract
amendment,2.44,abstract
bumble,2.44,abstract
burnout,2.44,abstract
commendation,2.44,abstract
congratulations,2.44,abstract
demeanor,2.44,abstract
depopulation,2.44,abstract
drudge,2.44,abstract
emotion,2.44,abstract
exertion,2.44,abstract
feat,2.44,abstract
fibber,2.44,abstract
fragmentation,2.44,abstract
gorgeousness,2.44,abstract
highness,2.44,abstract
homeostasis,2.44,abstract
hypersensitivity,2.44,abstract
immodesty,2.44,abstract
insurgency,2.44,abstract
internals,2.44,abstract
klutz,2.44,abstract
municipality,2.44,abstract
necrophilia,2.44,abstract
nonviolence,2.44,abstract
pacifist,2.44,abstract
participle,2.44,abstract
peacetime,2.44,abstract
plasticity,2.44,abstract
pomp,2.44,abstract
pubescence,2.44,abstract
resurvey,2.44,abstract
spunk,2.44,abstract
stimulation,2.44,abstract
traditionalist,2.44,abstract
twerp,2.44,abstract
unsteadiness,2.44,abstract
upkeep,2.44,abstract
including,2.44,abstract
absorbed,2.44,abstract
affix,2.44,abstract
ambling,2.44,abstract
ascribe,2.44,abstract
censure,2.44,abstract
collate,2.44,abstract
dazed,2.44,abstract
discharging,2.44,abstract
disorganize,2.44,abstract
fluctuate,2.44,abstract
impaired,2.44,abstract
lollygag,2.44,abstract
militarize,2.44,abstract
moderated,2.44,abstract
monetize,2.44,abstract
prosecute,2.44,abstract
repower,2.44,abstract
sadden,2.44,abstract
alliterate,2.44,abstract
bacterially,2.44,abstract
bad manners,2.44,abstract
break through,2.44,abstract
bring forth,2.44,abstract
call upon,2.44,abstract
carryover,2.44,abstract
conically,2.44,abstract
countercurrent,2.44,abstract
cutting edge,2.44,abstract
dehumidification,2.44,abstract
disfiguration,2.44,abstract
droughty,2.44,abstract
electromotive,2.44,abstract
ensnarement,2.44,abstract
extricated,2.44,abstract
face value,2.44,abstract
fattener,2.44,abstract
featherlike,2.44,abstract
flaunter,2.44,abstract
fluidness,2.44,abstract
fussily,2.44,abstract
gauntly,2.44,abstract
germless,2.44,abstract
life expectancy,2.44,abstract
nasality,2.44,abstract
parasitically,2.44,abstract
patentability,2.44,abstract
pay attention,2.44,abstract
poisonously,2.44,abstract
quantification,2.44,abstract
recompilation,2.44,abstract
reoffer,2.44,abstract
rurally,2.44,abstract
shadowiness,2.44,abstract
sizably,2.44,abstract
sniffy,2.44,abstract
structuralize,2.44,abstract
syntheses,2.44,abstract
topically,2.44,abstract
treacherousness,2.44,abstract
unaccented,2.44,abstract
unhandled,2.44,abstract
unselected,2.44,abstract
unsightliness,2.44,abstract
verifier,2.44,abstract
bloodthirsty,2.45,abstract
broad,2.45,abstract
civic,2.45,abstract
clingy,2.45,abstract
crafty,2.45,abstract
ditzy,2.45,abstract
nautical,2.45,abstract
navigational,2.45,abstract
nutritious,2.45,abstract
prior,2.45,abstract
radiant,2.45,abstract
reoccurring,2.45,abstract
scientific,2.45,abstract
stellar,2.45,abstract
successive,2.45,abstract
sulky,2.45,abstract
supplemental,2.45,abstract
surrealist,2.45,abstract
unconscious,2.45,abstract
underhanded,2.45,abstract
unlivable,2.45,abstract
fondly,2.45,abstract
locally,2.45,abstract
systematically,2.45,abstract
tidily,2.45,abstract
no,2.45,abstract
adherent,2.45,abstract
affair,2.45,abstract
authorization,2.45,abstract
companionship,2.45,abstract
defense,2.45,abstract
enactment,2.45,abstract
homespun,2.45,abstract
homonym,2.45,abstract
motif,2.45,abstract
muse,2.45,abstract
noncombatant,2.45,abstract
observance,2.45,abstract
outrage,2.45,abstract
overproduction,2.45,abstract
relief,2.45,abstract
specification,2.45,abstract
summarization,2.45,abstract
verification,2.45,abstract
wording,2.45,abstract
zoning,2.45,abstract
advised,2.45,abstract
did,2.45,abstract
disrupt,2.45,abstract
enrolled,2.45,abstract
floundering,2.45,abstract
gauging,2.45,abstract
increasing,2.45,abstract
proceeding,2.45,abstract
swear,2.45,abstract
switching,2.45,abstract
taxing,2.45,abstract
teasing,2.45,abstract
telling,2.45,abstract
victimize,2.45,abstract
visualize,2.45,abstract
craftiness,2.45,abstract
decrepitly,2.45,abstract
deodorization,2.45,abstract
disappointer,2.45,abstract
embryonal,2.45,abstract
extractable,2.45,abstract
fitfulness,2.45,abstract
generalist,2.45,abstract
grinch,2.45,abstract
grotesqueness,2.45,abstract
hedgy,2.45,abstract
incompressible,2.45,abstract
lightyear,2.45,abstract
mendable,2.45,abstract
microbiologically,2.45,abstract
noncapital,2.45,abstract
novelization,2.45,abstract
parchedness,2.45,abstract
polymorphism,2.45,abstract
robustness,2.45,abstract
shadiness,2.45,abstract
slickly,2.45,abstract
soul mate,2.45,abstract
tranquilization,2.45,abstract
uncaptioned,2.45,abstract
biogenetic,2.46,abstract
boozy,2.46,abstract
bounteous,2.46,abstract
brash,2.46,abstract
convalescent,2.46,abstract
cruddy,2.46,abstract
devout,2.46,abstract
dexterous,2.46,abstract
eligible,2.46,abstract
erectile,2.46,abstract
extra,2.46,abstract
feminist,2.46,abstract
fevered,2.46,abstract
fictitious,2.46,abstract
gawky,2.46,abstract
girly,2.46,abstract
guttural,2.46,abstract
hypersexual,2.46,abstract
indestructible,2.46,abstract
infertile,2.46,abstract
intelligent,2.46,abstract
lawful,2.46,abstract
loopy,2.46,abstract
macroscopic,2.46,abstract
medieval,2.46,abstract
motherly,2.46,abstract
nonpublic,2.46,abstract
payable,2.46,abstract
prolific,2.46,abstract
reciprocal,2.46,abstract
replaceable,2.46,abstract
restless,2.46,abstract
ritzy,2.46,abstract
satirical,2.46,abstract
senile,2.46,abstract
shapeless,2.46,abstract
shocking,2.46,abstract
similar,2.46,abstract
smaller,2.46,abstract
soldierly,2.46,abstract
solvable,2.46,abstract
supervisory,2.46,abstract
uninterrupted,2.46,abstract
unlisted,2.46,abstract
vegetative,2.46,abstract
vice,2.46,abstract
warlike,2.46,abstract
witchy,2.46,abstract
closely,2.46,abstract
convulsively,2.46,abstract
crushingly,2.46,abstract
dimly,2.46,abstract
graphically,2.46,abstract
mathematically,2.46,abstract
nationally,2.46,abstract
over,2.46,abstract
subcutaneously,2.46,abstract
vacantly,2.46,abstract
truelove,2.46,abstract
accolade,2.46,abstract
alternative,2.46,abstract
anticommunist,2.46,abstract
apparition,2.46,abstract
boaster,2.46,abstract
compiler,2.46,abstract
complicit,2.46,abstract
conversion,2.46,abstract
creationist,2.46,abstract
deadbeat,2.46,abstract
denial,2.46,abstract
desecration,2.46,abstract
disguiser,2.46,abstract
distraction,2.46,abstract
downtrodden,2.46,abstract
dynasty,2.46,abstract
evasion,2.46,abstract
exposition,2.46,abstract
fandom,2.46,abstract
flair,2.46,abstract
fraternity,2.46,abstract
gaffe,2.46,abstract
guidance,2.46,abstract
harmony,2.46,abstract
impersonation,2.46,abstract
intonation,2.46,abstract
maxim,2.46,abstract
midrange,2.46,abstract
mode,2.46,abstract
occlusion,2.46,abstract
outpouring,2.46,abstract
phase,2.46,abstract
prerequisite,2.46,abstract
psychopathology,2.46,abstract
punishment,2.46,abstract
putridity,2.46,abstract
racketeering,2.46,abstract
rapidity,2.46,abstract
recalibration,2.46,abstract
separateness,2.46,abstract
shortage,2.46,abstract
soundings,2.46,abstract
spidery,2.46,abstract
stickler,2.46,abstract
sugarcoat,2.46,abstract
tanginess,2.46,abstract
therapeutics,2.46,abstract
thrill,2.46,abstract
uniformity,2.46,abstract
unloose,2.46,abstract
upsides,2.46,abstract
variation,2.46,abstract
vernacular,2.46,abstract
onto,2.46,abstract
act,2.46,abstract
augmented,2.46,abstract
besiege,2.46,abstract
bullheaded,2.46,abstract
diffuse,2.46,abstract
distracted,2.46,abstract
do,2.46,abstract
dramatize,2.46,abstract
energize,2.46,abstract
figured,2.46,abstract
flirting,2.46,abstract
grieved,2.46,abstract
hesitate,2.46,abstract
irradiated,2.46,abstract
learned,2.46,abstract
materialize,2.46,abstract
modernize,2.46,abstract
obstruct,2.46,abstract
outsource,2.46,abstract
overcharge,2.46,abstract
pussyfooted,2.46,abstract
replicated,2.46,abstract
resend,2.46,abstract
revamp,2.46,abstract
skewed,2.46,abstract
soothsaying,2.46,abstract
spoiled,2.46,abstract
studied,2.46,abstract
toiling,2.46,abstract
transfuse,2.46,abstract
unbalance,2.46,abstract
accruement,2.46,abstract
backhandedness,2.46,abstract
buoyantly,2.46,abstract
classicalist,2.46,abstract
conceiver,2.46,abstract
constraining,2.46,abstract
counterbid,2.46,abstract
crowdsourcing,2.46,abstract
defrag,2.46,abstract
dishevel,2.46,abstract
dizzily,2.46,abstract
equilaterally,2.46,abstract
exhaustingly,2.46,abstract
externalist,2.46,abstract
greenhouse effect,2.46,abstract
hang around,2.46,abstract
homogeneousness,2.46,abstract
impassibility,2.46,abstract
interlope,2.46,abstract
interrogational,2.46,abstract
isotropic,2.46,abstract
jubilate,2.46,abstract
lawmaking,2.46,abstract
linkable,2.46,abstract
localness,2.46,abstract
memory loss,2.46,abstract
misreport,2.46,abstract
nomadically,2.46,abstract
nonconductive,2.46,abstract
oppositionist,2.46,abstract
pay back,2.46,abstract
pennilessness,2.46,abstract
pharmacologically,2.46,abstract
reappointment,2.46,abstract
reattempt,2.46,abstract
reinvestigation,2.46,abstract
retraceable,2.46,abstract
semiweekly,2.46,abstract
setoff,2.46,abstract
shippable,2.46,abstract
showily,2.46,abstract
succulence,2.46,abstract
take part,2.46,abstract
texturally,2.46,abstract
thirstily,2.46,abstract
tranquilizing,2.46,abstract
unenergetic,2.46,abstract
unexhausted,2.46,abstract
unhampered,2.46,abstract
upper hand,2.46,abstract
diagnostic,2.47,abstract
dormant,2.47,abstract
ethnic,2.47,abstract
localized,2.47,abstract
neat,2.47,abstract
sullen,2.47,abstract
simultaneously,2.47,abstract
tightly,2.47,abstract
barrenness,2.47,abstract
confidentiality,2.47,abstract
fib,2.47,abstract
interjection,2.47,abstract
morbidity,2.47,abstract
queasiness,2.47,abstract
rendering,2.47,abstract
tardiness,2.47,abstract
termination,2.47,abstract
truce,2.47,abstract
experimented,2.47,abstract
frustrated,2.47,abstract
gravitate,2.47,abstract
incite,2.47,abstract
invest,2.47,abstract
memorialize,2.47,abstract
mistreat,2.47,abstract
overreach,2.47,abstract
persevering,2.47,abstract
ratify,2.47,abstract
relieve,2.47,abstract
reshape,2.47,abstract
transpose,2.47,abstract
absorbable,2.47,abstract
briskness,2.47,abstract
pushiness,2.48,abstract
alternating,2.48,abstract
astrological,2.48,abstract
bearish,2.48,abstract
boastful,2.48,abstract
consecutive,2.48,abstract
continental,2.48,abstract
demographic,2.48,abstract
disjointed,2.48,abstract
distinguishable,2.48,abstract
disturbing,2.48,abstract
doctoral,2.48,abstract
embraceable,2.48,abstract
exhausting,2.48,abstract
glorying,2.48,abstract
haphazard,2.48,abstract
hardworking,2.48,abstract
hoggish,2.48,abstract
immaculate,2.48,abstract
immunosuppressive,2.48,abstract
indigestible,2.48,abstract
instable,2.48,abstract
literate,2.48,abstract
livable,2.48,abstract
matriarchal,2.48,abstract
mild,2.48,abstract
monstrous,2.48,abstract
nonverbal,2.48,abstract
prime,2.48,abstract
prosperous,2.48,abstract
psychoactive,2.48,abstract
pushy,2.48,abstract
quantifiable,2.48,abstract
removable,2.48,abstract
seductive,2.48,abstract
sleazy,2.48,abstract
studious,2.48,abstract
tectonic,2.48,abstract
unattached,2.48,abstract
unauthorized,2.48,abstract
undrinkable,2.48,abstract
unvented,2.48,abstract
visionary,2.48,abstract
womanly,2.48,abstract
yappy,2.48,abstract
afoot,2.48,abstract
frantically,2.48,abstract
fro,2.48,abstract
glacially,2.48,abstract
individually,2.48,abstract
literally,2.48,abstract
physically,2.48,abstract
repeatedly,2.48,abstract
rudely,2.48,abstract
sloppily,2.48,abstract
speedily,2.48,abstract
vigorously,2.48,abstract
few,2.48,abstract
some,2.48,abstract
boo,2.48,abstract
hurray,2.48,abstract
priestly,2.48,abstract
randy,2.48,abstract
yin,2.48,abstract
abnormality,2.48,abstract
advent,2.48,abstract
airhead,2.48,abstract
astrology,2.48,abstract
automation,2.48,abstract
benchmark,2.48,abstract
biddy,2.48,abstract
biorhythm,2.48,abstract
bonding,2.48,abstract
boon,2.48,abstract
breach,2.48,abstract
brink,2.48,abstract
brutality,2.48,abstract
clearness,2.48,abstract
command,2.48,abstract
counsel,2.48,abstract
defect,2.48,abstract
deliciousness,2.48,abstract
demoralizer,2.48,abstract
dependant,2.48,abstract
detachment,2.48,abstract
dissenter,2.48,abstract
dramatization,2.48,abstract
elopement,2.48,abstract
enforcement,2.48,abstract
erasure,2.48,abstract
exasperation,2.48,abstract
excise,2.48,abstract
excitement,2.48,abstract
exclamation,2.48,abstract
feedback,2.48,abstract
fetish,2.48,abstract
gawkiness,2.48,abstract
governorship,2.48,abstract
homestretch,2.48,abstract
horsepower,2.48,abstract
illiteracy,2.48,abstract
illusion,2.48,abstract
imagery,2.48,abstract
impairment,2.48,abstract
inpatient,2.48,abstract
interloper,2.48,abstract
invalid,2.48,abstract
lesbianism,2.48,abstract
logistics,2.48,abstract
midcourse,2.48,abstract
misdemeanor,2.48,abstract
motto,2.48,abstract
ohm,2.48,abstract
output,2.48,abstract
outspokenness,2.48,abstract
parameter,2.48,abstract
physicality,2.48,abstract
pretax,2.48,abstract
pretender,2.48,abstract
probation,2.48,abstract
pronoun,2.48,abstract
propaganda,2.48,abstract
recruitment,2.48,abstract
retaliation,2.48,abstract
runabout,2.48,abstract
singleness,2.48,abstract
slang,2.48,abstract
subcontract,2.48,abstract
symbiosis,2.48,abstract
syndrome,2.48,abstract
tactics,2.48,abstract
thingamajig,2.48,abstract
trailblazer,2.48,abstract
transgression,2.48,abstract
upheaval,2.48,abstract
vibes,2.48,abstract
viewership,2.48,abstract
agreeing,2.48,abstract
alleviate,2.48,abstract
biding,2.48,abstract
botched,2.48,abstract
chasten,2.48,abstract
chose,2.48,abstract
concentrate,2.48,abstract
deconstruct,2.48,abstract
embark,2.48,abstract
embellish,2.48,abstract
fade,2.48,abstract
fired,2.48,abstract
hypnotize,2.48,abstract
incise,2.48,abstract
include,2.48,abstract
inflect,2.48,abstract
instruct,2.48,abstract
interrogate,2.48,abstract
listening,2.48,abstract
noncontact,2.48,abstract
overpopulate,2.48,abstract
prearrange,2.48,abstract
providing,2.48,abstract
raving,2.48,abstract
reactivate,2.48,abstract
recap,2.48,abstract
reconnect,2.48,abstract
reintroduce,2.48,abstract
reiterate,2.48,abstract
rework,2.48,abstract
savor,2.48,abstract
savored,2.48,abstract
seclude,2.48,abstract
select,2.48,abstract
squaring,2.48,abstract
supervise,2.48,abstract
unveiling,2.48,abstract
advancer,2.48,abstract
arouser,2.48,abstract
assister,2.48,abstract
asthmatically,2.48,abstract
atmospherics,2.48,abstract
authorizer,2.48,abstract
baboonish,2.48,abstract
bachelordom,2.48,abstract
beautifier,2.48,abstract
brokenness,2.48,abstract
butterfingered,2.48,abstract
careerist,2.48,abstract
chronographic,2.48,abstract
cleavability,2.48,abstract
colorization,2.48,abstract
come across,2.48,abstract
communicably,2.48,abstract
countermovement,2.48,abstract
crank out,2.48,abstract
creakily,2.48,abstract
crushability,2.48,abstract
crutched,2.48,abstract
curtly,2.48,abstract
cut back,2.48,abstract
debilitation,2.48,abstract
denier,2.48,abstract
deprival,2.48,abstract
dogmatist,2.48,abstract
dominative,2.48,abstract
economic crisis,2.48,abstract
ensnarl,2.48,abstract
faintish,2.48,abstract
fluidization,2.48,abstract
frailness,2.48,abstract
gaudily,2.48,abstract
good manners,2.48,abstract
griminess,2.48,abstract
high season,2.48,abstract
immunology,2.48,abstract
incriminator,2.48,abstract
indestructibly,2.48,abstract
indigestibly,2.48,abstract
informed consent,2.48,abstract
last minute,2.48,abstract
master class,2.48,abstract
new wave,2.48,abstract
noiselessness,2.48,abstract
nonfreezing,2.48,abstract
nonmilitant,2.48,abstract
numerable,2.48,abstract
off limits,2.48,abstract
pillowing,2.48,abstract
polysyllable,2.48,abstract
preciseness,2.48,abstract
principality,2.48,abstract
psychogenesis,2.48,abstract
puppyish,2.48,abstract
rancidness,2.48,abstract
reauthorization,2.48,abstract
scarceness,2.48,abstract
semiannually,2.48,abstract
sensitizer,2.48,abstract
slickness,2.48,abstract
sniveled,2.48,abstract
spaciously,2.48,abstract
standalone,2.48,abstract
starriness,2.48,abstract
steeliness,2.48,abstract
thickskulled,2.48,abstract
time out,2.48,abstract
troubleshoot,2.48,abstract
twistingly,2.48,abstract
ultrafashionable,2.48,abstract
unconstructed,2.48,abstract
underweighted,2.48,abstract
unmerged,2.48,abstract
unretired,2.48,abstract
wifelessness,2.48,abstract
advisory,2.5,mixed
agoraphobic,2.5,mixed
ample,2.5,mixed
barbaric,2.5,mixed
brisk,2.5,mixed
cannibalistic,2.5,mixed
chambered,2.5,mixed
cooperative,2.5,mixed
cretaceous,2.5,mixed
cumbersome,2.5,mixed
dateless,2.5,mixed
disorientated,2.5,mixed
excess,2.5,mixed
extraterrestrial,2.5,mixed
fancy,2.5,mixed
flavorful,2.5,mixed
foreign,2.5,mixed
formless,2.5,mixed
funny,2.5,mixed
gentlemanlike,2.5,mixed
haywire,2.5,mixed
homophobic,2.5,mixed
homophonic,2.5,mixed
horrific,2.5,mixed
hourly,2.5,mixed
incoming,2.5,mixed
inert,2.5,mixed
interactive,2.5,mixed
intoxicating,2.5,mixed
lustrous,2.5,mixed
mitigating,2.5,mixed
musky,2.5,mixed
nebulous,2.5,mixed
nonviolent,2.5,mixed
overjoyed,2.5,mixed
pendulous,2.5,mixed
pestilent,2.5,mixed
psychopathic,2.5,mixed
pubescent,2.5,mixed
real,2.5,mixed
recent,2.5,mixed
relaxed,2.5,mixed
religious,2.5,mixed
scalable,2.5,mixed
scared,2.5,mixed
sexual,2.5,mixed
stainable,2.5,mixed
superconducting,2.5,mixed
surprised,2.5,mixed
theatric,2.5,mixed
tough,2.5,mixed
tribal,2.5,mixed
unaesthetic,2.5,mixed
unmonitored,2.5,mixed
unproduced,2.5,mixed
verbal,2.5,mixed
villainous,2.5,mixed
watchable,2.5,mixed
acoustically,2.5,mixed
continuously,2.5,mixed
hydraulically,2.5,mixed
incrementally,2.5,mixed
microscopically,2.5,mixed
often,2.5,mixed
optically,2.5,mixed
rapidly,2.5,mixed
singlehandedly,2.5,mixed
stealthily,2.5,mixed
unhappily,2.5,mixed
wealthily,2.5,mixed
fantasia,2.5,mixed
providence,2.5,mixed
wordlessly,2.5,mixed
abandoner,2.5,mixed
accomplishment,2.5,mixed
adulthood,2.5,mixed
affiliate,2.5,mixed
aftereffect,2.5,mixed
airtime,2.5,mixed
alliance,2.5,mixed
antsy,2.5,mixed
assortment,2.5,mixed
astronautics,2.5,mixed
badass,2.5,mixed
beginning,2.5,mixed
changeling,2.5,mixed
con,2.5,mixed
criteria,2.5,mixed
detail,2.5,mixed
detoxification,2.5,mixed
dimension,2.5,mixed
dissident,2.5,mixed
enslavement,2.5,mixed
fanciness,2.5,mixed
faux,2.5,mixed
flashiness,2.5,mixed
folklore,2.5,mixed
frigidity,2.5,mixed
horror,2.5,mixed
imminence,2.5,mixed
incorporation,2.5,mixed
infraction,2.5,mixed
input,2.5,mixed
interim,2.5,mixed
klutziness,2.5,mixed
lowball,2.5,mixed
mind,2.5,mixed
mishap,2.5,mixed
momentum,2.5,mixed
mousy,2.5,mixed
neurology,2.5,mixed
otherworld,2.5,mixed
pastime,2.5,mixed
patient,2.5,mixed
peewee,2.5,mixed
protection,2.5,mixed
rate,2.5,mixed
readership,2.5,mixed
reelection,2.5,mixed
reexamination,2.5,mixed
refresher,2.5,mixed
riddle,2.5,mixed
rollout,2.5,mixed
sequestration,2.5,mixed
slowdown,2.5,mixed
sociopath,2.5,mixed
thingy,2.5,mixed
uncleanness,2.5,mixed
upcountry,2.5,mixed
usurper,2.5,mixed
whomsoever,2.5,mixed
apply,2.5,mixed
beamed,2.5,mixed
beautify,2.5,mixed
berate,2.5,mixed
blab,2.5,mixed
bootlegging,2.5,mixed
cheating,2.5,mixed
coaxing,2.5,mixed
cost,2.5,mixed
diminish,2.5,mixed
discontinue,2.5,mixed
freed,2.5,mixed
glean,2.5,mixed
gloating,2.5,mixed
mean,2.5,mixed
outnumber,2.5,mixed
pined,2.5,mixed
predate,2.5,mixed
proportioned,2.5,mixed
proved,2.5,mixed
put,2.5,mixed
quieting,2.5,mixed
recur,2.5,mixed
reducing,2.5,mixed
reinvestigate,2.5,mixed
retorted,2.5,mixed
slacken,2.5,mixed
stemming,2.5,mixed
strengthen,2.5,mixed
superimpose,2.5,mixed
taxed,2.5,mixed
tolling,2.5,mixed
tranquillize,2.5,mixed
underpay,2.5,mixed
airmanship,2.5,mixed
anthropomorphic,2.5,mixed
antichurch,2.5,mixed
archangelic,2.5,mixed
blurredness,2.5,mixed
bulldogged,2.5,mixed
calculability,2.5,mixed
carnivorously,2.5,mixed
chargeable,2.5,mixed
chokingly,2.5,mixed
christianity,2.5,mixed
circularly,2.5,mixed
colorlessly,2.5,mixed
congregational,2.5,mixed
connectable,2.5,mixed
continence,2.5,mixed
deep down,2.5,mixed
earsplitting,2.5,mixed
en route,2.5,mixed
farm out,2.5,mixed
fatigueless,2.5,mixed
fidgetiness,2.5,mixed
go after,2.5,mixed
high life,2.5,mixed
hydrochemistry,2.5,mixed
hyperbola,2.5,mixed
impedance,2.5,mixed
indestructibleness,2.5,mixed
indigested,2.5,mixed
interchangeableness,2.5,mixed
intermediator,2.5,mixed
interregional,2.5,mixed
iron age,2.5,mixed
jaggedly,2.5,mixed
joblessness,2.5,mixed
licensable,2.5,mixed
linearly,2.5,mixed
lip service,2.5,mixed
nonelectric,2.5,mixed
nonscientist,2.5,mixed
overbought,2.5,mixed
overcorrect,2.5,mixed
overdelicate,2.5,mixed
paraphraser,2.5,mixed
paternally,2.5,mixed
phonologically,2.5,mixed
pornographically,2.5,mixed
reproducibility,2.5,mixed
sickliness,2.5,mixed
sludgy,2.5,mixed
speechlessness,2.5,mixed
stay off,2.5,mixed
stutteringly,2.5,mixed
sweepingly,2.5,mixed
tautly,2.5,mixed
thuggery,2.5,mixed
triangularly,2.5,mixed
tutorship,2.5,mixed
unaligned,2.5,mixed
uncultivated,2.5,mixed
undershot,2.5,mixed
unrounded,2.5,mixed
verminous,2.5,mixed
wiseass,2.5,mixed
grisly,2.51,mixed
marriage,2.51,mixed
aural,2.52,mixed
bestselling,2.52,mixed
blasted,2.52,mixed
businesslike,2.52,mixed
certified,2.52,mixed
childish,2.52,mixed
chocoholic,2.52,mixed
clinical,2.52,mixed
collective,2.52,mixed
corrective,2.52,mixed
dietary,2.52,mixed
ergonomic,2.52,mixed
escapable,2.52,mixed
financial,2.52,mixed
flawless,2.52,mixed
gay,2.52,mixed
glamorous,2.52,mixed
gleaming,2.52,mixed
gloomy,2.52,mixed
grouchy,2.52,mixed
horrifying,2.52,mixed
imperial,2.52,mixed
impregnable,2.52,mixed
indistinguishable,2.52,mixed
infantile,2.52,mixed
lame,2.52,mixed
livid,2.52,mixed
malignant,2.52,mixed
natal,2.52,mixed
palpable,2.52,mixed
pleasurable,2.52,mixed
previous,2.52,mixed
probing,2.52,mixed
proportionate,2.52,mixed
reachable,2.52,mixed
rude,2.52,mixed
salaried,2.52,mixed
seaworthy,2.52,mixed
seducible,2.52,mixed
seismographic,2.52,mixed
semiannual,2.52,mixed
shy,2.52,mixed
stratospheric,2.52,mixed
tepid,2.52,mixed
tiring,2.52,mixed
treasured,2.52,mixed
undisguised,2.52,mixed
unengaged,2.52,mixed
unpaid,2.52,mixed
unsaturated,2.52,mixed
unstable,2.52,mixed
vocational,2.52,mixed
wolfish,2.52,mixed
afar,2.52,mixed
angrily,2.52,mixed
comically,2.52,mixed
cosmetically,2.52,mixed
drowsily,2.52,mixed
enthusiastically,2.52,mixed
loosely,2.52,mixed
luxuriously,2.52,mixed
pharmaceutically,2.52,mixed
prettily,2.52,mixed
resupply,2.52,mixed
swirly,2.52,mixed
tingly,2.52,mixed
uncomfortably,2.52,mixed
visually,2.52,mixed
worldwide,2.52,mixed
jezebel,2.52,mixed
abstractionist,2.52,mixed
acquirer,2.52,mixed
advisement,2.52,mixed
authorship,2.52,mixed
classification,2.52,mixed
claustrophobia,2.52,mixed
concealment,2.52,mixed
conglomerate,2.52,mixed
conglomeration,2.52,mixed
consortium,2.52,mixed
cosmology,2.52,mixed
courtship,2.52,mixed
daze,2.52,mixed
declaration,2.52,mixed
declination,2.52,mixed
density,2.52,mixed
disobedience,2.52,mixed
dissipation,2.52,mixed
drawback,2.52,mixed
egoist,2.52,mixed
eroticism,2.52,mixed
fore,2.52,mixed
fright,2.52,mixed
guise,2.52,mixed
hellfire,2.52,mixed
hetero,2.52,mixed
hotshot,2.52,mixed
hyperacidity,2.52,mixed
identifier,2.52,mixed
import,2.52,mixed
impulse,2.52,mixed
innovator,2.52,mixed
investigation,2.52,mixed
ionization,2.52,mixed
lethargy,2.52,mixed
mathematics,2.52,mixed
merrymaking,2.52,mixed
metabolite,2.52,mixed
midseason,2.52,mixed
niche,2.52,mixed
occasion,2.52,mixed
originator,2.52,mixed
outlay,2.52,mixed
pact,2.52,mixed
pageantry,2.52,mixed
peril,2.52,mixed
polling,2.52,mixed
practice,2.52,mixed
prohibition,2.52,mixed
purgatory,2.52,mixed
quickness,2.52,mixed
reconvict,2.52,mixed
reflectivity,2.52,mixed
requirement,2.52,mixed
ruckus,2.52,mixed
scapegoat,2.52,mixed
sobriety,2.52,mixed
spousal,2.52,mixed
substitution,2.52,mixed
threat,2.52,mixed
wholeness,2.52,mixed
windfall,2.52,mixed
abandoned,2.52,mixed
accosted,2.52,mixed
ask,2.52,mixed
assist,2.52,mixed
beaming,2.52,mixed
bestowing,2.52,mixed
boasting,2.52,mixed
bodied,2.52,mixed
compare,2.52,mixed
confessing,2.52,mixed
constrained,2.52,mixed
crave,2.52,mixed
dazzle,2.52,mixed
decrypt,2.52,mixed
depose,2.52,mixed
deputize,2.52,mixed
emanate,2.52,mixed
enmesh,2.52,mixed
failing,2.52,mixed
feathering,2.52,mixed
featured,2.52,mixed
fronting,2.52,mixed
fuming,2.52,mixed
hallucinate,2.52,mixed
heighten,2.52,mixed
hone,2.52,mixed
intruding,2.52,mixed
lying,2.52,mixed
made,2.52,mixed
meander,2.52,mixed
metamorphoses,2.52,mixed
misplace,2.52,mixed
modified,2.52,mixed
modulate,2.52,mixed
mutate,2.52,mixed
oppose,2.52,mixed
panicked,2.52,mixed
recalibrate,2.52,mixed
repay,2.52,mixed
ridden,2.52,mixed
slandering,2.52,mixed
slew,2.52,mixed
straggling,2.52,mixed
supporting,2.52,mixed
underpaid,2.52,mixed
unwind,2.52,mixed
wandering,2.52,mixed
accomplisher,2.52,mixed
activeness,2.52,mixed
aluminize,2.52,mixed
anticipator,2.52,mixed
assurer,2.52,mixed
bedazzle,2.52,mixed
big bang,2.52,mixed
botchy,2.52,mixed
breeze through,2.52,mixed
cast aside,2.52,mixed
cautioner,2.52,mixed
chastiser,2.52,mixed
chorographical,2.52,mixed
climatology,2.52,mixed
communicant,2.52,mixed
coziness,2.52,mixed
deoxidize,2.52,mixed
diss,2.52,mixed
dividedly,2.52,mixed
dryly,2.52,mixed
emaciate,2.52,mixed
ethicist,2.52,mixed
feminineness,2.52,mixed
filthily,2.52,mixed
foul play,2.52,mixed
gastroenterology,2.52,mixed
gelatinization,2.52,mixed
grumpiness,2.52,mixed
harvestless,2.52,mixed
incompletely,2.52,mixed
inroad,2.52,mixed
ionize,2.52,mixed
kick back,2.52,mixed
mull over,2.52,mixed
nonurban,2.52,mixed
pedestrianism,2.52,mixed
poetics,2.52,mixed
ported,2.52,mixed
preinstall,2.52,mixed
press on,2.52,mixed
ramblingly,2.52,mixed
readmission,2.52,mixed
reallocate,2.52,mixed
reinstruction,2.52,mixed
scale up,2.52,mixed
semiretirement,2.52,mixed
shapelessly,2.52,mixed
sick joke,2.52,mixed
smudginess,2.52,mixed
solitariness,2.52,mixed
southwardly,2.52,mixed
support system,2.52,mixed
talkatively,2.52,mixed
turbulently,2.52,mixed
underdevelopment,2.52,mixed
underexposure,2.52,mixed
unreflective,2.52,mixed
unreflectively,2.52,mixed
unsecure,2.52,mixed
unsteadied,2.52,mixed
unsymmetrical,2.52,mixed
user friendly,2.52,mixed
voicelessly,2.52,mixed
waterish,2.52,mixed
witch hunt,2.52,mixed
angry,2.53,mixed
astronomic,2.53,mixed
curable,2.53,mixed
extinct,2.53,mixed
gentle,2.53,mixed
klutzy,2.53,mixed
nonrefundable,2.53,mixed
unrefined,2.53,mixed
untreatable,2.53,mixed
painfully,2.53,mixed
childhood,2.53,mixed
commandment,2.53,mixed
confrontation,2.53,mixed
dominance,2.53,mixed
endorsement,2.53,mixed
espionage,2.53,mixed
gradation,2.53,mixed
instrumentation,2.53,mixed
nonconformist,2.53,mixed
sisterhood,2.53,mixed
whippersnapper,2.53,mixed
administer,2.53,mixed
demonstrate,2.53,mixed
found,2.53,mixed
helping,2.53,mixed
leave,2.53,mixed
persecute,2.53,mixed
praising,2.53,mixed
refinance,2.53,mixed
alzheimer,2.53,mixed
irritably,2.53,mixed
lay off,2.53,mixed
reawake,2.53,mixed
shell shock,2.53,mixed
aggressive,2.54,mixed
arrhythmic,2.54,mixed
bionic,2.54,mixed
bleak,2.54,mixed
consolidated,2.54,mixed
duller,2.54,mixed
easterly,2.54,mixed
exact,2.54,mixed
geopolitical,2.54,mixed
guiding,2.54,mixed
gushy,2.54,mixed
matrimonial,2.54,mixed
maximum,2.54,mixed
nonpaying,2.54,mixed
nonsexual,2.54,mixed
official,2.54,mixed
overstaffed,2.54,mixed
pandemic,2.54,mixed
patented,2.54,mixed
photogenic,2.54,mixed
pneumonic,2.54,mixed
procreative,2.54,mixed
protective,2.54,mixed
repairable,2.54,mixed
snug,2.54,mixed
spry,2.54,mixed
startling,2.54,mixed
synaptic,2.54,mixed
tasteless,2.54,mixed
telekinetic,2.54,mixed
understaffed,2.54,mixed
unreleased,2.54,mixed
approximately,2.54,mixed
biannually,2.54,mixed
cinematographically,2.54,mixed
roundly,2.54,mixed
twofold,2.54,mixed
frank,2.54,mixed
abandonment,2.54,mixed
achiness,2.54,mixed
adventuress,2.54,mixed
array,2.54,mixed
bebop,2.54,mixed
career,2.54,mixed
charmer,2.54,mixed
classics,2.54,mixed
configuration,2.54,mixed
conquest,2.54,mixed
cyberspace,2.54,mixed
darling,2.54,mixed
deadliness,2.54,mixed
disarmament,2.54,mixed
discloser,2.54,mixed
discrepancy,2.54,mixed
dishevelment,2.54,mixed
doomsayer,2.54,mixed
enabler,2.54,mixed
equalizer,2.54,mixed
expansionism,2.54,mixed
expansionist,2.54,mixed
expression,2.54,mixed
flub,2.54,mixed
flux,2.54,mixed
goodwill,2.54,mixed
goof,2.54,mixed
gravitation,2.54,mixed
hardhead,2.54,mixed
humanist,2.54,mixed
hussy,2.54,mixed
hyperspace,2.54,mixed
indexing,2.54,mixed
inebriate,2.54,mixed
inflation,2.54,mixed
installment,2.54,mixed
isolation,2.54,mixed
jive,2.54,mixed
latitude,2.54,mixed
legislature,2.54,mixed
limelight,2.54,mixed
magnetism,2.54,mixed
majority,2.54,mixed
miss,2.54,mixed
mistranslation,2.54,mixed
necromancy,2.54,mixed
pessimist,2.54,mixed
plurality,2.54,mixed
poverty,2.54,mixed
pronunciation,2.54,mixed
punctuality,2.54,mixed
quitter,2.54,mixed
rationing,2.54,mixed
rerelease,2.54,mixed
rite,2.54,mixed
romanticist,2.54,mixed
sexiness,2.54,mixed
society,2.54,mixed
stewardship,2.54,mixed
suburbanizing,2.54,mixed
sweetie,2.54,mixed
theorist,2.54,mixed
thinker,2.54,mixed
trafficking,2.54,mixed
verbiage,2.54,mixed
thee,2.54,mixed
abandon,2.54,mixed
acquired,2.54,mixed
acting,2.54,mixed
adjourn,2.54,mixed
aflutter,2.54,mixed
bustle,2.54,mixed
clownish,2.54,mixed
colonize,2.54,mixed
defuse,2.54,mixed
diffused,2.54,mixed
discriminate,2.54,mixed
encode,2.54,mixed
fleshed,2.54,mixed
fumbling,2.54,mixed
graduating,2.54,mixed
hesitating,2.54,mixed
irk,2.54,mixed
litigate,2.54,mixed
mediate,2.54,mixed
pilfering,2.54,mixed
pinpoint,2.54,mixed
ramble,2.54,mixed
reestablish,2.54,mixed
reinvent,2.54,mixed
rejoin,2.54,mixed
scoffing,2.54,mixed
segregate,2.54,mixed
sizing,2.54,mixed
smarting,2.54,mixed
smothering,2.54,mixed
spurred,2.54,mixed
squander,2.54,mixed
suing,2.54,mixed
trained,2.54,mixed
traveled,2.54,mixed
wane,2.54,mixed
aeronautic,2.54,mixed
aromatically,2.54,mixed
belong to,2.54,mixed
civil suit,2.54,mixed
compressible,2.54,mixed
converser,2.54,mixed
cope with,2.54,mixed
copyrightable,2.54,mixed
decipherer,2.54,mixed
decorativeness,2.54,mixed
drop in,2.54,mixed
falterer,2.54,mixed
floweriness,2.54,mixed
fool around,2.54,mixed
fruitfully,2.54,mixed
genotype,2.54,mixed
get through,2.54,mixed
gingery,2.54,mixed
glidingly,2.54,mixed
grandiosely,2.54,mixed
gropingly,2.54,mixed
gushiness,2.54,mixed
habituation,2.54,mixed
hands off,2.54,mixed
hardline,2.54,mixed
homeostatic,2.54,mixed
incontinency,2.54,mixed
intriguer,2.54,mixed
irrepairable,2.54,mixed
leary,2.54,mixed
leftwing,2.54,mixed
magic spell,2.54,mixed
may day,2.54,mixed
mispronunciation,2.54,mixed
neoimpressionist,2.54,mixed
nonhazardous,2.54,mixed
pearliness,2.54,mixed
pentecostal,2.54,mixed
plotline,2.54,mixed
proprietorship,2.54,mixed
quick fix,2.54,mixed
slinkiness,2.54,mixed
songlike,2.54,mixed
spring fever,2.54,mixed
streakiness,2.54,mixed
stuck with,2.54,mixed
superconductive,2.54,mixed
theorizer,2.54,mixed
troublingly,2.54,mixed
unmerge,2.54,mixed
unscarred,2.54,mixed
unsent,2.54,mixed
unsheltered,2.54,mixed
visionless,2.54,mixed
ward off,2.54,mixed
wifehood,2.54,mixed
winterish,2.54,mixed
youngness,2.54,mixed
abusive,2.55,mixed
allergic,2.55,mixed
frail,2.55,mixed
functional,2.55,mixed
hearty,2.55,mixed
hygienic,2.55,mixed
iconic,2.55,mixed
infuriating,2.55,mixed
multicultural,2.55,mixed
nonreturnable,2.55,mixed
playable,2.55,mixed
portly,2.55,mixed
retrievable,2.55,mixed
sensory,2.55,mixed
sightless,2.55,mixed
strenuous,2.55,mixed
treatable,2.55,mixed
competitively,2.55,mixed
laughingly,2.55,mixed
uniformly,2.55,mixed
aficionado,2.55,mixed
brainchild,2.55,mixed
brainstorm,2.55,mixed
consistency,2.55,mixed
counterproposal,2.55,mixed
critique,2.55,mixed
cutthroat,2.55,mixed
fluidity,2.55,mixed
hypocrite,2.55,mixed
ladylove,2.55,mixed
lifespan,2.55,mixed
minimalist,2.55,mixed
monarchy,2.55,mixed
namesake,2.55,mixed
parenthood,2.55,mixed
parenting,2.55,mixed
payback,2.55,mixed
ratio,2.55,mixed
reappearance,2.55,mixed
resource,2.55,mixed
sadism,2.55,mixed
spoilsport,2.55,mixed
stupidity,2.55,mixed
subplot,2.55,mixed
victory,2.55,mixed
womanhood,2.55,mixed
booked,2.55,mixed
bring,2.55,mixed
certify,2.55,mixed
counterbalance,2.55,mixed
entertain,2.55,mixed
manipulate,2.55,mixed
modify,2.55,mixed
offload,2.55,mixed
piecing,2.55,mixed
proceed,2.55,mixed
react,2.55,mixed
redistribute,2.55,mixed
spotting,2.55,mixed
survive,2.55,mixed
touring,2.55,mixed
upstage,2.55,mixed
worry,2.55,mixed
brush up,2.55,mixed
digester,2.55,mixed
fishiness,2.55,mixed
flakily,2.55,mixed
free range,2.55,mixed
hard time,2.55,mixed
interfusion,2.55,mixed
legibility,2.55,mixed
overdevelopment,2.55,mixed
raggedly,2.55,mixed
resonator,2.55,mixed
right wing,2.55,mixed
sturdily,2.55,mixed
taxability,2.55,mixed
washed out,2.55,mixed
weak point,2.55,mixed
writable,2.55,mixed
accumulative,2.56,mixed
caloric,2.56,mixed
colonic,2.56,mixed
defective,2.56,mixed
equal,2.56,mixed
fatherly,2.56,mixed
fitful,2.56,mixed
frictionless,2.56,mixed
happy,2.56,mixed
incontinent,2.56,mixed
linguistic,2.56,mixed
mulled,2.56,mixed
nonresponsive,2.56,mixed
pleasing,2.56,mixed
pulmonary,2.56,mixed
recoverable,2.56,mixed
semiprecious,2.56,mixed
spacious,2.56,mixed
unblended,2.56,mixed
untarnished,2.56,mixed
unwell,2.56,mixed
ceremoniously,2.56,mixed
coldly,2.56,mixed
commercially,2.56,mixed
fearfully,2.56,mixed
measurably,2.56,mixed
analysis,2.56,mixed
analyzer,2.56,mixed
aplenty,2.56,mixed
clarifier,2.56,mixed
collaborationist,2.56,mixed
constituency,2.56,mixed
counterstrike,2.56,mixed
defrauder,2.56,mixed
dimwit,2.56,mixed
emergence,2.56,mixed
gratitude,2.56,mixed
grounding,2.56,mixed
impediment,2.56,mixed
insertion,2.56,mixed
outpour,2.56,mixed
parody,2.56,mixed
pleasantry,2.56,mixed
polarization,2.56,mixed
preseason,2.56,mixed
reanimation,2.56,mixed
retest,2.56,mixed
retraining,2.56,mixed
temper,2.56,mixed
twinge,2.56,mixed
weekender,2.56,mixed
zealot,2.56,mixed
next,2.56,mixed
begin,2.56,mixed
boneheaded,2.56,mixed
brokenhearted,2.56,mixed
desecrate,2.56,mixed
detached,2.56,mixed
disappearing,2.56,mixed
doted,2.56,mixed
dubbed,2.56,mixed
entrap,2.56,mixed
forbear,2.56,mixed
help,2.56,mixed
horrified,2.56,mixed
immigrate,2.56,mixed
indulge,2.56,mixed
intermingle,2.56,mixed
intrastate,2.56,mixed
musing,2.56,mixed
overexerted,2.56,mixed
postdate,2.56,mixed
propertied,2.56,mixed
quarreled,2.56,mixed
quit,2.56,mixed
reemerge,2.56,mixed
reformat,2.56,mixed
rehire,2.56,mixed
related,2.56,mixed
repack,2.56,mixed
revisit,2.56,mixed
rouse,2.56,mixed
shaped,2.56,mixed
shorthanded,2.56,mixed
subcontracted,2.56,mixed
transect,2.56,mixed
undo,2.56,mixed
unstrung,2.56,mixed
waver,2.56,mixed
antitheft,2.56,mixed
bachelorship,2.56,mixed
backdate,2.56,mixed
cannibalistically,2.56,mixed
churchless,2.56,mixed
circumscription,2.56,mixed
coeducation,2.56,mixed
crossable,2.56,mixed
cultivatable,2.56,mixed
demographically,2.56,mixed
edgeless,2.56,mixed
exchangeable,2.56,mixed
floodable,2.56,mixed
fragmental,2.56,mixed
gaseousness,2.56,mixed
gasless,2.56,mixed
harmonically,2.56,mixed
homoeopathy,2.56,mixed
hyperglycemia,2.56,mixed
impairer,2.56,mixed
long life,2.56,mixed
measurability,2.56,mixed
metrical,2.56,mixed
moldable,2.56,mixed
mountable,2.56,mixed
nonacid,2.56,mixed
nonwestern,2.56,mixed
novelize,2.56,mixed
obscurer,2.56,mixed
overeaten,2.56,mixed
overhunt,2.56,mixed
overstaff,2.56,mixed
overtiredness,2.56,mixed
pictographically,2.56,mixed
plumpish,2.56,mixed
postsurgical,2.56,mixed
proclaimer,2.56,mixed
rearwards,2.56,mixed
rectifier,2.56,mixed
residentially,2.56,mixed
scoffer,2.56,mixed
semidrying,2.56,mixed
sinuous,2.56,mixed
spaded,2.56,mixed
talkback,2.56,mixed
throatily,2.56,mixed
untidily,2.56,mixed
unvocal,2.56,mixed
vividity,2.56,mixed
waywardness,2.56,mixed
weed out,2.56,mixed
whistle blower,2.56,mixed
agitated,2.57,mixed
centennial,2.57,mixed
crummy,2.57,mixed
diminutive,2.57,mixed
distorted,2.57,mixed
domestic,2.57,mixed
feverish,2.57,mixed
galactic,2.57,mixed
gestational,2.57,mixed
gigantic,2.57,mixed
housewarming,2.57,mixed
humanitarian,2.57,mixed
indirect,2.57,mixed
muted,2.57,mixed
numerous,2.57,mixed
public,2.57,mixed
retarded,2.57,mixed
revolting,2.57,mixed
rigorous,2.57,mixed
scarce,2.57,mixed
statewide,2.57,mixed
steadying,2.57,mixed
unemployed,2.57,mixed
voluminous,2.57,mixed
neatly,2.57,mixed
overnight,2.57,mixed
roughly,2.57,mixed
ruggedly,2.57,mixed
today,2.57,mixed
advance,2.57,mixed
alibi,2.57,mixed
appearance,2.57,mixed
bio,2.57,mixed
buster,2.57,mixed
cataclysm,2.57,mixed
catechism,2.57,mixed
characteristics,2.57,mixed
cheerfulness,2.57,mixed
debrief,2.57,mixed
demigod,2.57,mixed
detection,2.57,mixed
dole,2.57,mixed
economy,2.57,mixed
equivalent,2.57,mixed
expense,2.57,mixed
fear,2.57,mixed
heavens,2.57,mixed
hyperactivity,2.57,mixed
interval,2.57,mixed
irritation,2.57,mixed
isometrics,2.57,mixed
journey,2.57,mixed
law,2.57,mixed
neuropathy,2.57,mixed
occupancy,2.57,mixed
occurrence,2.57,mixed
oldie,2.57,mixed
outreach,2.57,mixed
parlay,2.57,mixed
preproduction,2.57,mixed
proportion,2.57,mixed
retardation,2.57,mixed
rule,2.57,mixed
specialization,2.57,mixed
trump,2.57,mixed
unfitness,2.57,mixed
welfare,2.57,mixed
yuletide,2.57,mixed
amuse,2.57,mixed
compete,2.57,mixed
composed,2.57,mixed
confess,2.57,mixed
constrain,2.57,mixed
debark,2.57,mixed
departed,2.57,mixed
disarmed,2.57,mixed
disembark,2.57,mixed
disguising,2.57,mixed
displace,2.57,mixed
exclaiming,2.57,mixed
imbed,2.57,mixed
insert,2.57,mixed
intervene,2.57,mixed
lied,2.57,mixed
lightheaded,2.57,mixed
missing,2.57,mixed
multistage,2.57,mixed
overproduce,2.57,mixed
paining,2.57,mixed
possessed,2.57,mixed
preserve,2.57,mixed
realign,2.57,mixed
reprogram,2.57,mixed
rescind,2.57,mixed
retake,2.57,mixed
retold,2.57,mixed
screwed,2.57,mixed
sidesplitting,2.57,mixed
soften,2.57,mixed
airproof,2.57,mixed
aquarius,2.57,mixed
baldish,2.57,mixed
best selling,2.57,mixed
bring in,2.57,mixed
carbonization,2.57,mixed
class struggle,2.57,mixed
decomposability,2.57,mixed
eloper,2.57,mixed
forgeable,2.57,mixed
get away,2.57,mixed
heavenwards,2.57,mixed
inaccurateness,2.57,mixed
incubatory,2.57,mixed
inelasticity,2.57,mixed
insinuator,2.57,mixed
jet lag,2.57,mixed
muteness,2.57,mixed
nonfictional,2.57,mixed
pronounceable,2.57,mixed
proposer,2.57,mixed
recode,2.57,mixed
recompose,2.57,mixed
second hand,2.57,mixed
sparklingly,2.57,mixed
spryness,2.57,mixed
standing order,2.57,mixed
subinterval,2.57,mixed
uncleanly,2.57,mixed
unrestrictive,2.57,mixed
usergroup,2.57,mixed
catalytic,2.58,mixed
commutable,2.58,mixed
concentric,2.58,mixed
congest,2.58,mixed
degradable,2.58,mixed
ejaculatory,2.58,mixed
enraged,2.58,mixed
geothermal,2.58,mixed
inedible,2.58,mixed
inhabitable,2.58,mixed
monogamous,2.58,mixed
noninvasive,2.58,mixed
nonlinear,2.58,mixed
orthopedic,2.58,mixed
overworked,2.58,mixed
posthumous,2.58,mixed
predatory,2.58,mixed
prerecorded,2.58,mixed
puny,2.58,mixed
seedy,2.58,mixed
shitty,2.58,mixed
sociopathic,2.58,mixed
synchronized,2.58,mixed
tacky,2.58,mixed
tender,2.58,mixed
unbarred,2.58,mixed
unbowed,2.58,mixed
undermanned,2.58,mixed
unlighted,2.58,mixed
unpalatable,2.58,mixed
brutally,2.58,mixed
explosively,2.58,mixed
tenfold,2.58,mixed
underway,2.58,mixed
ahem,2.58,mixed
mousey,2.58,mixed
unenthusiastic,2.58,mixed
androgyny,2.58,mixed
arraignment,2.58,mixed
bioelectricity,2.58,mixed
blasphemer,2.58,mixed
brotherhood,2.58,mixed
chairmanship,2.58,mixed
ex,2.58,mixed
extravaganza,2.58,mixed
fullness,2.58,mixed
halftime,2.58,mixed
harassment,2.58,mixed
headmastership,2.58,mixed
hypothyroidism,2.58,mixed
lawlessness,2.58,mixed
nearness,2.58,mixed
override,2.58,mixed
physiotherapy,2.58,mixed
protagonist,2.58,mixed
revealer,2.58,mixed
session,2.58,mixed
thousandfold,2.58,mixed
unsown,2.58,mixed
yahoo,2.58,mixed
astride,2.58,mixed
cajoling,2.58,mixed
disagreed,2.58,mixed
homemaking,2.58,mixed
kilohertz,2.58,mixed
met,2.58,mixed
officiate,2.58,mixed
say,2.58,mixed
saying,2.58,mixed
sexed,2.58,mixed
shun,2.58,mixed
skulk,2.58,mixed
staffed,2.58,mixed
undid,2.58,mixed
unite,2.58,mixed
chalklike,2.58,mixed
cheatingly,2.58,mixed
civil action,2.58,mixed
collapsibility,2.58,mixed
comatosely,2.58,mixed
creatorship,2.58,mixed
damageability,2.58,mixed
dedicator,2.58,mixed
demark,2.58,mixed
dragonish,2.58,mixed
duskiness,2.58,mixed
farthermost,2.58,mixed
forename,2.58,mixed
forenoon,2.58,mixed
fragileness,2.58,mixed
fuckup,2.58,mixed
gaudiness,2.58,mixed
genealogic,2.58,mixed
geocentric,2.58,mixed
guardable,2.58,mixed
higher education,2.58,mixed
jumpable,2.58,mixed
legibleness,2.58,mixed
liquidly,2.58,mixed
nationhood,2.58,mixed
off duty,2.58,mixed
overlie,2.58,mixed
overloud,2.58,mixed
pass up,2.58,mixed
redact,2.58,mixed
seed capital,2.58,mixed
slushiness,2.58,mixed
stockless,2.58,mixed
unexercised,2.58,mixed
unhurried,2.58,mixed
wirelessly,2.58,mixed
alert,2.59,mixed
biomedical,2.59,mixed
boisterous,2.59,mixed
correct,2.59,mixed
decorative,2.59,mixed
disembodied,2.59,mixed
dizzy,2.59,mixed
equatorial,2.59,mixed
exposable,2.59,mixed
feeble,2.59,mixed
fixable,2.59,mixed
gleeful,2.59,mixed
heterogeneous,2.59,mixed
hydrothermal,2.59,mixed
mouthy,2.59,mixed
mutilated,2.59,mixed
mystic,2.59,mixed
nonprofit,2.59,mixed
psychiatric,2.59,mixed
scoreless,2.59,mixed
superhuman,2.59,mixed
temperate,2.59,mixed
unaffordable,2.59,mixed
undersigned,2.59,mixed
unshielded,2.59,mixed
unsupervised,2.59,mixed
unwed,2.59,mixed
walloping,2.59,mixed
wearable,2.59,mixed
externally,2.59,mixed
photographically,2.59,mixed
plainer,2.59,mixed
sensually,2.59,mixed
yonder,2.59,mixed
roger,2.59,mixed
adventure,2.59,mixed
aftertaste,2.59,mixed
aggressiveness,2.59,mixed
aloha,2.59,mixed
arachnophobia,2.59,mixed
bargain,2.59,mixed
bestseller,2.59,mixed
collaboration,2.59,mixed
coloration,2.59,mixed
content,2.59,mixed
countermove,2.59,mixed
cuteness,2.59,mixed
ditto,2.59,mixed
encase,2.59,mixed
enunciation,2.59,mixed
exodus,2.59,mixed
fertility,2.59,mixed
fervor,2.59,mixed
handedness,2.59,mixed
hesitation,2.59,mixed
hierarchy,2.59,mixed
highroad,2.59,mixed
impact,2.59,mixed
ironclad,2.59,mixed
luxury,2.59,mixed
manhood,2.59,mixed
millennia,2.59,mixed
mineralogy,2.59,mixed
nearside,2.59,mixed
noir,2.59,mixed
nonstandard,2.59,mixed
occult,2.59,mixed
paternity,2.59,mixed
patriarchy,2.59,mixed
patsy,2.59,mixed
pedophilia,2.59,mixed
physic,2.59,mixed
plagiarism,2.59,mixed
plural,2.59,mixed
proceeds,2.59,mixed
production,2.59,mixed
request,2.59,mixed
scorn,2.59,mixed
spellbinder,2.59,mixed
stimuli,2.59,mixed
subtext,2.59,mixed
suspect,2.59,mixed
tomfoolery,2.59,mixed
topic,2.59,mixed
urbanization,2.59,mixed
voodoo,2.59,mixed
weakness,2.59,mixed
workings,2.59,mixed
beside,2.59,mixed
none,2.59,mixed
abbreviate,2.59,mixed
arming,2.59,mixed
axed,2.59,mixed
backtrack,2.59,mixed
converging,2.59,mixed
decompress,2.59,mixed
defeated,2.59,mixed
dished,2.59,mixed
disprove,2.59,mixed
distributed,2.59,mixed
emote,2.59,mixed
enroll,2.59,mixed
extort,2.59,mixed
formulate,2.59,mixed
hired,2.59,mixed
induct,2.59,mixed
initialize,2.59,mixed
interfere,2.59,mixed
journeying,2.59,mixed
marrying,2.59,mixed
overpower,2.59,mixed
oxygenate,2.59,mixed
participate,2.59,mixed
persist,2.59,mixed
plead,2.59,mixed
rename,2.59,mixed
ruin,2.59,mixed
sized,2.59,mixed
slacked,2.59,mixed
starring,2.59,mixed
stifle,2.59,mixed
targeted,2.59,mixed
tease,2.59,mixed
toiled,2.59,mixed
triggered,2.59,mixed
unravel,2.59,mixed
uplifted,2.59,mixed
wean,2.59,mixed
whiz,2.59,mixed
withdrawing,2.59,mixed
wooing,2.59,mixed
carbonless,2.59,mixed
cash flow,2.59,mixed
childrearing,2.59,mixed
chime in,2.59,mixed
combustibility,2.59,mixed
convulsiveness,2.59,mixed
crime rate,2.59,mixed
decolonization,2.59,mixed
dexterously,2.59,mixed
drift apart,2.59,mixed
duskily,2.59,mixed
fade away,2.59,mixed
finish off,2.59,mixed
fretless,2.59,mixed
germproof,2.59,mixed
give up,2.59,mixed
hang out,2.59,mixed
hulky,2.59,mixed
impeacher,2.59,mixed
looking towards,2.59,mixed
micromanipulation,2.59,mixed
outhit,2.59,mixed
quakeproof,2.59,mixed
resubmission,2.59,mixed
run down,2.59,mixed
semimonthly,2.59,mixed
sluttish,2.59,mixed
sort out,2.59,mixed
soulmate,2.59,mixed
spaciousness,2.59,mixed
sturdiness,2.59,mixed
turn down,2.59,mixed
tweaker,2.59,mixed
caustic,2.6,mixed
fluctuating,2.6,mixed
inflammatory,2.6,mixed
late,2.6,mixed
paranormal,2.6,mixed
phonetic,2.6,mixed
rowdy,2.6,mixed
sickly,2.6,mixed
spangled,2.6,mixed
squalid,2.6,mixed
totalitarian,2.6,mixed
unscripted,2.6,mixed
unsinkable,2.6,mixed
lightly,2.6,mixed
acquisition,2.6,mixed
antics,2.6,mixed
backswept,2.6,mixed
commemoration,2.6,mixed
dream,2.6,mixed
ethnicity,2.6,mixed
ferociousness,2.6,mixed
gall,2.6,mixed
happiness,2.6,mixed
improvement,2.6,mixed
juggernaut,2.6,mixed
larceny,2.6,mixed
leverage,2.6,mixed
lightness,2.6,mixed
mediation,2.6,mixed
poundage,2.6,mixed
propulsion,2.6,mixed
retrovirus,2.6,mixed
ritual,2.6,mixed
sojourner,2.6,mixed
sponsorship,2.6,mixed
sustainer,2.6,mixed
tension,2.6,mixed
trendsetter,2.6,mixed
venture,2.6,mixed
vigil,2.6,mixed
wizardry,2.6,mixed
categorize,2.6,mixed
complain,2.6,mixed
construct,2.6,mixed
diddle,2.6,mixed
faced,2.6,mixed
forecasting,2.6,mixed
indict,2.6,mixed
miniaturize,2.6,mixed
pleading,2.6,mixed
possess,2.6,mixed
sent,2.6,mixed
shamble,2.6,mixed
swooned,2.6,mixed
tattling,2.6,mixed
transact,2.6,mixed
unwinding,2.6,mixed
weighting,2.6,mixed
acidify,2.6,mixed
april fool,2.6,mixed
boltlike,2.6,mixed
coinheritance,2.6,mixed
controversialist,2.6,mixed
deadness,2.6,mixed
deselect,2.6,mixed
exhibitory,2.6,mixed
heliocentric,2.6,mixed
indigestive,2.6,mixed
interest rate,2.6,mixed
lamenter,2.6,mixed
leechlike,2.6,mixed
monohydrated,2.6,mixed
nongaseous,2.6,mixed
obstetrical,2.6,mixed
quest for,2.6,mixed
reciprocator,2.6,mixed
recommender,2.6,mixed
reel off,2.6,mixed
tired of,2.6,mixed
truncate,2.6,mixed
tunable,2.6,mixed
unmagnified,2.6,mixed
unsexed,2.6,mixed
uprightly,2.6,mixed
watch out,2.6,mixed
witchlike,2.6,mixed
withdrawer,2.6,mixed
woodenly,2.6,mixed
advancing,2.61,mixed
aggravated,2.61,mixed
ballistic,2.61,mixed
boldfaced,2.61,mixed
conducive,2.61,mixed
cottony,2.61,mixed
cozy,2.61,mixed
fine,2.61,mixed
fussy,2.61,mixed
hideous,2.61,mixed
intermittent,2.61,mixed
invigorated,2.61,mixed
lethargic,2.61,mixed
mighty,2.61,mixed
minor,2.61,mixed
noninfectious,2.61,mixed
orchestral,2.61,mixed
pregnable,2.61,mixed
salvageable,2.61,mixed
spastic,2.61,mixed
stranded,2.61,mixed
stuffy,2.61,mixed
nautically,2.61,mixed
united,2.61,mixed
ally,2.61,mixed
ascent,2.61,mixed
digitization,2.61,mixed
evolution,2.61,mixed
expiration,2.61,mixed
extrusion,2.61,mixed
fucker,2.61,mixed
netherworld,2.61,mixed
pledge,2.61,mixed
psychiatry,2.61,mixed
recondition,2.61,mixed
sense,2.61,mixed
sequester,2.61,mixed
sexuality,2.61,mixed
solution,2.61,mixed
tradeoff,2.61,mixed
hers,2.61,mixed
airing,2.61,mixed
cased,2.61,mixed
coining,2.61,mixed
confirming,2.61,mixed
descending,2.61,mixed
distilling,2.61,mixed
encourage,2.61,mixed
gotten,2.61,mixed
increase,2.61,mixed
outsell,2.61,mixed
praise,2.61,mixed
refrain,2.61,mixed
remade,2.61,mixed
rend,2.61,mixed
reschedule,2.61,mixed
settled,2.61,mixed
shagged,2.61,mixed
streamline,2.61,mixed
sublease,2.61,mixed
swapping,2.61,mixed
took,2.61,mixed
trundling,2.61,mixed
cash in,2.61,mixed
coercer,2.61,mixed
corrodible,2.61,mixed
cyclically,2.61,mixed
day shift,2.61,mixed
disbandment,2.61,mixed
glower,2.61,mixed
hazardousness,2.61,mixed
highbred,2.61,mixed
hyperthyroidism,2.61,mixed
misarrange,2.61,mixed
multifunctional,2.61,mixed
numerate,2.61,mixed
off guard,2.61,mixed
pass away,2.61,mixed
shrug off,2.61,mixed
simulant,2.61,mixed
steerable,2.61,mixed
stoppable,2.61,mixed
upturn,2.61,mixed
algebraic,2.62,mixed
carcinogenic,2.62,mixed
confident,2.62,mixed
consensual,2.62,mixed
decodable,2.62,mixed
drowsy,2.62,mixed
ecological,2.62,mixed
engrossed,2.62,mixed
fierce,2.62,mixed
flavorless,2.62,mixed
footsy,2.62,mixed
forensic,2.62,mixed
glutinous,2.62,mixed
goofy,2.62,mixed
hostile,2.62,mixed
hypertensive,2.62,mixed
impenetrable,2.62,mixed
metamorphic,2.62,mixed
meteorological,2.62,mixed
militant,2.62,mixed
miniscule,2.62,mixed
neurobiological,2.62,mixed
oceanographic,2.62,mixed
omnivorous,2.62,mixed
orthographic,2.62,mixed
portable,2.62,mixed
relaxing,2.62,mixed
residential,2.62,mixed
southern,2.62,mixed
sporty,2.62,mixed
sprawling,2.62,mixed
unborn,2.62,mixed
unclaimed,2.62,mixed
wifeless,2.62,mixed
permanently,2.62,mixed
upside,2.62,mixed
bender,2.62,mixed
foreteller,2.62,mixed
acknowledgement,2.62,mixed
alarmist,2.62,mixed
baroque,2.62,mixed
biogenetics,2.62,mixed
charity,2.62,mixed
cocksucker,2.62,mixed
coherence,2.62,mixed
descendent,2.62,mixed
disbar,2.62,mixed
equilibrium,2.62,mixed
fallout,2.62,mixed
frailty,2.62,mixed
harm,2.62,mixed
induction,2.62,mixed
outcast,2.62,mixed
photojournalism,2.62,mixed
position,2.62,mixed
preorder,2.62,mixed
procreator,2.62,mixed
quarantining,2.62,mixed
rascal,2.62,mixed
reformist,2.62,mixed
scenario,2.62,mixed
slowness,2.62,mixed
staffing,2.62,mixed
stress,2.62,mixed
subhuman,2.62,mixed
subsection,2.62,mixed
synchronization,2.62,mixed
togetherness,2.62,mixed
torment,2.62,mixed
upscale,2.62,mixed
void,2.62,mixed
whir,2.62,mixed
adhere,2.62,mixed
choose,2.62,mixed
create,2.62,mixed
decompressing,2.62,mixed
disband,2.62,mixed
dwell,2.62,mixed
exclude,2.62,mixed
hacked,2.62,mixed
introduce,2.62,mixed
jeer,2.62,mixed
labored,2.62,mixed
led,2.62,mixed
mobilize,2.62,mixed
multiplying,2.62,mixed
overburden,2.62,mixed
paled,2.62,mixed
refracted,2.62,mixed
reiterated,2.62,mixed
reversed,2.62,mixed
routing,2.62,mixed
schooled,2.62,mixed
shaping,2.62,mixed
shipped,2.62,mixed
strained,2.62,mixed
unscrambling,2.62,mixed
worship,2.62,mixed
abstainer,2.62,mixed
add up,2.62,mixed
assistantship,2.62,mixed
astonisher,2.62,mixed
bigmouthed,2.62,mixed
catalysis,2.62,mixed
chat up,2.62,mixed
circumscribe,2.62,mixed
clownery,2.62,mixed
cohesiveness,2.62,mixed
counterblast,2.62,mixed
defeater,2.62,mixed
deflective,2.62,mixed
disapprover,2.62,mixed
disorganizer,2.62,mixed
disproportional,2.62,mixed
economic growth,2.62,mixed
electrolytic,2.62,mixed
fishable,2.62,mixed
foreboder,2.62,mixed
frigidness,2.62,mixed
gastroenterological,2.62,mixed
gratifier,2.62,mixed
grouchiness,2.62,mixed
heightener,2.62,mixed
inextinguishable,2.62,mixed
maternally,2.62,mixed
mythmaker,2.62,mixed
opaquely,2.62,mixed
overtreatment,2.62,mixed
parching,2.62,mixed
pearlescent,2.62,mixed
permeation,2.62,mixed
photoactive,2.62,mixed
resolver,2.62,mixed
root out,2.62,mixed
sectored,2.62,mixed
sevenfold,2.62,mixed
spindled,2.62,mixed
swimmable,2.62,mixed
tastiness,2.62,mixed
unmelodic,2.62,mixed
unreeled,2.62,mixed
vapory,2.62,mixed
venomousness,2.62,mixed
bubonic,2.63,mixed
conductive,2.63,mixed
environmental,2.63,mixed
extendable,2.63,mixed
generative,2.63,mixed
generic,2.63,mixed
handsome,2.63,mixed
hardened,2.63,mixed
insoluble,2.63,mixed
interstellar,2.63,mixed
janitorial,2.63,mixed
jumpy,2.63,mixed
nationwide,2.63,mixed
oncoming,2.63,mixed
overexposed,2.63,mixed
parasitic,2.63,mixed
pediatric,2.63,mixed
playful,2.63,mixed
reproductive,2.63,mixed
separable,2.63,mixed
unenclosed,2.63,mixed
unmapped,2.63,mixed
unresponsive,2.63,mixed
cautiously,2.63,mixed
evenly,2.63,mixed
upwards,2.63,mixed
hooray,2.63,mixed
narcissus,2.63,mixed
birthrate,2.63,mixed
boohoo,2.63,mixed
burden,2.63,mixed
cavalier,2.63,mixed
clash,2.63,mixed
cleanliness,2.63,mixed
consignment,2.63,mixed
counterpart,2.63,mixed
deflation,2.63,mixed
deposer,2.63,mixed
deterrent,2.63,mixed
diagnosis,2.63,mixed
disorganization,2.63,mixed
disrupter,2.63,mixed
edict,2.63,mixed
explosiveness,2.63,mixed
forfeiture,2.63,mixed
fundraising,2.63,mixed
goddess,2.63,mixed
grassroots,2.63,mixed
harmonics,2.63,mixed
hertz,2.63,mixed
heterosexuality,2.63,mixed
libido,2.63,mixed
linguistics,2.63,mixed
localization,2.63,mixed
loophole,2.63,mixed
master,2.63,mixed
matriarchy,2.63,mixed
meteorology,2.63,mixed
millennium,2.63,mixed
prequel,2.63,mixed
relocation,2.63,mixed
reprimand,2.63,mixed
reversal,2.63,mixed
sissy,2.63,mixed
squabble,2.63,mixed
wartime,2.63,mixed
wealth,2.63,mixed
worrywart,2.63,mixed
apologize,2.63,mixed
approaching,2.63,mixed
bustled,2.63,mixed
deflected,2.63,mixed
dissemble,2.63,mixed
enunciate,2.63,mixed
find,2.63,mixed
forfeit,2.63,mixed
fortifying,2.63,mixed
hounding,2.63,mixed
hurry,2.63,mixed
inaugurate,2.63,mixed
keeled,2.63,mixed
misidentify,2.63,mixed
mispronounce,2.63,mixed
observe,2.63,mixed
organized,2.63,mixed
outweigh,2.63,mixed
overtake,2.63,mixed
pamper,2.63,mixed
picked,2.63,mixed
pronounce,2.63,mixed
ravish,2.63,mixed
redeploy,2.63,mixed
refresh,2.63,mixed
regenerate,2.63,mixed
reimburse,2.63,mixed
rejoicing,2.63,mixed
reliever,2.63,mixed
remount,2.63,mixed
saved,2.63,mixed
scouting,2.63,mixed
surrender,2.63,mixed
threaten,2.63,mixed
unbound,2.63,mixed
underexpose,2.63,mixed
churchlike,2.63,mixed
close call,2.63,mixed
community service,2.63,mixed
consumable,2.63,mixed
cool down,2.63,mixed
elaborator,2.63,mixed
extinguishable,2.63,mixed
horizontalness,2.63,mixed
influencer,2.63,mixed
mineralization,2.63,mixed
monkeylike,2.63,mixed
native language,2.63,mixed
noncertified,2.63,mixed
overlabor,2.63,mixed
pissed off,2.63,mixed
quantifier,2.63,mixed
segregationist,2.63,mixed
take root,2.63,mixed
take up,2.63,mixed
thinktank,2.63,mixed
undrafted,2.63,mixed
unshipped,2.63,mixed
unstuffed,2.63,mixed
unsubscribing,2.63,mixed
anaerobic,2.64,mixed
attractive,2.64,mixed
auxiliary,2.64,mixed
bipolar,2.64,mixed
cheery,2.64,mixed
complementary,2.64,mixed
flexible,2.64,mixed
fluttery,2.64,mixed
greedy,2.64,mixed
housebound,2.64,mixed
inclined,2.64,mixed
incremental,2.64,mixed
inebriated,2.64,mixed
intact,2.64,mixed
leaded,2.64,mixed
loyalist,2.64,mixed
multidirectional,2.64,mixed
multipurpose,2.64,mixed
neurologic,2.64,mixed
nonresidential,2.64,mixed
operative,2.64,mixed
pathless,2.64,mixed
prehistorical,2.64,mixed
productive,2.64,mixed
remaining,2.64,mixed
robust,2.64,mixed
sexy,2.64,mixed
sulfuric,2.64,mixed
swifter,2.64,mixed
uncoordinated,2.64,mixed
unoccupied,2.64,mixed
aloft,2.64,mixed
lethally,2.64,mixed
mechanically,2.64,mixed
nonstop,2.64,mixed
secretively,2.64,mixed
smoothly,2.64,mixed
same,2.64,mixed
whoosh,2.64,mixed
haggard,2.64,mixed
accumulator,2.64,mixed
acronym,2.64,mixed
anecdote,2.64,mixed
annuity,2.64,mixed
assent,2.64,mixed
autoimmune,2.64,mixed
bigamy,2.64,mixed
cakewalk,2.64,mixed
consequence,2.64,mixed
contrast,2.64,mixed
couture,2.64,mixed
craftsmanship,2.64,mixed
cynic,2.64,mixed
demander,2.64,mixed
diction,2.64,mixed
digitalization,2.64,mixed
disbursement,2.64,mixed
distributorship,2.64,mixed
downbeat,2.64,mixed
dyslexia,2.64,mixed
ecology,2.64,mixed
excuser,2.64,mixed
goodie,2.64,mixed
immersion,2.64,mixed
kilter,2.64,mixed
liquidity,2.64,mixed
modulation,2.64,mixed
naysayer,2.64,mixed
odyssey,2.64,mixed
overexcitement,2.64,mixed
overheads,2.64,mixed
permeability,2.64,mixed
scam,2.64,mixed
smithereens,2.64,mixed
superconductivity,2.64,mixed
tamer,2.64,mixed
telekinesis,2.64,mixed
touchstone,2.64,mixed
trivia,2.64,mixed
tryout,2.64,mixed
upstart,2.64,mixed
victimizer,2.64,mixed
withholder,2.64,mixed
blubbering,2.64,mixed
bottomed,2.64,mixed
compile,2.64,mixed
curing,2.64,mixed
dispersed,2.64,mixed
earthed,2.64,mixed
extracted,2.64,mixed
identify,2.64,mixed
moneymaking,2.64,mixed
muffed,2.64,mixed
overbid,2.64,mixed
plodding,2.64,mixed
priming,2.64,mixed
reacquire,2.64,mixed
recover,2.64,mixed
redress,2.64,mixed
reprocess,2.64,mixed
resisting,2.64,mixed
respond,2.64,mixed
resurrect,2.64,mixed
solicited,2.64,mixed
structured,2.64,mixed
tempered,2.64,mixed
used,2.64,mixed
will,2.64,mixed
aquaculture,2.64,mixed
breakpoint,2.64,mixed
carnivorousness,2.64,mixed
case load,2.64,mixed
closable,2.64,mixed
coachwork,2.64,mixed
cockish,2.64,mixed
coldish,2.64,mixed
collectivist,2.64,mixed
culturist,2.64,mixed
decongestive,2.64,mixed
demography,2.64,mixed
demonstrational,2.64,mixed
detox,2.64,mixed
discusser,2.64,mixed
dispense with,2.64,mixed
embryological,2.64,mixed
flamboyantly,2.64,mixed
flatulency,2.64,mixed
gapingly,2.64,mixed
grandparental,2.64,mixed
homogenize,2.64,mixed
hypersensitiveness,2.64,mixed
ill feeling,2.64,mixed
journalize,2.64,mixed
landowning,2.64,mixed
liverless,2.64,mixed
long haul,2.64,mixed
lusterless,2.64,mixed
name calling,2.64,mixed
neglecter,2.64,mixed
nervous breakdown,2.64,mixed
nonresident,2.64,mixed
ourself,2.64,mixed
overcool,2.64,mixed
primetime,2.64,mixed
purchasable,2.64,mixed
rehabilitative,2.64,mixed
split decision,2.64,mixed
spotlessness,2.64,mixed
subcategory,2.64,mixed
tax shelter,2.64,mixed
tribalism,2.64,mixed
tubbiness,2.64,mixed
unordered,2.64,mixed
weightiness,2.64,mixed
winterization,2.64,mixed
angelical,2.65,mixed
bisexual,2.65,mixed
collegial,2.65,mixed
cybernetic,2.65,mixed
formable,2.65,mixed
hurtful,2.65,mixed
hydrochloric,2.65,mixed
hysterical,2.65,mixed
lactic,2.65,mixed
masturbatory,2.65,mixed
monolithic,2.65,mixed
prenuptial,2.65,mixed
reactant,2.65,mixed
scriptural,2.65,mixed
snappy,2.65,mixed
swishy,2.65,mixed
undersized,2.65,mixed
unexploded,2.65,mixed
unused,2.65,mixed
noiselessly,2.65,mixed
upwardly,2.65,mixed
volcanically,2.65,mixed
bohemia,2.65,mixed
articulation,2.65,mixed
benchmarking,2.65,mixed
bewitcher,2.65,mixed
citizenry,2.65,mixed
colorfast,2.65,mixed
conduction,2.65,mixed
cosmopolitan,2.65,mixed
cosponsor,2.65,mixed
crossover,2.65,mixed
deadweight,2.65,mixed
estimate,2.65,mixed
exotica,2.65,mixed
gamey,2.65,mixed
gamut,2.65,mixed
illuminati,2.65,mixed
lightener,2.65,mixed
limbo,2.65,mixed
logarithm,2.65,mixed
minority,2.65,mixed
nimrod,2.65,mixed
overabundance,2.65,mixed
prospectus,2.65,mixed
provision,2.65,mixed
rental,2.65,mixed
restoration,2.65,mixed
retune,2.65,mixed
sandman,2.65,mixed
segregation,2.65,mixed
signatory,2.65,mixed
steadiness,2.65,mixed
switchover,2.65,mixed
tinge,2.65,mixed
budge,2.65,mixed
compensate,2.65,mixed
converge,2.65,mixed
cultivated,2.65,mixed
curtailed,2.65,mixed
decimate,2.65,mixed
elude,2.65,mixed
entrenched,2.65,mixed
fret,2.65,mixed
mishear,2.65,mixed
outrace,2.65,mixed
outsized,2.65,mixed
petrify,2.65,mixed
slinking,2.65,mixed
supercharge,2.65,mixed
amphibiously,2.65,mixed
ascender,2.65,mixed
autographic,2.65,mixed
axially,2.65,mixed
beamlike,2.65,mixed
brawniness,2.65,mixed
browbeater,2.65,mixed
burn out,2.65,mixed
childlessness,2.65,mixed
companionless,2.65,mixed
confirmer,2.65,mixed
corrosiveness,2.65,mixed
cumulate,2.65,mixed
disarrangement,2.65,mixed
divisor,2.65,mixed
entrench,2.65,mixed
exclaimer,2.65,mixed
externals,2.65,mixed
fanlike,2.65,mixed
fashionmonger,2.65,mixed
harrassment,2.65,mixed
imposer,2.65,mixed
iridescently,2.65,mixed
laboratorial,2.65,mixed
luminousness,2.65,mixed
monochromatically,2.65,mixed
multilingual,2.65,mixed
nonperformer,2.65,mixed
ovenproof,2.65,mixed
reforest,2.65,mixed
remanufacture,2.65,mixed
seaming,2.65,mixed
searchable,2.65,mixed
thyroidal,2.65,mixed
touchiness,2.65,mixed
track down,2.65,mixed
unbranded,2.65,mixed
unnourished,2.65,mixed
whisperingly,2.65,mixed
ascending,2.66,mixed
homebound,2.66,mixed
hormonal,2.66,mixed
interplanetary,2.66,mixed
secretarial,2.66,mixed
unadorned,2.66,mixed
unfiltered,2.66,mixed
bilaterally,2.66,mixed
forward,2.66,mixed
organically,2.66,mixed
structurally,2.66,mixed
agenda,2.66,mixed
deadline,2.66,mixed
deceiver,2.66,mixed
designator,2.66,mixed
disembody,2.66,mixed
distress,2.66,mixed
immobilizer,2.66,mixed
parole,2.66,mixed
politics,2.66,mixed
pro,2.66,mixed
riffraff,2.66,mixed
shares,2.66,mixed
statehood,2.66,mixed
tiptop,2.66,mixed
ascend,2.66,mixed
calculated,2.66,mixed
compensating,2.66,mixed
congregate,2.66,mixed
cornered,2.66,mixed
debug,2.66,mixed
distort,2.66,mixed
doing,2.66,mixed
imitate,2.66,mixed
invent,2.66,mixed
jolting,2.66,mixed
morphing,2.66,mixed
punish,2.66,mixed
reenter,2.66,mixed
registered,2.66,mixed
rummage,2.66,mixed
taken,2.66,mixed
classifier,2.66,mixed
control freak,2.66,mixed
deliberator,2.66,mixed
full term,2.66,mixed
high spirits,2.66,mixed
master plan,2.66,mixed
microbiologic,2.66,mixed
multiracial,2.66,mixed
on guard,2.66,mixed
reinterpret,2.66,mixed
wedding anniversary,2.66,mixed
archaeological,2.67,mixed
cloudlike,2.67,mixed
communal,2.67,mixed
denatured,2.67,mixed
digestive,2.67,mixed
drivable,2.67,mixed
effervescent,2.67,mixed
fatherless,2.67,mixed
final,2.67,mixed
geological,2.67,mixed
infirm,2.67,mixed
lazy,2.67,mixed
minuscule,2.67,mixed
nocturnal,2.67,mixed
nonproductive,2.67,mixed
nontoxic,2.67,mixed
photosensitive,2.67,mixed
ramshackle,2.67,mixed
readymade,2.67,mixed
rural,2.67,mixed
sterile,2.67,mixed
tenantless,2.67,mixed
thermonuclear,2.67,mixed
turbulent,2.67,mixed
ultramodern,2.67,mixed
unanswered,2.67,mixed
unglued,2.67,mixed
unhand,2.67,mixed
unpolluted,2.67,mixed
untreated,2.67,mixed
womanish,2.67,mixed
blindly,2.67,mixed
downwardly,2.67,mixed
laboriously,2.67,mixed
noisily,2.67,mixed
partially,2.67,mixed
smilingly,2.67,mixed
hi,2.67,mixed
hawking,2.67,mixed
ostracize,2.67,mixed
analog,2.67,mixed
aura,2.67,mixed
betrothal,2.67,mixed
bungler,2.67,mixed
caste,2.67,mixed
castoff,2.67,mixed
conductivity,2.67,mixed
coolness,2.67,mixed
deportment,2.67,mixed
derailment,2.67,mixed
dialect,2.67,mixed
dingbat,2.67,mixed
dinky,2.67,mixed
disinfection,2.67,mixed
distension,2.67,mixed
diversion,2.67,mixed
doohickey,2.67,mixed
electorate,2.67,mixed
embezzlement,2.67,mixed
escapade,2.67,mixed
freebie,2.67,mixed
heroism,2.67,mixed
hoax,2.67,mixed
incursion,2.67,mixed
jabber,2.67,mixed
lookup,2.67,mixed
masculinity,2.67,mixed
moralist,2.67,mixed
noon,2.67,mixed
peon,2.67,mixed
pinnacle,2.67,mixed
procedure,2.67,mixed
proof,2.67,mixed
quickie,2.67,mixed
retailing,2.67,mixed
retardant,2.67,mixed
style,2.67,mixed
submersion,2.67,mixed
taxation,2.67,mixed
toil,2.67,mixed
tribute,2.67,mixed
violation,2.67,mixed
vocalization,2.67,mixed
unlike,2.67,mixed
anybody,2.67,mixed
christened,2.67,mixed
consort,2.67,mixed
conspire,2.67,mixed
evade,2.67,mixed
extradite,2.67,mixed
grading,2.67,mixed
harass,2.67,mixed
headed,2.67,mixed
isolate,2.67,mixed
leasing,2.67,mixed
lost,2.67,mixed
make,2.67,mixed
obey,2.67,mixed
ogle,2.67,mixed
populate,2.67,mixed
ramping,2.67,mixed
received,2.67,mixed
retouching,2.67,mixed
slows,2.67,mixed
testify,2.67,mixed
transferring,2.67,mixed
undulated,2.67,mixed
untwine,2.67,mixed
voicing,2.67,mixed
win,2.67,mixed
abridgment,2.67,mixed
approver,2.67,mixed
asexuality,2.67,mixed
assumer,2.67,mixed
beefiness,2.67,mixed
blend in,2.67,mixed
bounce back,2.67,mixed
curer,2.67,mixed
dancingly,2.67,mixed
death rate,2.67,mixed
declarer,2.67,mixed
decomposable,2.67,mixed
disgruntle,2.67,mixed
displayable,2.67,mixed
drugless,2.67,mixed
everblooming,2.67,mixed
fountainless,2.67,mixed
get along,2.67,mixed
heads up,2.67,mixed
inaudibly,2.67,mixed
keep up,2.67,mixed
kingless,2.67,mixed
microphysics,2.67,mixed
mutedly,2.67,mixed
nonregistered,2.67,mixed
on leave,2.67,mixed
oversize,2.67,mixed
prime time,2.67,mixed
relativist,2.67,mixed
relicense,2.67,mixed
rotatable,2.67,mixed
semidried,2.67,mixed
shoddiness,2.67,mixed
skywards,2.67,mixed
thermoregulation,2.67,mixed
title role,2.67,mixed
traceably,2.67,mixed
tremblingly,2.67,mixed
uncondensed,2.67,mixed
unfiled,2.67,mixed
unsmilingly,2.67,mixed
unsubscribed,2.67,mixed
work off,2.67,mixed
acrid,2.68,mixed
babyish,2.68,mixed
bluish,2.68,mixed
chemotherapeutic,2.68,mixed
crunchable,2.68,mixed
dapper,2.68,mixed
deafening,2.68,mixed
elaborate,2.68,mixed
flowery,2.68,mixed
germfree,2.68,mixed
grungy,2.68,mixed
implosive,2.68,mixed
organic,2.68,mixed
politic,2.68,mixed
psychokinetic,2.68,mixed
refractory,2.68,mixed
sleepless,2.68,mixed
smallish,2.68,mixed
snippy,2.68,mixed
transient,2.68,mixed
unequipped,2.68,mixed
unilateral,2.68,mixed
vehicular,2.68,mixed
breathlessly,2.68,mixed
forcefully,2.68,mixed
forcibly,2.68,mixed
fourthly,2.68,mixed
legibly,2.68,mixed
musically,2.68,mixed
fiddlesticks,2.68,mixed
wham,2.68,mixed
josh,2.68,mixed
accreditation,2.68,mixed
aggression,2.68,mixed
ambassadorship,2.68,mixed
bachelorhood,2.68,mixed
bankruptcy,2.68,mixed
bisexuality,2.68,mixed
bitchiness,2.68,mixed
blockhead,2.68,mixed
byte,2.68,mixed
challenger,2.68,mixed
clique,2.68,mixed
counterirritant,2.68,mixed
custom,2.68,mixed
dabbler,2.68,mixed
danger,2.68,mixed
decree,2.68,mixed
ditz,2.68,mixed
elongation,2.68,mixed
entity,2.68,mixed
error,2.68,mixed
expanse,2.68,mixed
expressionist,2.68,mixed
gains,2.68,mixed
gentile,2.68,mixed
guardianship,2.68,mixed
holdout,2.68,mixed
insomnia,2.68,mixed
luminosity,2.68,mixed
novice,2.68,mixed
problem,2.68,mixed
proofing,2.68,mixed
recovery,2.68,mixed
repossession,2.68,mixed
resistance,2.68,mixed
reverb,2.68,mixed
reverberation,2.68,mixed
ruddiness,2.68,mixed
severance,2.68,mixed
sleight,2.68,mixed
swindle,2.68,mixed
thermo,2.68,mixed
tiredness,2.68,mixed
twit,2.68,mixed
uppers,2.68,mixed
yearlong,2.68,mixed
yuppie,2.68,mixed
assail,2.68,mixed
bless,2.68,mixed
chastise,2.68,mixed
connected,2.68,mixed
decrease,2.68,mixed
disburse,2.68,mixed
disintegrate,2.68,mixed
downsize,2.68,mixed
endow,2.68,mixed
inseminate,2.68,mixed
intercepting,2.68,mixed
navigate,2.68,mixed
overbill,2.68,mixed
overrun,2.68,mixed
produced,2.68,mixed
reviving,2.68,mixed
roaming,2.68,mixed
seek,2.68,mixed
selected,2.68,mixed
skew,2.68,mixed
submit,2.68,mixed
thirsting,2.68,mixed
wait,2.68,mixed
withhold,2.68,mixed
appropriator,2.68,mixed
chunkily,2.68,mixed
clasher,2.68,mixed
clocklike,2.68,mixed
destructibility,2.68,mixed
dietetics,2.68,mixed
dispensatory,2.68,mixed
drift off,2.68,mixed
dry run,2.68,mixed
exonerator,2.68,mixed
flurried,2.68,mixed
fourfold,2.68,mixed
fragmentize,2.68,mixed
frumpiness,2.68,mixed
indecomposable,2.68,mixed
instructorship,2.68,mixed
judger,2.68,mixed
lengthways,2.68,mixed
meatiness,2.68,mixed
nonparticipating,2.68,mixed
overcapacity,2.68,mixed
phonic,2.68,mixed
piss off,2.68,mixed
presentational,2.68,mixed
racketing,2.68,mixed
retweet,2.68,mixed
slothfully,2.68,mixed
social security,2.68,mixed
soundlessness,2.68,mixed
stick out,2.68,mixed
superabundance,2.68,mixed
talkfest,2.68,mixed
unbitten,2.68,mixed
unblinkingly,2.68,mixed
unburnable,2.68,mixed
unprimed,2.68,mixed
unreached,2.68,mixed
wieldable,2.68,mixed
athletic,2.69,mixed
bodily,2.69,mixed
colossal,2.69,mixed
fruity,2.69,mixed
impressionist,2.69,mixed
mid,2.69,mixed
neuropathic,2.69,mixed
nourishing,2.69,mixed
parental,2.69,mixed
preceding,2.69,mixed
riper,2.69,mixed
structural,2.69,mixed
uncharted,2.69,mixed
undamaged,2.69,mixed
unfed,2.69,mixed
unmilitary,2.69,mixed
knightly,2.69,mixed
monetarily,2.69,mixed
shakily,2.69,mixed
another,2.69,mixed
superfine,2.69,mixed
annihilation,2.69,mixed
autism,2.69,mixed
bidding,2.69,mixed
cloning,2.69,mixed
colonization,2.69,mixed
complaint,2.69,mixed
covenant,2.69,mixed
crux,2.69,mixed
customizer,2.69,mixed
deaconship,2.69,mixed
enchanter,2.69,mixed
engineering,2.69,mixed
event,2.69,mixed
extortion,2.69,mixed
forces,2.69,mixed
frequency,2.69,mixed
impeachment,2.69,mixed
inaccuracy,2.69,mixed
indenture,2.69,mixed
inflow,2.69,mixed
integrator,2.69,mixed
kleptomania,2.69,mixed
legion,2.69,mixed
life,2.69,mixed
masochism,2.69,mixed
mastery,2.69,mixed
millisecond,2.69,mixed
monopoly,2.69,mixed
networking,2.69,mixed
neutron,2.69,mixed
omen,2.69,mixed
overload,2.69,mixed
rebound,2.69,mixed
reshaping,2.69,mixed
rottenness,2.69,mixed
scratchy,2.69,mixed
sharpness,2.69,mixed
skirmish,2.69,mixed
swagger,2.69,mixed
trifle,2.69,mixed
underdone,2.69,mixed
weightlessness,2.69,mixed
abscessed,2.69,mixed
anaesthetize,2.69,mixed
brutalize,2.69,mixed
burglarproof,2.69,mixed
coaching,2.69,mixed
dedicate,2.69,mixed
disengage,2.69,mixed
embezzle,2.69,mixed
enrage,2.69,mixed
going,2.69,mixed
gossiping,2.69,mixed
linking,2.69,mixed
mention,2.69,mixed
narrate,2.69,mixed
receive,2.69,mixed
ridding,2.69,mixed
scavenge,2.69,mixed
secure,2.69,mixed
tattle,2.69,mixed
ticked,2.69,mixed
translate,2.69,mixed
accelerative,2.69,mixed
alleviator,2.69,mixed
biochemically,2.69,mixed
coastally,2.69,mixed
deflectable,2.69,mixed
destructivity,2.69,mixed
engulfment,2.69,mixed
feverishness,2.69,mixed
gynecologic,2.69,mixed
head start,2.69,mixed
kittenishly,2.69,mixed
mouth off,2.69,mixed
nonsubscriber,2.69,mixed
numeration,2.69,mixed
preregister,2.69,mixed
reclose,2.69,mixed
sleeplessly,2.69,mixed
special education,2.69,mixed
tensionless,2.69,mixed
ultraviolent,2.69,mixed
unrigging,2.69,mixed
worked up,2.69,mixed
absent,2.7,mixed
afraid,2.7,mixed
bilateral,2.7,mixed
cadaverous,2.7,mixed
complete,2.7,mixed
congestive,2.7,mixed
cyclic,2.7,mixed
darned,2.7,mixed
deadly,2.7,mixed
destructible,2.7,mixed
featureless,2.7,mixed
formal,2.7,mixed
hasty,2.7,mixed
herbivorous,2.7,mixed
orgasmic,2.7,mixed
ornamental,2.7,mixed
pedigreed,2.7,mixed
poor,2.7,mixed
prefrontal,2.7,mixed
repetitious,2.7,mixed
rustic,2.7,mixed
sizable,2.7,mixed
sizeable,2.7,mixed
storable,2.7,mixed
thinner,2.7,mixed
unanimous,2.7,mixed
unhealthy,2.7,mixed
unyielding,2.7,mixed
uppermost,2.7,mixed
clammily,2.7,mixed
farther,2.7,mixed
forensically,2.7,mixed
eve,2.7,mixed
apprenticeship,2.7,mixed
cadence,2.7,mixed
connoisseur,2.7,mixed
contamination,2.7,mixed
conversationalist,2.7,mixed
coverage,2.7,mixed
crosscurrent,2.7,mixed
delegation,2.7,mixed
disturbance,2.7,mixed
emigration,2.7,mixed
encourager,2.7,mixed
epidemiology,2.7,mixed
equilateral,2.7,mixed
ghoul,2.7,mixed
grief,2.7,mixed
inquiry,2.7,mixed
instant,2.7,mixed
interception,2.7,mixed
loaner,2.7,mixed
markup,2.7,mixed
millionth,2.7,mixed
miscreant,2.7,mixed
misogynist,2.7,mixed
morph,2.7,mixed
multisystem,2.7,mixed
nurturer,2.7,mixed
oldness,2.7,mixed
pang,2.7,mixed
percent,2.7,mixed
pushover,2.7,mixed
reflexology,2.7,mixed
replacer,2.7,mixed
routine,2.7,mixed
snob,2.7,mixed
stupor,2.7,mixed
tabulation,2.7,mixed
testament,2.7,mixed
tribunal,2.7,mixed
underwriting,2.7,mixed
unsnarl,2.7,mixed
utterance,2.7,mixed
vintage,2.7,mixed
vocation,2.7,mixed
anyone,2.7,mixed
bedded,2.7,mixed
coax,2.7,mixed
fit,2.7,mixed
impacted,2.7,mixed
looks,2.7,mixed
megawatt,2.7,mixed
misdeal,2.7,mixed
multitasking,2.7,mixed
reconvene,2.7,mixed
retelling,2.7,mixed
scrounging,2.7,mixed
send,2.7,mixed
sneaking,2.7,mixed
stated,2.7,mixed
tormenting,2.7,mixed
undone,2.7,mixed
upend,2.7,mixed
waiting,2.7,mixed
worming,2.7,mixed
wrenched,2.7,mixed
absolutist,2.7,mixed
bogged down,2.7,mixed
brazenfaced,2.7,mixed
cold turkey,2.7,mixed
come along,2.7,mixed
creakiness,2.7,mixed
differentiator,2.7,mixed
dirty trick,2.7,mixed
dischargeable,2.7,mixed
fall apart,2.7,mixed
foulmouthed,2.7,mixed
gigabit,2.7,mixed
golden anniversary,2.7,mixed
good example,2.7,mixed
habilitation,2.7,mixed
hang back,2.7,mixed
illustratively,2.7,mixed
invoker,2.7,mixed
mineralize,2.7,mixed
nippiness,2.7,mixed
noncitizen,2.7,mixed
nordic,2.7,mixed
painfulness,2.7,mixed
penetratingly,2.7,mixed
plagiarizer,2.7,mixed
power play,2.7,mixed
rewoven,2.7,mixed
scaleable,2.7,mixed
sheerness,2.7,mixed
think tank,2.7,mixed
transparence,2.7,mixed
transplantable,2.7,mixed
unseaworthy,2.7,mixed
unstaffed,2.7,mixed
voluptuousness,2.7,mixed
adrift,2.71,mixed
anointed,2.71,mixed
central,2.71,mixed
contagious,2.71,mixed
disorderly,2.71,mixed
earthbound,2.71,mixed
favorite,2.71,mixed
incendiary,2.71,mixed
microcellular,2.71,mixed
photosynthesize,2.71,mixed
pornographic,2.71,mixed
savage,2.71,mixed
southeasterly,2.71,mixed
territorial,2.71,mixed
unconnected,2.71,mixed
undivided,2.71,mixed
uninjured,2.71,mixed
unreturned,2.71,mixed
untouched,2.71,mixed
far,2.71,mixed
straightly,2.71,mixed
abuse,2.71,mixed
access,2.71,mixed
commotion,2.71,mixed
concession,2.71,mixed
cootie,2.71,mixed
credit,2.71,mixed
cult,2.71,mixed
downer,2.71,mixed
dynamo,2.71,mixed
enormousness,2.71,mixed
escrow,2.71,mixed
flattery,2.71,mixed
fortnight,2.71,mixed
looseness,2.71,mixed
malformation,2.71,mixed
moocher,2.71,mixed
pregame,2.71,mixed
procreation,2.71,mixed
quotient,2.71,mixed
reinsertion,2.71,mixed
sellout,2.71,mixed
shocker,2.71,mixed
slipstream,2.71,mixed
stereotyping,2.71,mixed
swiftness,2.71,mixed
tussle,2.71,mixed
underclass,2.71,mixed
underdog,2.71,mixed
undernourishment,2.71,mixed
vagrancy,2.71,mixed
vampirism,2.71,mixed
automate,2.71,mixed
bid,2.71,mixed
cram,2.71,mixed
enlist,2.71,mixed
exposed,2.71,mixed
hedging,2.71,mixed
hosting,2.71,mixed
infest,2.71,mixed
infiltrate,2.71,mixed
initiate,2.71,mixed
muddle,2.71,mixed
overspend,2.71,mixed
pass,2.71,mixed
rented,2.71,mixed
reverberate,2.71,mixed
salvaging,2.71,mixed
showoff,2.71,mixed
start,2.71,mixed
strew,2.71,mixed
terrify,2.71,mixed
wither,2.71,mixed
accompanier,2.71,mixed
aftersale,2.71,mixed
appointer,2.71,mixed
arrowed,2.71,mixed
bulkiness,2.71,mixed
complexioned,2.71,mixed
death toll,2.71,mixed
dimensioned,2.71,mixed
dimness,2.71,mixed
edibleness,2.71,mixed
extendible,2.71,mixed
fall out,2.71,mixed
finishing touch,2.71,mixed
floppily,2.71,mixed
free trade,2.71,mixed
gunmanship,2.71,mixed
iron out,2.71,mixed
middle class,2.71,mixed
misshape,2.71,mixed
nonliving,2.71,mixed
opulently,2.71,mixed
preannouncement,2.71,mixed
pungently,2.71,mixed
subzone,2.71,mixed
tigerish,2.71,mixed
topological,2.71,mixed
uptempo,2.71,mixed
vocalism,2.71,mixed
bookless,2.72,mixed
carnal,2.72,mixed
dilapidated,2.72,mixed
disjoint,2.72,mixed
flirtatious,2.72,mixed
gruesome,2.72,mixed
highest,2.72,mixed
homegrown,2.72,mixed
noncombustible,2.72,mixed
odorless,2.72,mixed
old,2.72,mixed
operable,2.72,mixed
percussive,2.72,mixed
premature,2.72,mixed
private,2.72,mixed
raggedy,2.72,mixed
rambling,2.72,mixed
semiconscious,2.72,mixed
strict,2.72,mixed
unequal,2.72,mixed
unpublished,2.72,mixed
unstuck,2.72,mixed
wakeful,2.72,mixed
weepy,2.72,mixed
abroad,2.72,mixed
antihero,2.72,mixed
abrasiveness,2.72,mixed
activity,2.72,mixed
advocate,2.72,mixed
blockbuster,2.72,mixed
christening,2.72,mixed
debt,2.72,mixed
dexterity,2.72,mixed
dilapidation,2.72,mixed
directive,2.72,mixed
displacement,2.72,mixed
dryness,2.72,mixed
enshrine,2.72,mixed
eradicator,2.72,mixed
fact,2.72,mixed
grump,2.72,mixed
heft,2.72,mixed
hypochondria,2.72,mixed
maidenhood,2.72,mixed
management,2.72,mixed
misfit,2.72,mixed
nosiness,2.72,mixed
opportunist,2.72,mixed
outing,2.72,mixed
overpopulation,2.72,mixed
paradise,2.72,mixed
physiology,2.72,mixed
presence,2.72,mixed
ragtag,2.72,mixed
rants,2.72,mixed
redeployment,2.72,mixed
sadist,2.72,mixed
saturation,2.72,mixed
smartass,2.72,mixed
soliloquy,2.72,mixed
theme,2.72,mixed
trait,2.72,mixed
trauma,2.72,mixed
treble,2.72,mixed
trillion,2.72,mixed
undulation,2.72,mixed
whopper,2.72,mixed
between,2.72,mixed
aching,2.72,mixed
artifice,2.72,mixed
come,2.72,mixed
consolidate,2.72,mixed
darting,2.72,mixed
demote,2.72,mixed
deserted,2.72,mixed
dethrone,2.72,mixed
emulsify,2.72,mixed
encrypt,2.72,mixed
fasting,2.72,mixed
guarded,2.72,mixed
horsing,2.72,mixed
isolating,2.72,mixed
muttering,2.72,mixed
optimize,2.72,mixed
organize,2.72,mixed
provide,2.72,mixed
putrefy,2.72,mixed
refit,2.72,mixed
remarry,2.72,mixed
stabilize,2.72,mixed
tailing,2.72,mixed
wasted,2.72,mixed
aggravator,2.72,mixed
autoimmunization,2.72,mixed
backslider,2.72,mixed
big business,2.72,mixed
black market,2.72,mixed
capital punishment,2.72,mixed
chaliced,2.72,mixed
circularity,2.72,mixed
damageable,2.72,mixed
drainable,2.72,mixed
exorciser,2.72,mixed
farsightedness,2.72,mixed
griper,2.72,mixed
houseless,2.72,mixed
life sentence,2.72,mixed
micrographic,2.72,mixed
miscount,2.72,mixed
neurosciences,2.72,mixed
nonlocal,2.72,mixed
outvote,2.72,mixed
percolation,2.72,mixed
punch line,2.72,mixed
resettle,2.72,mixed
shopaholic,2.72,mixed
songfest,2.72,mixed
unpeg,2.72,mixed
upspring,2.72,mixed
womanless,2.72,mixed
workflow,2.72,mixed
bittersweet,2.73,mixed
bohemian,2.73,mixed
breakneck,2.73,mixed
genetic,2.73,mixed
humungous,2.73,mixed
hyperactive,2.73,mixed
migratory,2.73,mixed
pagan,2.73,mixed
subordinate,2.73,mixed
wealthy,2.73,mixed
brightly,2.73,mixed
earthward,2.73,mixed
out,2.73,mixed
thinly,2.73,mixed
unevenly,2.73,mixed
noel,2.73,mixed
advice,2.73,mixed
beginner,2.73,mixed
believer,2.73,mixed
brownnoser,2.73,mixed
clause,2.73,mixed
council,2.73,mixed
curfew,2.73,mixed
dandy,2.73,mixed
engorgement,2.73,mixed
fader,2.73,mixed
festivity,2.73,mixed
freestyle,2.73,mixed
getup,2.73,mixed
grouch,2.73,mixed
incandescence,2.73,mixed
indicator,2.73,mixed
jihad,2.73,mixed
mantra,2.73,mixed
masochist,2.73,mixed
nexus,2.73,mixed
orthography,2.73,mixed
preface,2.73,mixed
repayment,2.73,mixed
repose,2.73,mixed
shakedown,2.73,mixed
snitcher,2.73,mixed
sourpuss,2.73,mixed
vegetarianism,2.73,mixed
attract,2.73,mixed
convert,2.73,mixed
expire,2.73,mixed
fitted,2.73,mixed
impede,2.73,mixed
joining,2.73,mixed
oust,2.73,mixed
personalize,2.73,mixed
recuperate,2.73,mixed
searching,2.73,mixed
surpass,2.73,mixed
synchronize,2.73,mixed
adjoin,2.73,mixed
alchemic,2.73,mixed
bring up,2.73,mixed
corrector,2.73,mixed
crushable,2.73,mixed
enjoyably,2.73,mixed
enlightener,2.73,mixed
geochemical,2.73,mixed
hued,2.73,mixed
hurryingly,2.73,mixed
itemization,2.73,mixed
leftward,2.73,mixed
longwise,2.73,mixed
look after,2.73,mixed
mix up,2.73,mixed
muskiness,2.73,mixed
naturist,2.73,mixed
nonreversible,2.73,mixed
overconsumption,2.73,mixed
overstrain,2.73,mixed
pay rise,2.73,mixed
playmaking,2.73,mixed
pokiness,2.73,mixed
postnuptial,2.73,mixed
public domain,2.73,mixed
rattle off,2.73,mixed
roundedness,2.73,mixed
sunstruck,2.73,mixed
toll free,2.73,mixed
trade deficit,2.73,mixed
tranquillization,2.73,mixed
tuneable,2.73,mixed
unbudgeted,2.73,mixed
weighable,2.73,mixed
woundable,2.73,mixed
anemic,2.74,mixed
centrifugal,2.74,mixed
centripetal,2.74,mixed
chilling,2.74,mixed
congruent,2.74,mixed
deductible,2.74,mixed
detoured,2.74,mixed
expandable,2.74,mixed
extremist,2.74,mixed
festive,2.74,mixed
frumpy,2.74,mixed
licensed,2.74,mixed
lifelike,2.74,mixed
overpriced,2.74,mixed
poisonous,2.74,mixed
repetitive,2.74,mixed
restraining,2.74,mixed
rhythmical,2.74,mixed
shapely,2.74,mixed
sicken,2.74,mixed
skimpy,2.74,mixed
unaccompanied,2.74,mixed
unrestrained,2.74,mixed
unsold,2.74,mixed
centrally,2.74,mixed
once,2.74,mixed
together,2.74,mixed
ravel,2.74,mixed
amino,2.74,mixed
amount,2.74,mixed
appetite,2.74,mixed
approach,2.74,mixed
arithmetic,2.74,mixed
augmentation,2.74,mixed
blankness,2.74,mixed
convection,2.74,mixed
cusp,2.74,mixed
detainment,2.74,mixed
exchange,2.74,mixed
fatherland,2.74,mixed
hypnotherapy,2.74,mixed
indictment,2.74,mixed
interaction,2.74,mixed
malfunction,2.74,mixed
mayday,2.74,mixed
mocker,2.74,mixed
molestation,2.74,mixed
mothering,2.74,mixed
nationality,2.74,mixed
noisiness,2.74,mixed
oddball,2.74,mixed
outtake,2.74,mixed
payoff,2.74,mixed
pliability,2.74,mixed
publicity,2.74,mixed
pungency,2.74,mixed
regimen,2.74,mixed
revision,2.74,mixed
sake,2.74,mixed
sampling,2.74,mixed
semi,2.74,mixed
tenderfoot,2.74,mixed
thermodynamics,2.74,mixed
added,2.74,mixed
angling,2.74,mixed
calculate,2.74,mixed
coddle,2.74,mixed
contain,2.74,mixed
detain,2.74,mixed
disconnect,2.74,mixed
isolated,2.74,mixed
patterning,2.74,mixed
recruiting,2.74,mixed
refurbish,2.74,mixed
reorganize,2.74,mixed
revealing,2.74,mixed
seeking,2.74,mixed
suspend,2.74,mixed
sweltering,2.74,mixed
wormed,2.74,mixed
antimilitarist,2.74,mixed
budget cut,2.74,mixed
call for,2.74,mixed
call off,2.74,mixed
captivator,2.74,mixed
chronologic,2.74,mixed
denouncer,2.74,mixed
discharger,2.74,mixed
disproportion,2.74,mixed
distillable,2.74,mixed
experimentalist,2.74,mixed
extracellular,2.74,mixed
extruding,2.74,mixed
flaccidly,2.74,mixed
foreseer,2.74,mixed
gesticulation,2.74,mixed
headship,2.74,mixed
homoeopath,2.74,mixed
long distance,2.74,mixed
nongovernmental,2.74,mixed
nonparticipant,2.74,mixed
penetrable,2.74,mixed
porously,2.74,mixed
quick temper,2.74,mixed
singlehanded,2.74,mixed
sink in,2.74,mixed
social service,2.74,mixed
startler,2.74,mixed
stingless,2.74,mixed
thermoelectrically,2.74,mixed
try out,2.74,mixed
unleveled,2.74,mixed
unmold,2.74,mixed
unmolded,2.74,mixed
unsmoothed,2.74,mixed
wear off,2.74,mixed
automated,2.75,mixed
colonial,2.75,mixed
distant,2.75,mixed
dressy,2.75,mixed
gaseous,2.75,mixed
gimpy,2.75,mixed
herniated,2.75,mixed
looser,2.75,mixed
modular,2.75,mixed
neurovascular,2.75,mixed
nonfatal,2.75,mixed
olfactory,2.75,mixed
palliative,2.75,mixed
regenerative,2.75,mixed
rugged,2.75,mixed
secondhand,2.75,mixed
sectarian,2.75,mixed
smutty,2.75,mixed
splashy,2.75,mixed
succulent,2.75,mixed
supple,2.75,mixed
torrential,2.75,mixed
uncrowned,2.75,mixed
uninfected,2.75,mixed
unsteady,2.75,mixed
untimed,2.75,mixed
daintily,2.75,mixed
disassembly,2.75,mixed
hungrily,2.75,mixed
longer,2.75,mixed
rottenly,2.75,mixed
separately,2.75,mixed
thickly,2.75,mixed
tropically,2.75,mixed
antagonist,2.75,mixed
bestiality,2.75,mixed
biosynthesis,2.75,mixed
bounciness,2.75,mixed
breakdown,2.75,mixed
chauvinist,2.75,mixed
cleansing,2.75,mixed
cliffy,2.75,mixed
coalition,2.75,mixed
cohort,2.75,mixed
dictation,2.75,mixed
engagement,2.75,mixed
ghostwrite,2.75,mixed
immunotherapy,2.75,mixed
interruption,2.75,mixed
linkage,2.75,mixed
pressurization,2.75,mixed
proposal,2.75,mixed
reduction,2.75,mixed
rendezvous,2.75,mixed
retort,2.75,mixed
ropey,2.75,mixed
silliness,2.75,mixed
wayside,2.75,mixed
annihilate,2.75,mixed
argue,2.75,mixed
botch,2.75,mixed
fouling,2.75,mixed
gather,2.75,mixed
inflict,2.75,mixed
offset,2.75,mixed
pollute,2.75,mixed
staged,2.75,mixed
bihourly,2.75,mixed
boilable,2.75,mixed
briber,2.75,mixed
browed,2.75,mixed
characterizer,2.75,mixed
chillness,2.75,mixed
confessionary,2.75,mixed
droopingly,2.75,mixed
dumbass,2.75,mixed
dwarfishly,2.75,mixed
electrochemically,2.75,mixed
enticer,2.75,mixed
enunciator,2.75,mixed
fastness,2.75,mixed
goldenness,2.75,mixed
hydrogenate,2.75,mixed
illegibly,2.75,mixed
inflamer,2.75,mixed
kinkily,2.75,mixed
make fun,2.75,mixed
mishandle,2.75,mixed
move on,2.75,mixed
nearsightedly,2.75,mixed
odorize,2.75,mixed
outspent,2.75,mixed
primary care,2.75,mixed
public service,2.75,mixed
radiobiology,2.75,mixed
robotize,2.75,mixed
springiness,2.75,mixed
take over,2.75,mixed
thermoelectric,2.75,mixed
unsupplied,2.75,mixed
water down,2.75,mixed
backhanded,2.76,mixed
barometric,2.76,mixed
catastrophic,2.76,mixed
chatty,2.76,mixed
cosmic,2.76,mixed
cute,2.76,mixed
electrochemical,2.76,mixed
enthusiastic,2.76,mixed
expectant,2.76,mixed
expressionless,2.76,mixed
fledgling,2.76,mixed
grotesque,2.76,mixed
hallucinogenic,2.76,mixed
handicapping,2.76,mixed
lingual,2.76,mixed
lower,2.76,mixed
mad,2.76,mixed
overdrawn,2.76,mixed
penetrative,2.76,mixed
permanent,2.76,mixed
picturesque,2.76,mixed
quiet,2.76,mixed
regional,2.76,mixed
shimmering,2.76,mixed
shipshape,2.76,mixed
stereoscopic,2.76,mixed
stray,2.76,mixed
topical,2.76,mixed
tubular,2.76,mixed
underdressed,2.76,mixed
unidirectional,2.76,mixed
unobstructed,2.76,mixed
weighty,2.76,mixed
cleanly,2.76,mixed
faster,2.76,mixed
radiantly,2.76,mixed
straight,2.76,mixed
tunelessly,2.76,mixed
ouch,2.76,mixed
concord,2.76,mixed
anticoagulation,2.76,mixed
bargaining,2.76,mixed
boogieman,2.76,mixed
boycott,2.76,mixed
breathlessness,2.76,mixed
captivity,2.76,mixed
charm,2.76,mixed
commerce,2.76,mixed
devastation,2.76,mixed
dividend,2.76,mixed
doer,2.76,mixed
endocrinology,2.76,mixed
entanglement,2.76,mixed
exhibitionism,2.76,mixed
expenditure,2.76,mixed
export,2.76,mixed
fatherhood,2.76,mixed
finale,2.76,mixed
fluster,2.76,mixed
habit,2.76,mixed
healing,2.76,mixed
implementer,2.76,mixed
individualist,2.76,mixed
internationalist,2.76,mixed
intimidator,2.76,mixed
lifelessness,2.76,mixed
maternity,2.76,mixed
oppressor,2.76,mixed
outburst,2.76,mixed
palsy,2.76,mixed
policy,2.76,mixed
pundit,2.76,mixed
roleplaying,2.76,mixed
romp,2.76,mixed
sigma,2.76,mixed
slurry,2.76,mixed
sovereignty,2.76,mixed
stead,2.76,mixed
stealth,2.76,mixed
synopsis,2.76,mixed
thinness,2.76,mixed
uptake,2.76,mixed
first,2.76,mixed
adulterate,2.76,mixed
balk,2.76,mixed
curbing,2.76,mixed
curtail,2.76,mixed
decline,2.76,mixed
discolored,2.76,mixed
execute,2.76,mixed
fitting,2.76,mixed
graduated,2.76,mixed
grooving,2.76,mixed
hurried,2.76,mixed
outshoot,2.76,mixed
passing,2.76,mixed
pester,2.76,mixed
plagued,2.76,mixed
recombine,2.76,mixed
reinstall,2.76,mixed
relocate,2.76,mixed
restrain,2.76,mixed
retying,2.76,mixed
subdividing,2.76,mixed
taunting,2.76,mixed
winded,2.76,mixed
adorer,2.76,mixed
affirmer,2.76,mixed
blackish,2.76,mixed
borderless,2.76,mixed
breeziness,2.76,mixed
ceremonialist,2.76,mixed
check in,2.76,mixed
coalitionist,2.76,mixed
conductorship,2.76,mixed
contemplator,2.76,mixed
countersignal,2.76,mixed
drop by,2.76,mixed
emblaze,2.76,mixed
flatulently,2.76,mixed
huskiness,2.76,mixed
iodize,2.76,mixed
love affair,2.76,mixed
lowermost,2.76,mixed
lumpish,2.76,mixed
matcher,2.76,mixed
monocular,2.76,mixed
nonabsorbent,2.76,mixed
nonperishable,2.76,mixed
panderer,2.76,mixed
phrasemaking,2.76,mixed
prisonlike,2.76,mixed
ramp up,2.76,mixed
remap,2.76,mixed
reselect,2.76,mixed
revisable,2.76,mixed
save up,2.76,mixed
severable,2.76,mixed
show biz,2.76,mixed
sootiness,2.76,mixed
squawky,2.76,mixed
symmetrically,2.76,mixed
thirtyfold,2.76,mixed
undestroyed,2.76,mixed
virtual reality,2.76,mixed
watch over,2.76,mixed
wavelike,2.76,mixed
autobiographical,2.77,mixed
clumsy,2.77,mixed
crippling,2.77,mixed
curricular,2.77,mixed
dizzying,2.77,mixed
dorky,2.77,mixed
furthest,2.77,mixed
headachy,2.77,mixed
jazzy,2.77,mixed
orderly,2.77,mixed
populous,2.77,mixed
prefabricated,2.77,mixed
rickety,2.77,mixed
sleepy,2.77,mixed
tangible,2.77,mixed
unfixed,2.77,mixed
annually,2.77,mixed
less,2.77,mixed
powerfully,2.77,mixed
abridge,2.77,mixed
aeration,2.77,mixed
babyhood,2.77,mixed
confessional,2.77,mixed
decease,2.77,mixed
denomination,2.77,mixed
detoxifier,2.77,mixed
dictatorship,2.77,mixed
disturber,2.77,mixed
dweeb,2.77,mixed
enquiry,2.77,mixed
expatriate,2.77,mixed
judgeship,2.77,mixed
leadoff,2.77,mixed
provoker,2.77,mixed
quietness,2.77,mixed
reiteration,2.77,mixed
rematch,2.77,mixed
returner,2.77,mixed
rollback,2.77,mixed
sleeplessness,2.77,mixed
squelching,2.77,mixed
washout,2.77,mixed
whiff,2.77,mixed
cheer,2.77,mixed
disagree,2.77,mixed
distribute,2.77,mixed
eliminate,2.77,mixed
executed,2.77,mixed
exorcise,2.77,mixed
gaining,2.77,mixed
itemize,2.77,mixed
lent,2.77,mixed
moping,2.77,mixed
perished,2.77,mixed
repossess,2.77,mixed
sabotage,2.77,mixed
shortchange,2.77,mixed
shouldering,2.77,mixed
snivel,2.77,mixed
spaced,2.77,mixed
typecast,2.77,mixed
unmasking,2.77,mixed
vandalize,2.77,mixed
vanish,2.77,mixed
ventilate,2.77,mixed
writhe,2.77,mixed
zoned,2.77,mixed
arms race,2.77,mixed
ash wednesday,2.77,mixed
branch out,2.77,mixed
detacher,2.77,mixed
dissolver,2.77,mixed
fancywork,2.77,mixed
geothermic,2.77,mixed
grinningly,2.77,mixed
guardian angel,2.77,mixed
illustrational,2.77,mixed
muckiness,2.77,mixed
outcrop,2.77,mixed
red alert,2.77,mixed
restyle,2.77,mixed
sledging,2.77,mixed
unselect,2.77,mixed
well endowed,2.77,mixed
backslid,2.78,mixed
boggy,2.78,mixed
breakaway,2.78,mixed
bunchy,2.78,mixed
gaping,2.78,mixed
mottled,2.78,mixed
nonmilitary,2.78,mixed
permeable,2.78,mixed
slanderer,2.78,mixed
trackless,2.78,mixed
uncrossed,2.78,mixed
unsmiling,2.78,mixed
windless,2.78,mixed
consecutively,2.78,mixed
geometrically,2.78,mixed
administration,2.78,mixed
blamer,2.78,mixed
compromiser,2.78,mixed
crusade,2.78,mixed
decider,2.78,mixed
decontamination,2.78,mixed
deepness,2.78,mixed
dispersal,2.78,mixed
dreamboat,2.78,mixed
dud,2.78,mixed
explainer,2.78,mixed
forecast,2.78,mixed
furies,2.78,mixed
grubbiness,2.78,mixed
hodgepodge,2.78,mixed
hypnosis,2.78,mixed
indices,2.78,mixed
interoffice,2.78,mixed
jaunt,2.78,mixed
knighthood,2.78,mixed
laughingstock,2.78,mixed
licensure,2.78,mixed
luminary,2.78,mixed
motherland,2.78,mixed
nemeses,2.78,mixed
pharmacology,2.78,mixed
reenlist,2.78,mixed
retrial,2.78,mixed
saboteur,2.78,mixed
sendoff,2.78,mixed
shakeup,2.78,mixed
sideway,2.78,mixed
squalor,2.78,mixed
storyline,2.78,mixed
surge,2.78,mixed
trimester,2.78,mixed
warpath,2.78,mixed
blackmail,2.78,mixed
decaffeinated,2.78,mixed
disfigure,2.78,mixed
finished,2.78,mixed
hinder,2.78,mixed
pressing,2.78,mixed
resist,2.78,mixed
shown,2.78,mixed
squabbling,2.78,mixed
swoosh,2.78,mixed
tenderize,2.78,mixed
use,2.78,mixed
visiting,2.78,mixed
accommodator,2.78,mixed
acidification,2.78,mixed
allocator,2.78,mixed
anticonvulsive,2.78,mixed
autoeroticism,2.78,mixed
barometrically,2.78,mixed
bibliographical,2.78,mixed
blue collar,2.78,mixed
catch on,2.78,mixed
certifier,2.78,mixed
coaxer,2.78,mixed
compactness,2.78,mixed
completer,2.78,mixed
concavely,2.78,mixed
crestless,2.78,mixed
cuddlesome,2.78,mixed
deafeningly,2.78,mixed
deviator,2.78,mixed
durably,2.78,mixed
excommunicator,2.78,mixed
fatless,2.78,mixed
fawnlike,2.78,mixed
featheriness,2.78,mixed
fragrantly,2.78,mixed
head off,2.78,mixed
high tech,2.78,mixed
humidly,2.78,mixed
hush up,2.78,mixed
idolizer,2.78,mixed
impenetrableness,2.78,mixed
kinghood,2.78,mixed
landownership,2.78,mixed
mantled,2.78,mixed
multifold,2.78,mixed
neuropsychiatric,2.78,mixed
nonathletic,2.78,mixed
passover,2.78,mixed
precipitator,2.78,mixed
prefabricate,2.78,mixed
public relations,2.78,mixed
recompress,2.78,mixed
reorganizer,2.78,mixed
reproducer,2.78,mixed
shapeliness,2.78,mixed
stumbling block,2.78,mixed
subsector,2.78,mixed
unmovable,2.78,mixed
unwounded,2.78,mixed
wind up,2.78,mixed
wraithlike,2.78,mixed
adoptable,2.79,mixed
blooded,2.79,mixed
confining,2.79,mixed
coverless,2.79,mixed
eyed,2.79,mixed
fetching,2.79,mixed
gravitational,2.79,mixed
idle,2.79,mixed
illuminating,2.79,mixed
nonoperational,2.79,mixed
paperless,2.79,mixed
readable,2.79,mixed
rich,2.79,mixed
taxpaying,2.79,mixed
unconstitutional,2.79,mixed
washable,2.79,mixed
weak,2.79,mixed
wiry,2.79,mixed
writeable,2.79,mixed
younger,2.79,mixed
even,2.79,mixed
off,2.79,mixed
outward,2.79,mixed
quark,2.79,mixed
adultery,2.79,mixed
announcement,2.79,mixed
attractor,2.79,mixed
brawn,2.79,mixed
briefing,2.79,mixed
chaos,2.79,mixed
confederacy,2.79,mixed
consolidation,2.79,mixed
contagion,2.79,mixed
corporation,2.79,mixed
daylong,2.79,mixed
delay,2.79,mixed
direction,2.79,mixed
discount,2.79,mixed
eliminator,2.79,mixed
evolutionist,2.79,mixed
factor,2.79,mixed
furlong,2.79,mixed
imaging,2.79,mixed
kleptomaniac,2.79,mixed
lesson,2.79,mixed
middleman,2.79,mixed
modification,2.79,mixed
oath,2.79,mixed
order,2.79,mixed
parting,2.79,mixed
pedigree,2.79,mixed
phosphorescence,2.79,mixed
plumper,2.79,mixed
postpartum,2.79,mixed
potshot,2.79,mixed
powerhouse,2.79,mixed
proportionality,2.79,mixed
rebalance,2.79,mixed
redecoration,2.79,mixed
republican,2.79,mixed
revival,2.79,mixed
science,2.79,mixed
seamanship,2.79,mixed
sentencing,2.79,mixed
solo,2.79,mixed
struggle,2.79,mixed
surname,2.79,mixed
sweetheart,2.79,mixed
symmetry,2.79,mixed
synch,2.79,mixed
terrorism,2.79,mixed
tightness,2.79,mixed
toxicity,2.79,mixed
turnabout,2.79,mixed
update,2.79,mixed
weirdo,2.79,mixed
near,2.79,mixed
towards,2.79,mixed
align,2.79,mixed
arrange,2.79,mixed
balanced,2.79,mixed
christen,2.79,mixed
constricted,2.79,mixed
convene,2.79,mixed
daydream,2.79,mixed
disconnected,2.79,mixed
drawn,2.79,mixed
fleeced,2.79,mixed
frisk,2.79,mixed
immerse,2.79,mixed
inflaming,2.79,mixed
insult,2.79,mixed
kept,2.79,mixed
lazybones,2.79,mixed
liquidate,2.79,mixed
lumping,2.79,mixed
multifaceted,2.79,mixed
multiply,2.79,mixed
pouting,2.79,mixed
reflected,2.79,mixed
restore,2.79,mixed
reveal,2.79,mixed
revealed,2.79,mixed
scrapped,2.79,mixed
sounding,2.79,mixed
speechmaking,2.79,mixed
spouting,2.79,mixed
stank,2.79,mixed
summon,2.79,mixed
taking,2.79,mixed
tweak,2.79,mixed
unraveling,2.79,mixed
unseated,2.79,mixed
acceptor,2.79,mixed
atomic energy,2.79,mixed
atomization,2.79,mixed
blogosphere,2.79,mixed
coreless,2.79,mixed
decalcify,2.79,mixed
efflorescent,2.79,mixed
elliptically,2.79,mixed
flashily,2.79,mixed
footsoreness,2.79,mixed
greaseless,2.79,mixed
heatless,2.79,mixed
immovability,2.79,mixed
mess around,2.79,mixed
microclimatology,2.79,mixed
on time,2.79,mixed
overdraw,2.79,mixed
printable,2.79,mixed
rack up,2.79,mixed
ramadan,2.79,mixed
reinjure,2.79,mixed
renumber,2.79,mixed
savageness,2.79,mixed
sealable,2.79,mixed
semisoft,2.79,mixed
shore up,2.79,mixed
shrinkable,2.79,mixed
stone cold,2.79,mixed
sum up,2.79,mixed
tearlessly,2.79,mixed
tip off,2.79,mixed
tone deaf,2.79,mixed
transportability,2.79,mixed
unbendable,2.79,mixed
wobblingly,2.79,mixed
balmy,2.8,mixed
glandular,2.8,mixed
gory,2.8,mixed
grizzled,2.8,mixed
hypersonic,2.8,mixed
lush,2.8,mixed
rimless,2.8,mixed
shrill,2.8,mixed
silken,2.8,mixed
strapping,2.8,mixed
total,2.8,mixed
trilingual,2.8,mixed
unscathed,2.8,mixed
western,2.8,mixed
hello,2.8,mixed
valentine,2.8,mixed
aboveboard,2.8,mixed
backer,2.8,mixed
clamor,2.8,mixed
conferencing,2.8,mixed
corporal,2.8,mixed
deletion,2.8,mixed
division,2.8,mixed
firebrand,2.8,mixed
flyby,2.8,mixed
frequenter,2.8,mixed
inset,2.8,mixed
moron,2.8,mixed
overtime,2.8,mixed
pipsqueak,2.8,mixed
pseudonym,2.8,mixed
reflux,2.8,mixed
relationship,2.8,mixed
repressor,2.8,mixed
sacrifice,2.8,mixed
surcharge,2.8,mixed
theses,2.8,mixed
tidings,2.8,mixed
employed,2.8,mixed
encapsulate,2.8,mixed
inoculate,2.8,mixed
outgun,2.8,mixed
prescribe,2.8,mixed
soured,2.8,mixed
suiting,2.8,mixed
wagering,2.8,mixed
anointment,2.8,mixed
bisexualism,2.8,mixed
cool off,2.8,mixed
coproduce,2.8,mixed
counterplot,2.8,mixed
disputer,2.8,mixed
engorge,2.8,mixed
flameless,2.8,mixed
frostlike,2.8,mixed
good health,2.8,mixed
micropayment,2.8,mixed
pretreatment,2.8,mixed
quality control,2.8,mixed
rewove,2.8,mixed
serve up,2.8,mixed
southeaster,2.8,mixed
substance abuse,2.8,mixed
trillionth,2.8,mixed
ultrafast,2.8,mixed
ultramicroscopic,2.8,mixed
uncongested,2.8,mixed
woundless,2.8,mixed
ailing,2.81,mixed
bicentennial,2.81,mixed
cardiac,2.81,mixed
carless,2.81,mixed
customized,2.81,mixed
diagnosable,2.81,mixed
earthen,2.81,mixed
feral,2.81,mixed
flirty,2.81,mixed
groggy,2.81,mixed
jovial,2.81,mixed
marauding,2.81,mixed
multi,2.81,mixed
new,2.81,mixed
pneumatic,2.81,mixed
precipitating,2.81,mixed
prone,2.81,mixed
racist,2.81,mixed
seeable,2.81,mixed
shabby,2.81,mixed
trashy,2.81,mixed
unclipped,2.81,mixed
unfertilized,2.81,mixed
unornamented,2.81,mixed
unspotted,2.81,mixed
warped,2.81,mixed
chemically,2.81,mixed
melodically,2.81,mixed
unsteadily,2.81,mixed
geo,2.81,mixed
scrooge,2.81,mixed
seaborne,2.81,mixed
adjustment,2.81,mixed
adolescence,2.81,mixed
arranger,2.81,mixed
blight,2.81,mixed
bombardment,2.81,mixed
codefendant,2.81,mixed
compilation,2.81,mixed
complainer,2.81,mixed
constructionist,2.81,mixed
delicacy,2.81,mixed
dioxide,2.81,mixed
dissertation,2.81,mixed
domination,2.81,mixed
draughts,2.81,mixed
durability,2.81,mixed
encore,2.81,mixed
evildoer,2.81,mixed
expediter,2.81,mixed
flincher,2.81,mixed
importation,2.81,mixed
inhibitor,2.81,mixed
interconnect,2.81,mixed
interface,2.81,mixed
internment,2.81,mixed
liquidation,2.81,mixed
nobility,2.81,mixed
overbuilt,2.81,mixed
periphery,2.81,mixed
piracy,2.81,mixed
refusal,2.81,mixed
republic,2.81,mixed
review,2.81,mixed
shift,2.81,mixed
singsong,2.81,mixed
stamina,2.81,mixed
stinker,2.81,mixed
stronghold,2.81,mixed
tempo,2.81,mixed
tirade,2.81,mixed
updraft,2.81,mixed
amongst,2.81,mixed
within,2.81,mixed
it,2.81,mixed
advertise,2.81,mixed
augment,2.81,mixed
bridging,2.81,mixed
chattering,2.81,mixed
combined,2.81,mixed
elope,2.81,mixed
equip,2.81,mixed
fiddling,2.81,mixed
fielded,2.81,mixed
intrude,2.81,mixed
listed,2.81,mixed
magnetize,2.81,mixed
messing,2.81,mixed
misspeak,2.81,mixed
outdraw,2.81,mixed
overact,2.81,mixed
paced,2.81,mixed
reflect,2.81,mixed
refurnish,2.81,mixed
retool,2.81,mixed
stagnate,2.81,mixed
struggling,2.81,mixed
surround,2.81,mixed
triangulate,2.81,mixed
anesthetization,2.81,mixed
antonym,2.81,mixed
apologizer,2.81,mixed
attempter,2.81,mixed
autobiographically,2.81,mixed
checkable,2.81,mixed
chlorination,2.81,mixed
coarsely,2.81,mixed
combustive,2.81,mixed
confider,2.81,mixed
defacer,2.81,mixed
deferral,2.81,mixed
dehumidify,2.81,mixed
describer,2.81,mixed
filminess,2.81,mixed
flutelike,2.81,mixed
hand down,2.81,mixed
home rule,2.81,mixed
homogenization,2.81,mixed
intrapulmonary,2.81,mixed
italicize,2.81,mixed
jerkily,2.81,mixed
last out,2.81,mixed
limberness,2.81,mixed
memorizer,2.81,mixed
metrics,2.81,mixed
nitpicker,2.81,mixed
nonflammable,2.81,mixed
nonproducing,2.81,mixed
october,2.81,mixed
outstretch,2.81,mixed
prohibitor,2.81,mixed
reparable,2.81,mixed
revivalist,2.81,mixed
securer,2.81,mixed
semidetached,2.81,mixed
speediness,2.81,mixed
squirminess,2.81,mixed
staleness,2.81,mixed
uncombined,2.81,mixed
unglue,2.81,mixed
unsoiled,2.81,mixed
unsorted,2.81,mixed
viewable,2.81,mixed
widthwise,2.81,mixed
automatic,2.82,mixed
citywide,2.82,mixed
external,2.82,mixed
famish,2.82,mixed
inoperable,2.82,mixed
international,2.82,mixed
married,2.82,mixed
matching,2.82,mixed
squirmy,2.82,mixed
unbreakable,2.82,mixed
undersize,2.82,mixed
underweight,2.82,mixed
unkempt,2.82,mixed
unmarried,2.82,mixed
whispery,2.82,mixed
thermally,2.82,mixed
brander,2.82,mixed
adjournment,2.82,mixed
barrelhead,2.82,mixed
battering,2.82,mixed
buzzword,2.82,mixed
category,2.82,mixed
compliment,2.82,mixed
customs,2.82,mixed
dominator,2.82,mixed
finisher,2.82,mixed
gloater,2.82,mixed
groundwork,2.82,mixed
grownup,2.82,mixed
hoarseness,2.82,mixed
hydrophobia,2.82,mixed
hypnotism,2.82,mixed
laundering,2.82,mixed
misheard,2.82,mixed
nutrition,2.82,mixed
orchestration,2.82,mixed
partnership,2.82,mixed
perfectionist,2.82,mixed
phonics,2.82,mixed
populace,2.82,mixed
predictor,2.82,mixed
procrastinator,2.82,mixed
recreation,2.82,mixed
redo,2.82,mixed
rerecord,2.82,mixed
security,2.82,mixed
shuttering,2.82,mixed
sightsee,2.82,mixed
substitute,2.82,mixed
term,2.82,mixed
tidiness,2.82,mixed
vertigo,2.82,mixed
virginity,2.82,mixed
alongside,2.82,mixed
apprehend,2.82,mixed
bearing,2.82,mixed
checked,2.82,mixed
cheered,2.82,mixed
cringing,2.82,mixed
decreasing,2.82,mixed
digitize,2.82,mixed
griping,2.82,mixed
logged,2.82,mixed
offering,2.82,mixed
oversee,2.82,mixed
overshadow,2.82,mixed
peaked,2.82,mixed
posthaste,2.82,mixed
resize,2.82,mixed
retrace,2.82,mixed
scarring,2.82,mixed
sneak,2.82,mixed
spoil,2.82,mixed
superimposed,2.82,mixed
teaching,2.82,mixed
winning,2.82,mixed
womanize,2.82,mixed
yielding,2.82,mixed
aromatize,2.82,mixed
back down,2.82,mixed
big bucks,2.82,mixed
congealment,2.82,mixed
cyclonic,2.82,mixed
decalcification,2.82,mixed
gap year,2.82,mixed
harmonization,2.82,mixed
inhibiter,2.82,mixed
markdown,2.82,mixed
northwestwardly,2.82,mixed
photographable,2.82,mixed
rein in,2.82,mixed
snuffle,2.82,mixed
stay over,2.82,mixed
submicroscopic,2.82,mixed
systematize,2.82,mixed
take down,2.82,mixed
abundant,2.83,mixed
cloistered,2.83,mixed
embryonic,2.83,mixed
energetic,2.83,mixed
flightless,2.83,mixed
gothic,2.83,mixed
instructional,2.83,mixed
insulating,2.83,mixed
invisible,2.83,mixed
longitudinal,2.83,mixed
makeshift,2.83,mixed
nauseating,2.83,mixed
oceanic,2.83,mixed
perishable,2.83,mixed
restricted,2.83,mixed
roomy,2.83,mixed
symphonic,2.83,mixed
textural,2.83,mixed
ultrasonic,2.83,mixed
unleaded,2.83,mixed
unrefrigerated,2.83,mixed
unscrambled,2.83,mixed
unsecured,2.83,mixed
untwisted,2.83,mixed
voiceless,2.83,mixed
briskly,2.83,mixed
crawly,2.83,mixed
globally,2.83,mixed
numerically,2.83,mixed
similarly,2.83,mixed
theatrically,2.83,mixed
headspace,2.83,mixed
admission,2.83,mixed
adornment,2.83,mixed
anarchist,2.83,mixed
ancestry,2.83,mixed
arousal,2.83,mixed
behaviorist,2.83,mixed
bigamist,2.83,mixed
bigness,2.83,mixed
biophysics,2.83,mixed
busywork,2.83,mixed
century,2.83,mixed
conjurer,2.83,mixed
countersign,2.83,mixed
crackdown,2.83,mixed
criminology,2.83,mixed
deceleration,2.83,mixed
decryption,2.83,mixed
defiler,2.83,mixed
effects,2.83,mixed
emersion,2.83,mixed
enemy,2.83,mixed
enumeration,2.83,mixed
exploration,2.83,mixed
extender,2.83,mixed
imitation,2.83,mixed
instigator,2.83,mixed
layaway,2.83,mixed
layoff,2.83,mixed
legalist,2.83,mixed
messiness,2.83,mixed
miniaturization,2.83,mixed
mirth,2.83,mixed
mutilator,2.83,mixed
nanotechnology,2.83,mixed
neuropathology,2.83,mixed
neurophysiology,2.83,mixed
newbie,2.83,mixed
nonpayment,2.83,mixed
outage,2.83,mixed
overdose,2.83,mixed
oversea,2.83,mixed
peasantry,2.83,mixed
piney,2.83,mixed
polygamy,2.83,mixed
profession,2.83,mixed
pullback,2.83,mixed
radiology,2.83,mixed
relaxer,2.83,mixed
restorer,2.83,mixed
rhapsody,2.83,mixed
rookie,2.83,mixed
shellshock,2.83,mixed
spindling,2.83,mixed
spoils,2.83,mixed
stint,2.83,mixed
subtraction,2.83,mixed
support,2.83,mixed
surrogate,2.83,mixed
sweetness,2.83,mixed
takeover,2.83,mixed
tradecraft,2.83,mixed
visualization,2.83,mixed
zenith,2.83,mixed
upon,2.83,mixed
abort,2.83,mixed
aborted,2.83,mixed
blanketing,2.83,mixed
bordering,2.83,mixed
bounded,2.83,mixed
calm,2.83,mixed
commence,2.83,mixed
compose,2.83,mixed
decipher,2.83,mixed
dissipated,2.83,mixed
dolt,2.83,mixed
exploring,2.83,mixed
following,2.83,mixed
give,2.83,mixed
laboring,2.83,mixed
pursue,2.83,mixed
reconstitute,2.83,mixed
reconstructed,2.83,mixed
risen,2.83,mixed
roughing,2.83,mixed
showboating,2.83,mixed
sided,2.83,mixed
solicit,2.83,mixed
trailing,2.83,mixed
unclick,2.83,mixed
worked,2.83,mixed
wreak,2.83,mixed
assimilator,2.83,mixed
baldly,2.83,mixed
bisymmetric,2.83,mixed
decomposer,2.83,mixed
downwardness,2.83,mixed
drug abuse,2.83,mixed
easter,2.83,mixed
electromechanical,2.83,mixed
fermentable,2.83,mixed
field trial,2.83,mixed
flimsily,2.83,mixed
flowerlike,2.83,mixed
froglike,2.83,mixed
giganticness,2.83,mixed
growlingly,2.83,mixed
heftiness,2.83,mixed
inaudibility,2.83,mixed
indoctrinator,2.83,mixed
logarithmical,2.83,mixed
malty,2.83,mixed
microstructure,2.83,mixed
monohydrate,2.83,mixed
nonmember,2.83,mixed
outdrink,2.83,mixed
pep talk,2.83,mixed
pull off,2.83,mixed
resift,2.83,mixed
reticule,2.83,mixed
seek out,2.83,mixed
set apart,2.83,mixed
snuff out,2.83,mixed
social work,2.83,mixed
southeastward,2.83,mixed
sulfurous,2.83,mixed
tearless,2.83,mixed
thermoelectricity,2.83,mixed
thorniness,2.83,mixed
ticklishness,2.83,mixed
twelvefold,2.83,mixed
uncrowning,2.83,mixed
unlashed,2.83,mixed
amoebic,2.84,mixed
biochemical,2.84,mixed
celibate,2.84,mixed
homogeneous,2.84,mixed
parentless,2.84,mixed
identically,2.84,mixed
beta,2.84,mixed
clank,2.84,mixed
enchantress,2.84,mixed
exobiology,2.84,mixed
inactivity,2.84,mixed
neurochemistry,2.84,mixed
scrounger,2.84,mixed
slosh,2.84,mixed
suppleness,2.84,mixed
task,2.84,mixed
anoint,2.84,mixed
arresting,2.84,mixed
branching,2.84,mixed
demagnetize,2.84,mixed
encircle,2.84,mixed
moonlighting,2.84,mixed
nosed,2.84,mixed
refract,2.84,mixed
reignite,2.84,mixed
reopen,2.84,mixed
screened,2.84,mixed
swashbuckling,2.84,mixed
terrorize,2.84,mixed
westbound,2.84,mixed
alkalinity,2.84,mixed
backshift,2.84,mixed
beef up,2.84,mixed
casanova,2.84,mixed
craver,2.84,mixed
crownless,2.84,mixed
dankness,2.84,mixed
ecospecies,2.84,mixed
flagless,2.84,mixed
florally,2.84,mixed
forehanded,2.84,mixed
graspable,2.84,mixed
high point,2.84,mixed
music lover,2.84,mixed
slenderness,2.84,mixed
anorexic,2.85,mixed
carnivorous,2.85,mixed
digestible,2.85,mixed
intracranial,2.85,mixed
manlike,2.85,mixed
metered,2.85,mixed
recreational,2.85,mixed
rougher,2.85,mixed
subatomic,2.85,mixed
throaty,2.85,mixed
tightlipped,2.85,mixed
ulcerated,2.85,mixed
unmanned,2.85,mixed
unsterilized,2.85,mixed
flexibly,2.85,mixed
giggly,2.85,mixed
messily,2.85,mixed
stiffly,2.85,mixed
thirdly,2.85,mixed
addiction,2.85,mixed
argument,2.85,mixed
banter,2.85,mixed
blitz,2.85,mixed
breed,2.85,mixed
casualty,2.85,mixed
catalyst,2.85,mixed
coagulator,2.85,mixed
conveyance,2.85,mixed
counseling,2.85,mixed
counteroffer,2.85,mixed
dingdong,2.85,mixed
disruptor,2.85,mixed
earl,2.85,mixed
electrostatics,2.85,mixed
emancipationist,2.85,mixed
esquire,2.85,mixed
expert,2.85,mixed
faction,2.85,mixed
floatability,2.85,mixed
forerunner,2.85,mixed
gigabyte,2.85,mixed
harmonizer,2.85,mixed
highflier,2.85,mixed
iconoclast,2.85,mixed
inquirer,2.85,mixed
intermission,2.85,mixed
intervention,2.85,mixed
knockoff,2.85,mixed
lapse,2.85,mixed
meditation,2.85,mixed
nanosecond,2.85,mixed
nomination,2.85,mixed
nuttiness,2.85,mixed
pitfall,2.85,mixed
profiler,2.85,mixed
puzzler,2.85,mixed
rehydration,2.85,mixed
reimbursement,2.85,mixed
relaxant,2.85,mixed
result,2.85,mixed
sanctum,2.85,mixed
shortwave,2.85,mixed
sleepiness,2.85,mixed
standout,2.85,mixed
tales,2.85,mixed
therapy,2.85,mixed
typhus,2.85,mixed
verb,2.85,mixed
virtuoso,2.85,mixed
alkalize,2.85,mixed
arouse,2.85,mixed
backing,2.85,mixed
backstab,2.85,mixed
barreled,2.85,mixed
busted,2.85,mixed
calling,2.85,mixed
clinging,2.85,mixed
converse,2.85,mixed
costing,2.85,mixed
crisping,2.85,mixed
diluted,2.85,mixed
dislocate,2.85,mixed
disperse,2.85,mixed
eavesdrop,2.85,mixed
germinate,2.85,mixed
guessing,2.85,mixed
lurk,2.85,mixed
parted,2.85,mixed
redesign,2.85,mixed
reseat,2.85,mixed
retread,2.85,mixed
revoke,2.85,mixed
rewound,2.85,mixed
roam,2.85,mixed
shockproof,2.85,mixed
sorted,2.85,mixed
spoiling,2.85,mixed
striking,2.85,mixed
traversed,2.85,mixed
trumpeting,2.85,mixed
uphold,2.85,mixed
zap,2.85,mixed
annihilator,2.85,mixed
aridness,2.85,mixed
balanceable,2.85,mixed
carbonize,2.85,mixed
chattiness,2.85,mixed
check out,2.85,mixed
convectional,2.85,mixed
counterevidence,2.85,mixed
cyberbullying,2.85,mixed
defoliation,2.85,mixed
deoxidizer,2.85,mixed
detractor,2.85,mixed
envelopment,2.85,mixed
finlike,2.85,mixed
firm up,2.85,mixed
flight control,2.85,mixed
frontless,2.85,mixed
fusionist,2.85,mixed
grogginess,2.85,mixed
hang on,2.85,mixed
hold fast,2.85,mixed
imprinter,2.85,mixed
ingestible,2.85,mixed
insurrectionist,2.85,mixed
islamic,2.85,mixed
labor market,2.85,mixed
mesmeriser,2.85,mixed
metallically,2.85,mixed
monotheist,2.85,mixed
moonlike,2.85,mixed
multiplier,2.85,mixed
nonconsecutive,2.85,mixed
obliterator,2.85,mixed
outmost,2.85,mixed
oversaturation,2.85,mixed
political party,2.85,mixed
preconstruction,2.85,mixed
refashion,2.85,mixed
retreater,2.85,mixed
shamefaced,2.85,mixed
snorter,2.85,mixed
translucency,2.85,mixed
unbundled,2.85,mixed
unlinked,2.85,mixed
unpicked,2.85,mixed
alone,2.86,mixed
apelike,2.86,mixed
celestial,2.86,mixed
climbable,2.86,mixed
collectable,2.86,mixed
conquering,2.86,mixed
delighted,2.86,mixed
flashy,2.86,mixed
fragile,2.86,mixed
grimy,2.86,mixed
homesick,2.86,mixed
immobile,2.86,mixed
inner,2.86,mixed
interconnecting,2.86,mixed
intergalactic,2.86,mixed
optical,2.86,mixed
overdue,2.86,mixed
philharmonic,2.86,mixed
rootless,2.86,mixed
roving,2.86,mixed
sober,2.86,mixed
southwesterly,2.86,mixed
squinty,2.86,mixed
storewide,2.86,mixed
sturdy,2.86,mixed
tasty,2.86,mixed
unsanitary,2.86,mixed
yummy,2.86,mixed
deliberately,2.86,mixed
internally,2.86,mixed
nearby,2.86,mixed
securely,2.86,mixed
transparently,2.86,mixed
action,2.86,mixed
afternoons,2.86,mixed
age,2.86,mixed
alias,2.86,mixed
apology,2.86,mixed
atrophy,2.86,mixed
baseline,2.86,mixed
bracer,2.86,mixed
climax,2.86,mixed
cohabitation,2.86,mixed
combination,2.86,mixed
confederation,2.86,mixed
coordination,2.86,mixed
devotee,2.86,mixed
emancipator,2.86,mixed
embellishment,2.86,mixed
enquirer,2.86,mixed
exchanger,2.86,mixed
exorcism,2.86,mixed
expulsion,2.86,mixed
fabrication,2.86,mixed
fatso,2.86,mixed
flaw,2.86,mixed
gravity,2.86,mixed
holiday,2.86,mixed
hysteria,2.86,mixed
incident,2.86,mixed
insurance,2.86,mixed
isolationist,2.86,mixed
level,2.86,mixed
meld,2.86,mixed
occultist,2.86,mixed
ophthalmology,2.86,mixed
participation,2.86,mixed
penalty,2.86,mixed
phrase,2.86,mixed
preserver,2.86,mixed
provocateur,2.86,mixed
publishing,2.86,mixed
queue,2.86,mixed
rank,2.86,mixed
refraction,2.86,mixed
regime,2.86,mixed
reinforcement,2.86,mixed
sales,2.86,mixed
sauciness,2.86,mixed
sequel,2.86,mixed
slippage,2.86,mixed
spitfire,2.86,mixed
stern,2.86,mixed
stigmatism,2.86,mixed
subchapter,2.86,mixed
supermom,2.86,mixed
timing,2.86,mixed
underling,2.86,mixed
viewing,2.86,mixed
zero,2.86,mixed
assign,2.86,mixed
backfire,2.86,mixed
butting,2.86,mixed
depart,2.86,mixed
disappear,2.86,mixed
divert,2.86,mixed
divide,2.86,mixed
elevating,2.86,mixed
examine,2.86,mixed
exterminate,2.86,mixed
fabricate,2.86,mixed
fading,2.86,mixed
grapple,2.86,mixed
join,2.86,mixed
mouthwatering,2.86,mixed
overlaid,2.86,mixed
peaking,2.86,mixed
pictured,2.86,mixed
protect,2.86,mixed
raised,2.86,mixed
relax,2.86,mixed
reunite,2.86,mixed
scoring,2.86,mixed
scrabbled,2.86,mixed
seizing,2.86,mixed
shifting,2.86,mixed
stays,2.86,mixed
straining,2.86,mixed
subdivide,2.86,mixed
sulk,2.86,mixed
swore,2.86,mixed
vocalize,2.86,mixed
warmed,2.86,mixed
weighted,2.86,mixed
whirled,2.86,mixed
amenity,2.86,mixed
antismoking,2.86,mixed
brittleness,2.86,mixed
cast away,2.86,mixed
catch up,2.86,mixed
cleansable,2.86,mixed
constipate,2.86,mixed
crewless,2.86,mixed
darkish,2.86,mixed
domesticator,2.86,mixed
drag down,2.86,mixed
eastwardly,2.86,mixed
explicative,2.86,mixed
flyway,2.86,mixed
fortifier,2.86,mixed
greasily,2.86,mixed
high level,2.86,mixed
highflying,2.86,mixed
homeopath,2.86,mixed
hunger strike,2.86,mixed
mischarge,2.86,mixed
nonstudent,2.86,mixed
perpetuator,2.86,mixed
prerelease,2.86,mixed
put down,2.86,mixed
rainless,2.86,mixed
reinstallation,2.86,mixed
sick leave,2.86,mixed
sinkable,2.86,mixed
squanderer,2.86,mixed
stay put,2.86,mixed
tunnel vision,2.86,mixed
unshaped,2.86,mixed
wordiness,2.86,mixed
wornness,2.86,mixed
youthfulness,2.86,mixed
horny,2.87,mixed
rustproof,2.87,mixed
sedimentary,2.87,mixed
shoddy,2.87,mixed
gradually,2.87,mixed
piecemeal,2.87,mixed
weightlessly,2.87,mixed
rubbernecker,2.87,mixed
discourse,2.87,mixed
entomology,2.87,mixed
gab,2.87,mixed
halftrack,2.87,mixed
herald,2.87,mixed
information,2.87,mixed
lightheadedness,2.87,mixed
numskull,2.87,mixed
oratory,2.87,mixed
parentage,2.87,mixed
quest,2.87,mixed
recommendation,2.87,mixed
rep,2.87,mixed
revolution,2.87,mixed
sedation,2.87,mixed
sensation,2.87,mixed
superpower,2.87,mixed
vanquisher,2.87,mixed
wisp,2.87,mixed
exhausted,2.87,mixed
groveling,2.87,mixed
hazing,2.87,mixed
needled,2.87,mixed
removed,2.87,mixed
sending,2.87,mixed
snaking,2.87,mixed
sparred,2.87,mixed
superheat,2.87,mixed
unscramble,2.87,mixed
weathering,2.87,mixed
adhesively,2.87,mixed
bacteriology,2.87,mixed
crystallizer,2.87,mixed
expeller,2.87,mixed
get down,2.87,mixed
glassless,2.87,mixed
hydrolysis,2.87,mixed
inflationist,2.87,mixed
interlaid,2.87,mixed
jerkiness,2.87,mixed
last rites,2.87,mixed
lovechild,2.87,mixed
mixable,2.87,mixed
pay cut,2.87,mixed
pay off,2.87,mixed
perpendicularity,2.87,mixed
ruggedness,2.87,mixed
thunk,2.87,mixed
write off,2.87,mixed
aerodynamic,2.88,mixed
aging,2.88,mixed
brawny,2.88,mixed
collectible,2.88,mixed
credential,2.88,mixed
domesticated,2.88,mixed
druggy,2.88,mixed
flourless,2.88,mixed
fruited,2.88,mixed
hypoallergenic,2.88,mixed
impermeable,2.88,mixed
prenatal,2.88,mixed
squatty,2.88,mixed
transatlantic,2.88,mixed
ventricular,2.88,mixed
architecturally,2.88,mixed
snugly,2.88,mixed
straggly,2.88,mixed
unanimously,2.88,mixed
underfoot,2.88,mixed
victor,2.88,mixed
allotment,2.88,mixed
backbreaker,2.88,mixed
blondeness,2.88,mixed
cutaway,2.88,mixed
cutback,2.88,mixed
easement,2.88,mixed
facet,2.88,mixed
forwarder,2.88,mixed
freeware,2.88,mixed
gastronomy,2.88,mixed
government,2.88,mixed
grayness,2.88,mixed
grumbler,2.88,mixed
irradiation,2.88,mixed
larcenist,2.88,mixed
megahertz,2.88,mixed
multispecies,2.88,mixed
obtainer,2.88,mixed
offshoot,2.88,mixed
oracle,2.88,mixed
raid,2.88,mixed
statistic,2.88,mixed
warrantee,2.88,mixed
eightieth,2.88,mixed
abduct,2.88,mixed
blown,2.88,mixed
breeched,2.88,mixed
circulate,2.88,mixed
connect,2.88,mixed
correcting,2.88,mixed
cower,2.88,mixed
donate,2.88,mixed
embed,2.88,mixed
engulf,2.88,mixed
expel,2.88,mixed
fought,2.88,mixed
gunning,2.88,mixed
impersonate,2.88,mixed
infect,2.88,mixed
interact,2.88,mixed
milled,2.88,mixed
nonsmoking,2.88,mixed
outgrow,2.88,mixed
outrun,2.88,mixed
overshoot,2.88,mixed
priced,2.88,mixed
purge,2.88,mixed
reheat,2.88,mixed
skirted,2.88,mixed
traverse,2.88,mixed
unfreeze,2.88,mixed
acquitter,2.88,mixed
bleachable,2.88,mixed
branchlike,2.88,mixed
bushiness,2.88,mixed
cultist,2.88,mixed
dermatologic,2.88,mixed
discipliner,2.88,mixed
electroscopic,2.88,mixed
embellisher,2.88,mixed
flaccidness,2.88,mixed
forfeiter,2.88,mixed
gaelic,2.88,mixed
glossily,2.88,mixed
guestless,2.88,mixed
halftone,2.88,mixed
heelless,2.88,mixed
isolator,2.88,mixed
love story,2.88,mixed
micropaleontology,2.88,mixed
nonveteran,2.88,mixed
ooziness,2.88,mixed
opalescent,2.88,mixed
piggish,2.88,mixed
podiatry,2.88,mixed
precollege,2.88,mixed
prekindergarten,2.88,mixed
pyrotechnical,2.88,mixed
rosiness,2.88,mixed
sandiness,2.88,mixed
shorty,2.88,mixed
sleekness,2.88,mixed
southeastwards,2.88,mixed
steeply,2.88,mixed
stringiness,2.88,mixed
subterraneous,2.88,mixed
timescale,2.88,mixed
top brass,2.88,mixed
unhardened,2.88,mixed
wrap up,2.88,mixed
amnesiac,2.89,mixed
annoyed,2.89,mixed
autistic,2.89,mixed
blustery,2.89,mixed
capitalist,2.89,mixed
cheesy,2.89,mixed
compressed,2.89,mixed
contorted,2.89,mixed
deliverable,2.89,mixed
gassy,2.89,mixed
healthful,2.89,mixed
instrumental,2.89,mixed
jobless,2.89,mixed
loudmouthed,2.89,mixed
metropolitan,2.89,mixed
mini,2.89,mixed
monosyllable,2.89,mixed
ocular,2.89,mixed
overinflated,2.89,mixed
pharmaceutical,2.89,mixed
pilotless,2.89,mixed
planetary,2.89,mixed
quick,2.89,mixed
semiformal,2.89,mixed
snakelike,2.89,mixed
starving,2.89,mixed
surgical,2.89,mixed
underfed,2.89,mixed
uneatable,2.89,mixed
uprooted,2.89,mixed
voluptuous,2.89,mixed
reflexively,2.89,mixed
solidly,2.89,mixed
tartly,2.89,mixed
tearfully,2.89,mixed
bruiser,2.89,mixed
mathematic,2.89,mixed
asymmetry,2.89,mixed
balance,2.89,mixed
balancer,2.89,mixed
boost,2.89,mixed
bribery,2.89,mixed
buffer,2.89,mixed
chill,2.89,mixed
comfort,2.89,mixed
commune,2.89,mixed
cutie,2.89,mixed
disposal,2.89,mixed
elliptic,2.89,mixed
embolism,2.89,mixed
endowment,2.89,mixed
extras,2.89,mixed
faker,2.89,mixed
flatterer,2.89,mixed
fortunetelling,2.89,mixed
frightener,2.89,mixed
fury,2.89,mixed
gig,2.89,mixed
growth,2.89,mixed
hallmark,2.89,mixed
heaviness,2.89,mixed
hypertension,2.89,mixed
incantation,2.89,mixed
interchange,2.89,mixed
iteration,2.89,mixed
keyword,2.89,mixed
largeness,2.89,mixed
liaison,2.89,mixed
locals,2.89,mixed
multimillion,2.89,mixed
nemesis,2.89,mixed
proceedings,2.89,mixed
query,2.89,mixed
quota,2.89,mixed
reattachment,2.89,mixed
recirculation,2.89,mixed
redeemer,2.89,mixed
remnant,2.89,mixed
shoptalk,2.89,mixed
staging,2.89,mixed
sum,2.89,mixed
telepath,2.89,mixed
verbalization,2.89,mixed
addition,2.89,mixed
administrate,2.89,mixed
answer,2.89,mixed
ballooning,2.89,mixed
blustering,2.89,mixed
change,2.89,mixed
crosscheck,2.89,mixed
dawdling,2.89,mixed
deplete,2.89,mixed
digested,2.89,mixed
examining,2.89,mixed
excrete,2.89,mixed
finding,2.89,mixed
finish,2.89,mixed
fixed,2.89,mixed
flanking,2.89,mixed
grouped,2.89,mixed
growing,2.89,mixed
observing,2.89,mixed
overpay,2.89,mixed
rejected,2.89,mixed
retransmit,2.89,mixed
scoot,2.89,mixed
scrambling,2.89,mixed
selling,2.89,mixed
shrank,2.89,mixed
stalling,2.89,mixed
stolen,2.89,mixed
stringing,2.89,mixed
tuning,2.89,mixed
unweave,2.89,mixed
warn,2.89,mixed
chip in,2.89,mixed
circumventor,2.89,mixed
civil engineering,2.89,mixed
coastward,2.89,mixed
colorfulness,2.89,mixed
crowdedness,2.89,mixed
deoxidization,2.89,mixed
earlike,2.89,mixed
evil eye,2.89,mixed
excretory,2.89,mixed
freewheeler,2.89,mixed
gardenless,2.89,mixed
good looking,2.89,mixed
level off,2.89,mixed
massiveness,2.89,mixed
meanderer,2.89,mixed
moneygrubber,2.89,mixed
nonautomotive,2.89,mixed
nonspeaking,2.89,mixed
olympic,2.89,mixed
pamperer,2.89,mixed
preformed,2.89,mixed
sabbath,2.89,mixed
spending spree,2.89,mixed
sponginess,2.89,mixed
stand out,2.89,mixed
strengthener,2.89,mixed
tearfulness,2.89,mixed
turn out,2.89,mixed
unsynchronized,2.89,mixed
usher in,2.89,mixed
white lie,2.89,mixed
wreathless,2.89,mixed
atmospheric,2.9,mixed
electromagnetic,2.9,mixed
enormous,2.9,mixed
erasable,2.9,mixed
halting,2.9,mixed
homemade,2.9,mixed
hulking,2.9,mixed
hungry,2.9,mixed
illegible,2.9,mixed
lymphatic,2.9,mixed
mathematical,2.9,mixed
photographic,2.9,mixed
pungent,2.9,mixed
rabid,2.9,mixed
symmetric,2.9,mixed
unscreened,2.9,mixed
unseasoned,2.9,mixed
youthful,2.9,mixed
reapply,2.9,mixed
skyward,2.9,mixed
bedtime,2.9,mixed
betrayer,2.9,mixed
biotechnology,2.9,mixed
bulimia,2.9,mixed
captor,2.9,mixed
chilliness,2.9,mixed
communication,2.9,mixed
confiscation,2.9,mixed
decibel,2.9,mixed
deployment,2.9,mixed
dispute,2.9,mixed
format,2.9,mixed
fortune,2.9,mixed
geology,2.9,mixed
giveaway,2.9,mixed
humidification,2.9,mixed
inbreeding,2.9,mixed
joke,2.9,mixed
magic,2.9,mixed
microsecond,2.9,mixed
million,2.9,mixed
mission,2.9,mixed
monoxide,2.9,mixed
ordinance,2.9,mixed
percentage,2.9,mixed
prank,2.9,mixed
rush,2.9,mixed
shutout,2.9,mixed
spec,2.9,mixed
transaction,2.9,mixed
whiney,2.9,mixed
wimp,2.9,mixed
forties,2.9,mixed
through,2.9,mixed
borrowing,2.9,mixed
brimming,2.9,mixed
celebrate,2.9,mixed
conquer,2.9,mixed
depopulate,2.9,mixed
detach,2.9,mixed
ensnare,2.9,mixed
explore,2.9,mixed
extinguished,2.9,mixed
fixing,2.9,mixed
reinsert,2.9,mixed
repeat,2.9,mixed
rushing,2.9,mixed
sighted,2.9,mixed
stifling,2.9,mixed
tell,2.9,mixed
wilt,2.9,mixed
armageddon,2.9,mixed
attachable,2.9,mixed
big shot,2.9,mixed
cubically,2.9,mixed
embattlement,2.9,mixed
holy week,2.9,mixed
iodization,2.9,mixed
islam,2.9,mixed
jaggedness,2.9,mixed
jawless,2.9,mixed
leakiness,2.9,mixed
maiden name,2.9,mixed
oversupply,2.9,mixed
ramble on,2.9,mixed
roughen,2.9,mixed
sliceable,2.9,mixed
stone age,2.9,mixed
climatic,2.91,mixed
coital,2.91,mixed
nippy,2.91,mixed
rheumatoid,2.91,mixed
uncoupled,2.91,mixed
dateline,2.91,mixed
commodity,2.91,mixed
ode,2.91,mixed
pestilence,2.91,mixed
strider,2.91,mixed
whoremonger,2.91,mixed
bonk,2.91,mixed
heehaw,2.91,mixed
nitpick,2.91,mixed
preen,2.91,mixed
reexamine,2.91,mixed
shoeing,2.91,mixed
swooning,2.91,mixed
cryptographic,2.91,mixed
garmentless,2.91,mixed
helmless,2.91,mixed
incliner,2.91,mixed
long run,2.91,mixed
overgrow,2.91,mixed
postelection,2.91,mixed
rescrub,2.91,mixed
sheering,2.91,mixed
telecom,2.91,mixed
unplumbed,2.91,mixed
unprinted,2.91,mixed
ambulatory,2.92,mixed
anticorrosive,2.92,mixed
astronomical,2.92,mixed
brushless,2.92,mixed
catatonic,2.92,mixed
choppy,2.92,mixed
cinematic,2.92,mixed
extramarital,2.92,mixed
geographical,2.92,mixed
idler,2.92,mixed
illiterate,2.92,mixed
northerly,2.92,mixed
parabolic,2.92,mixed
paring,2.92,mixed
postwar,2.92,mixed
retail,2.92,mixed
righty,2.92,mixed
shadowy,2.92,mixed
slugfest,2.92,mixed
stalwart,2.92,mixed
topmost,2.92,mixed
topographic,2.92,mixed
truant,2.92,mixed
unattended,2.92,mixed
wanton,2.92,mixed
yellowy,2.92,mixed
anally,2.92,mixed
crisply,2.92,mixed
hoarsely,2.92,mixed
commons,2.92,mixed
amplitude,2.92,mixed
asset,2.92,mixed
astonishment,2.92,mixed
bigwig,2.92,mixed
bios,2.92,mixed
bootleg,2.92,mixed
calcification,2.92,mixed
cliffhanger,2.92,mixed
clinch,2.92,mixed
computation,2.92,mixed
contester,2.92,mixed
counterattack,2.92,mixed
criminalist,2.92,mixed
cubism,2.92,mixed
damping,2.92,mixed
deposition,2.92,mixed
dermatology,2.92,mixed
elasticity,2.92,mixed
entertainment,2.92,mixed
filler,2.92,mixed
flashpoint,2.92,mixed
groundswell,2.92,mixed
imitator,2.92,mixed
joiner,2.92,mixed
layback,2.92,mixed
leavings,2.92,mixed
malleability,2.92,mixed
mechanization,2.92,mixed
monarchist,2.92,mixed
multivolume,2.92,mixed
myopia,2.92,mixed
nature,2.92,mixed
neurotransmitter,2.92,mixed
poltergeist,2.92,mixed
pursuit,2.92,mixed
regeneration,2.92,mixed
reproduction,2.92,mixed
selector,2.92,mixed
series,2.92,mixed
spendthrift,2.92,mixed
spree,2.92,mixed
stoppage,2.92,mixed
subcompact,2.92,mixed
temp,2.92,mixed
testimonial,2.92,mixed
theatricals,2.92,mixed
throwaway,2.92,mixed
timekeeping,2.92,mixed
twain,2.92,mixed
washday,2.92,mixed
wisecrack,2.92,mixed
everyone,2.92,mixed
blabber,2.92,mixed
bullying,2.92,mixed
centering,2.92,mixed
daggered,2.92,mixed
dotting,2.92,mixed
ferment,2.92,mixed
gazing,2.92,mixed
hibernate,2.92,mixed
indexed,2.92,mixed
infuse,2.92,mixed
lagged,2.92,mixed
needling,2.92,mixed
overdubbed,2.92,mixed
reroute,2.92,mixed
restart,2.92,mixed
scenting,2.92,mixed
slung,2.92,mixed
squelch,2.92,mixed
subfreezing,2.92,mixed
unbent,2.92,mixed
a cappella,2.92,mixed
abandonee,2.92,mixed
advocator,2.92,mixed
arrowless,2.92,mixed
artesian,2.92,mixed
biostatistics,2.92,mixed
bloodlessness,2.92,mixed
breathiness,2.92,mixed
compartmentally,2.92,mixed
concluder,2.92,mixed
convulsive,2.92,mixed
crosstalk,2.92,mixed
demolisher,2.92,mixed
dewiness,2.92,mixed
drinkability,2.92,mixed
earthwards,2.92,mixed
electrophysiology,2.92,mixed
excluder,2.92,mixed
exhilarator,2.92,mixed
faceted,2.92,mixed
farmable,2.92,mixed
fireless,2.92,mixed
grimacer,2.92,mixed
honeysweet,2.92,mixed
hornlike,2.92,mixed
inhabitation,2.92,mixed
lol,2.92,mixed
malpractitioner,2.92,mixed
market price,2.92,mixed
meme,2.92,mixed
metallization,2.92,mixed
micromechanics,2.92,mixed
multisyllabic,2.92,mixed
needlelike,2.92,mixed
northwards,2.92,mixed
parenthesize,2.92,mixed
photosensitization,2.92,mixed
press up,2.92,mixed
recompile,2.92,mixed
retaliator,2.92,mixed
school term,2.92,mixed
semiconducting,2.92,mixed
sightline,2.92,mixed
swanlike,2.92,mixed
tax haven,2.92,mixed
telescopically,2.92,mixed
tridimensional,2.92,mixed
unpasteurized,2.92,mixed
velvetiness,2.92,mixed
writhed,2.92,mixed
adjoining,2.93,mixed
artificial,2.93,mixed
atomic,2.93,mixed
bitter,2.93,mixed
blistering,2.93,mixed
blunted,2.93,mixed
catholic,2.93,mixed
clerical,2.93,mixed
condensed,2.93,mixed
distilled,2.93,mixed
fidgety,2.93,mixed
flaky,2.93,mixed
geriatric,2.93,mixed
global,2.93,mixed
gynecological,2.93,mixed
higher,2.93,mixed
hysteric,2.93,mixed
interracial,2.93,mixed
invitational,2.93,mixed
lemony,2.93,mixed
luxurious,2.93,mixed
measurable,2.93,mixed
mercantile,2.93,mixed
mobile,2.93,mixed
northwestern,2.93,mixed
oversized,2.93,mixed
packable,2.93,mixed
perennial,2.93,mixed
radial,2.93,mixed
sanitary,2.93,mixed
semifinal,2.93,mixed
shrunken,2.93,mixed
sluggish,2.93,mixed
snoopy,2.93,mixed
speedy,2.93,mixed
sporting,2.93,mixed
towering,2.93,mixed
unblocked,2.93,mixed
uncluttered,2.93,mixed
undecorated,2.93,mixed
vocal,2.93,mixed
whirly,2.93,mixed
audibly,2.93,mixed
cuddly,2.93,mixed
electromagnetically,2.93,mixed
erectly,2.93,mixed
hundredfold,2.93,mixed
tonight,2.93,mixed
twice,2.93,mixed
macrobiotics,2.93,mixed
trinity,2.93,mixed
admirer,2.93,mixed
adversary,2.93,mixed
ailment,2.93,mixed
alcoholism,2.93,mixed
amplification,2.93,mixed
antichrist,2.93,mixed
archangel,2.93,mixed
atheist,2.93,mixed
beauty,2.93,mixed
bloodline,2.93,mixed
blurriness,2.93,mixed
booster,2.93,mixed
character,2.93,mixed
claimer,2.93,mixed
clue,2.93,mixed
compensator,2.93,mixed
conspirer,2.93,mixed
constraint,2.93,mixed
countermeasure,2.93,mixed
coward,2.93,mixed
curvature,2.93,mixed
education,2.93,mixed
encounter,2.93,mixed
excursion,2.93,mixed
extension,2.93,mixed
fag,2.93,mixed
fairyland,2.93,mixed
fairytale,2.93,mixed
fiend,2.93,mixed
foreground,2.93,mixed
freak,2.93,mixed
girlhood,2.93,mixed
girlie,2.93,mixed
hoaxer,2.93,mixed
hobby,2.93,mixed
infertility,2.93,mixed
inheritor,2.93,mixed
interference,2.93,mixed
layover,2.93,mixed
lightweight,2.93,mixed
longitude,2.93,mixed
luster,2.93,mixed
medley,2.93,mixed
microbiology,2.93,mixed
montage,2.93,mixed
narration,2.93,mixed
nearsightedness,2.93,mixed
nutcase,2.93,mixed
opacity,2.93,mixed
overextension,2.93,mixed
paraplegia,2.93,mixed
patter,2.93,mixed
philanthropist,2.93,mixed
prepayment,2.93,mixed
process,2.93,mixed
progeny,2.93,mixed
propagandist,2.93,mixed
proximity,2.93,mixed
rebellion,2.93,mixed
rebuttal,2.93,mixed
reception,2.93,mixed
resignation,2.93,mixed
scientologist,2.93,mixed
scoundrel,2.93,mixed
slapstick,2.93,mixed
spawning,2.93,mixed
spoiler,2.93,mixed
standoff,2.93,mixed
stiffness,2.93,mixed
suppresser,2.93,mixed
suppressor,2.93,mixed
teaser,2.93,mixed
techie,2.93,mixed
theft,2.93,mixed
treatment,2.93,mixed
tribune,2.93,mixed
unconsciousness,2.93,mixed
varsity,2.93,mixed
veto,2.93,mixed
sixties,2.93,mixed
themselves,2.93,mixed
they,2.93,mixed
accessorize,2.93,mixed
accused,2.93,mixed
acquire,2.93,mixed
adjust,2.93,mixed
agitate,2.93,mixed
backslide,2.93,mixed
balled,2.93,mixed
conjugated,2.93,mixed
crept,2.93,mixed
customize,2.93,mixed
decontaminate,2.93,mixed
defibrillate,2.93,mixed
deodorize,2.93,mixed
designed,2.93,mixed
designing,2.93,mixed
dispatch,2.93,mixed
drifting,2.93,mixed
earning,2.93,mixed
euthanize,2.93,mixed
extend,2.93,mixed
fetched,2.93,mixed
fix,2.93,mixed
funded,2.93,mixed
graded,2.93,mixed
haggle,2.93,mixed
interrupted,2.93,mixed
lighten,2.93,mixed
netted,2.93,mixed
outnumbered,2.93,mixed
overdone,2.93,mixed
overeat,2.93,mixed
procreate,2.93,mixed
prowling,2.93,mixed
radiate,2.93,mixed
ranked,2.93,mixed
reassemble,2.93,mixed
recalculate,2.93,mixed
reconfigure,2.93,mixed
remake,2.93,mixed
renovate,2.93,mixed
reversing,2.93,mixed
smothered,2.93,mixed
spend,2.93,mixed
stammer,2.93,mixed
stirring,2.93,mixed
surveying,2.93,mixed
taunt,2.93,mixed
teeter,2.93,mixed
tingling,2.93,mixed
tracked,2.93,mixed
unhitched,2.93,mixed
wager,2.93,mixed
wintered,2.93,mixed
yield,2.93,mixed
admitter,2.93,mixed
ambidextrousness,2.93,mixed
brainteaser,2.93,mixed
castled,2.93,mixed
cleanable,2.93,mixed
cohabit,2.93,mixed
come together,2.93,mixed
compartmental,2.93,mixed
crookedly,2.93,mixed
crossing over,2.93,mixed
daughterless,2.93,mixed
dipshit,2.93,mixed
exit poll,2.93,mixed
financial support,2.93,mixed
fraternizer,2.93,mixed
full time,2.93,mixed
galvanization,2.93,mixed
gear up,2.93,mixed
growth factor,2.93,mixed
humanlike,2.93,mixed
in charge,2.93,mixed
inflammability,2.93,mixed
issuer,2.93,mixed
july,2.93,mixed
landholding,2.93,mixed
longitudinally,2.93,mixed
mass hysteria,2.93,mixed
mess up,2.93,mixed
multispeed,2.93,mixed
neuropsychology,2.93,mixed
nonadjustable,2.93,mixed
november,2.93,mixed
one-night stand,2.93,mixed
party pooper,2.93,mixed
pass over,2.93,mixed
preadolescence,2.93,mixed
reconciler,2.93,mixed
repost,2.93,mixed
silkiness,2.93,mixed
sleep in,2.93,mixed
slipperiness,2.93,mixed
southwestwardly,2.93,mixed
splinter group,2.93,mixed
telepathist,2.93,mixed
uncompressed,2.93,mixed
undetached,2.93,mixed
upper class,2.93,mixed
wild card,2.93,mixed
lawsuit,2.94,mixed
system,2.94,mixed
transformation,2.94,mixed
diuretic,2.95,mixed
horticultural,2.95,mixed
steeper,2.95,mixed
femme,2.95,mixed
teenybopper,2.95,mixed
dealt,2.95,mixed
slitting,2.95,mixed
unsealing,2.95,mixed
waken,2.95,mixed
frilled,2.95,mixed
macronutrient,2.95,mixed
abovementioned,2.96,mixed
achy,2.96,mixed
aeronautical,2.96,mixed
alphanumeric,2.96,mixed
animated,2.96,mixed
arid,2.96,mixed
asthmatic,2.96,mixed
biologic,2.96,mixed
bulimic,2.96,mixed
chiropractic,2.96,mixed
choral,2.96,mixed
contoured,2.96,mixed
coppery,2.96,mixed
corrupter,2.96,mixed
cosmetic,2.96,mixed
culinary,2.96,mixed
easternmost,2.96,mixed
ferocious,2.96,mixed
fertile,2.96,mixed
filmy,2.96,mixed
fishy,2.96,mixed
glaring,2.96,mixed
gross,2.96,mixed
homogenous,2.96,mixed
inboard,2.96,mixed
intercollegiate,2.96,mixed
kickable,2.96,mixed
monetary,2.96,mixed
palatable,2.96,mixed
plush,2.96,mixed
pretrial,2.96,mixed
purplish,2.96,mixed
redial,2.96,mixed
schizophrenic,2.96,mixed
seasonal,2.96,mixed
sedate,2.96,mixed
shady,2.96,mixed
spotty,2.96,mixed
stenographic,2.96,mixed
unconfined,2.96,mixed
uncontaminated,2.96,mixed
unexpired,2.96,mixed
unheated,2.96,mixed
unpopulated,2.96,mixed
viral,2.96,mixed
visual,2.96,mixed
anticlockwise,2.96,mixed
digitally,2.96,mixed
laterally,2.96,mixed
magnetically,2.96,mixed
midstream,2.96,mixed
squarely,2.96,mixed
charlotte,2.96,mixed
mauler,2.96,mixed
roamer,2.96,mixed
absorber,2.96,mixed
accommodation,2.96,mixed
admin,2.96,mixed
adulterer,2.96,mixed
aerodynamics,2.96,mixed
altitude,2.96,mixed
arrhythmia,2.96,mixed
assessor,2.96,mixed
blacklist,2.96,mixed
boldface,2.96,mixed
borderland,2.96,mixed
brainwasher,2.96,mixed
breech,2.96,mixed
breeding,2.96,mixed
brood,2.96,mixed
bullshit,2.96,mixed
busybody,2.96,mixed
catastrophe,2.96,mixed
charge,2.96,mixed
chronicle,2.96,mixed
citizenship,2.96,mixed
clinger,2.96,mixed
commentary,2.96,mixed
conclave,2.96,mixed
consummation,2.96,mixed
crackup,2.96,mixed
deadfall,2.96,mixed
deadlock,2.96,mixed
depressurization,2.96,mixed
destruct,2.96,mixed
deviation,2.96,mixed
diagnostics,2.96,mixed
diatribe,2.96,mixed
disintegration,2.96,mixed
downswing,2.96,mixed
earshot,2.96,mixed
electron,2.96,mixed
enlarger,2.96,mixed
enrollment,2.96,mixed
evaluator,2.96,mixed
exhaust,2.96,mixed
expedition,2.96,mixed
facilitator,2.96,mixed
faraway,2.96,mixed
feature,2.96,mixed
filthiness,2.96,mixed
flexibility,2.96,mixed
foe,2.96,mixed
gassiness,2.96,mixed
gigahertz,2.96,mixed
gluttony,2.96,mixed
greenness,2.96,mixed
guild,2.96,mixed
history,2.96,mixed
hothead,2.96,mixed
hypochondriac,2.96,mixed
hypoglycemia,2.96,mixed
hypotension,2.96,mixed
infusion,2.96,mixed
kryptonite,2.96,mixed
layman,2.96,mixed
legend,2.96,mixed
litigation,2.96,mixed
locale,2.96,mixed
mainline,2.96,mixed
manipulator,2.96,mixed
maverick,2.96,mixed
monopolist,2.96,mixed
motionlessness,2.96,mixed
mudslinging,2.96,mixed
nightmare,2.96,mixed
nitrate,2.96,mixed
ordnance,2.96,mixed
overdrive,2.96,mixed
partaker,2.96,mixed
portrayer,2.96,mixed
possession,2.96,mixed
postgraduate,2.96,mixed
prefect,2.96,mixed
premiere,2.96,mixed
profiteer,2.96,mixed
purchase,2.96,mixed
realm,2.96,mixed
recuperation,2.96,mixed
refiner,2.96,mixed
remedy,2.96,mixed
remix,2.96,mixed
renegade,2.96,mixed
reply,2.96,mixed
repurchase,2.96,mixed
rerun,2.96,mixed
scholarship,2.96,mixed
separation,2.96,mixed
shitload,2.96,mixed
solicitation,2.96,mixed
source,2.96,mixed
statement,2.96,mixed
strength,2.96,mixed
subsidiary,2.96,mixed
summertime,2.96,mixed
swordsmanship,2.96,mixed
talkativeness,2.96,mixed
techno,2.96,mixed
tipoff,2.96,mixed
translation,2.96,mixed
triplicate,2.96,mixed
troublemaker,2.96,mixed
turnaround,2.96,mixed
twang,2.96,mixed
undercurrent,2.96,mixed
underworld,2.96,mixed
unison,2.96,mixed
viscosity,2.96,mixed
wetback,2.96,mixed
witchcraft,2.96,mixed
workup,2.96,mixed
alight,2.96,mixed
amplify,2.96,mixed
barter,2.96,mixed
beg,2.96,mixed
billed,2.96,mixed
bonded,2.96,mixed
booting,2.96,mixed
bore,2.96,mixed
bought,2.96,mixed
bucked,2.96,mixed
capped,2.96,mixed
capping,2.96,mixed
carded,2.96,mixed
clad,2.96,mixed
claim,2.96,mixed
collected,2.96,mixed
defeat,2.96,mixed
deploy,2.96,mixed
disjoin,2.96,mixed
dislocated,2.96,mixed
enclose,2.96,mixed
gorged,2.96,mixed
greet,2.96,mixed
grumble,2.96,mixed
halfcocked,2.96,mixed
hardening,2.96,mixed
hustle,2.96,mixed
insulate,2.96,mixed
laden,2.96,mixed
look,2.96,mixed
moonlighted,2.96,mixed
nominate,2.96,mixed
overexpose,2.96,mixed
overlying,2.96,mixed
ovulate,2.96,mixed
pressurize,2.96,mixed
primp,2.96,mixed
propel,2.96,mixed
quivered,2.96,mixed
ransack,2.96,mixed
reenact,2.96,mixed
reframe,2.96,mixed
romping,2.96,mixed
roundish,2.96,mixed
ruined,2.96,mixed
rustle,2.96,mixed
scare,2.96,mixed
seen,2.96,mixed
separating,2.96,mixed
setting,2.96,mixed
shadowing,2.96,mixed
share,2.96,mixed
shutterbug,2.96,mixed
softening,2.96,mixed
sold,2.96,mixed
sparked,2.96,mixed
staggering,2.96,mixed
starved,2.96,mixed
throb,2.96,mixed
transported,2.96,mixed
twiddle,2.96,mixed
unbury,2.96,mixed
unclench,2.96,mixed
uncross,2.96,mixed
unrolling,2.96,mixed
verbalize,2.96,mixed
waive,2.96,mixed
wintering,2.96,mixed
won,2.96,mixed
yap,2.96,mixed
acrobatically,2.96,mixed
admiralship,2.96,mixed
adorner,2.96,mixed
aeromechanics,2.96,mixed
ambusher,2.96,mixed
biosynthetic,2.96,mixed
blood group,2.96,mixed
cast down,2.96,mixed
celtic,2.96,mixed
climate change,2.96,mixed
closemouthed,2.96,mixed
cloudlessly,2.96,mixed
consolidator,2.96,mixed
copartner,2.96,mixed
cozy up,2.96,mixed
crash course,2.96,mixed
current account,2.96,mixed
darkener,2.96,mixed
detainer,2.96,mixed
earthborn,2.96,mixed
elastically,2.96,mixed
emperorship,2.96,mixed
expiree,2.96,mixed
expresser,2.96,mixed
eyelike,2.96,mixed
fairy tale,2.96,mixed
family circle,2.96,mixed
federalist,2.96,mixed
filmable,2.96,mixed
flash point,2.96,mixed
geometrics,2.96,mixed
goodwife,2.96,mixed
haunter,2.96,mixed
heatproof,2.96,mixed
hydrotherapeutic,2.96,mixed
hypnoses,2.96,mixed
hypnotization,2.96,mixed
inbreed,2.96,mixed
incombustible,2.96,mixed
inhouse,2.96,mixed
interwove,2.96,mixed
irritator,2.96,mixed
jetlag,2.96,mixed
kilocalorie,2.96,mixed
leftwards,2.96,mixed
lengthener,2.96,mixed
lineless,2.96,mixed
mechanize,2.96,mixed
midwifery,2.96,mixed
multithreaded,2.96,mixed
mythologist,2.96,mixed
nonattached,2.96,mixed
overweigh,2.96,mixed
part time,2.96,mixed
precipitant,2.96,mixed
readability,2.96,mixed
redelivery,2.96,mixed
regionalist,2.96,mixed
registrant,2.96,mixed
resample,2.96,mixed
ruffed,2.96,mixed
schemata,2.96,mixed
scratchiness,2.96,mixed
scrolled,2.96,mixed
shrimplike,2.96,mixed
snugness,2.96,mixed
sober up,2.96,mixed
southeastwardly,2.96,mixed
squatness,2.96,mixed
stand by,2.96,mixed
stubbiness,2.96,mixed
subtropical,2.96,mixed
theatergoing,2.96,mixed
thwarter,2.96,mixed
time frame,2.96,mixed
twitchily,2.96,mixed
unconcealed,2.96,mixed
uncured,2.96,mixed
unindustrialized,2.96,mixed
unlevel,2.96,mixed
unloosening,2.96,mixed
unsnap,2.96,mixed
untrimmed,2.96,mixed
vegetate,2.96,mixed
wash out,2.96,mixed
wifi,2.96,mixed
wreathlike,2.96,mixed
yeasty,2.96,mixed
audiovisual,2.97,mixed
budding,2.97,mixed
comical,2.97,mixed
cubic,2.97,mixed
drafty,2.97,mixed
eggless,2.97,mixed
glitzy,2.97,mixed
graphical,2.97,mixed
gritty,2.97,mixed
nuclear,2.97,mixed
psychedelic,2.97,mixed
rancid,2.97,mixed
reflective,2.97,mixed
senior,2.97,mixed
shitfaced,2.97,mixed
sick,2.97,mixed
undernourished,2.97,mixed
undigested,2.97,mixed
both,2.97,mixed
acceleration,2.97,mixed
accumulation,2.97,mixed
apologist,2.97,mixed
aristocracy,2.97,mixed
botany,2.97,mixed
crunchiness,2.97,mixed
dazzler,2.97,mixed
disagreement,2.97,mixed
hollowness,2.97,mixed
intro,2.97,mixed
keynote,2.97,mixed
maltreatment,2.97,mixed
mankind,2.97,mixed
meathead,2.97,mixed
megabits,2.97,mixed
nickname,2.97,mixed
nourishment,2.97,mixed
overhaul,2.97,mixed
pediatrics,2.97,mixed
percentile,2.97,mixed
pervert,2.97,mixed
preamble,2.97,mixed
programming,2.97,mixed
quantity,2.97,mixed
referendum,2.97,mixed
relative,2.97,mixed
sloppiness,2.97,mixed
spectrum,2.97,mixed
summons,2.97,mixed
tearjerker,2.97,mixed
untidiness,2.97,mixed
upswing,2.97,mixed
winnings,2.97,mixed
myself,2.97,mixed
activate,2.97,mixed
beckoning,2.97,mixed
edged,2.97,mixed
electrify,2.97,mixed
fastening,2.97,mixed
hushing,2.97,mixed
leveling,2.97,mixed
locate,2.97,mixed
miscarry,2.97,mixed
motored,2.97,mixed
nauseate,2.97,mixed
notified,2.97,mixed
outmaneuver,2.97,mixed
recycle,2.97,mixed
return,2.97,mixed
said,2.97,mixed
shadowed,2.97,mixed
stammering,2.97,mixed
sterilize,2.97,mixed
stewed,2.97,mixed
switched,2.97,mixed
untying,2.97,mixed
unveil,2.97,mixed
weighed,2.97,mixed
absorbency,2.97,mixed
adjacently,2.97,mixed
come close,2.97,mixed
crablike,2.97,mixed
dead weight,2.97,mixed
in unison,2.97,mixed
leanness,2.97,mixed
mental illness,2.97,mixed
nonbacterial,2.97,mixed
recreationist,2.97,mixed
sexual harassment,2.97,mixed
sightlessness,2.97,mixed
sneak off,2.97,mixed
spottiness,2.97,mixed
square off,2.97,mixed
turn up,2.97,mixed
uncoiled,2.97,mixed
undiffused,2.97,mixed
airless,3.0,mixed
anaphylactic,3.0,mixed
arctic,3.0,mixed
binary,3.0,mixed
biomechanical,3.0,mixed
bootless,3.0,mixed
bulky,3.0,mixed
chirpy,3.0,mixed
coned,3.0,mixed
coronary,3.0,mixed
countable,3.0,mixed
creamed,3.0,mixed
darn,3.0,mixed
faceless,3.0,mixed
galvanized,3.0,mixed
geometrical,3.0,mixed
heterosexual,3.0,mixed
hydroponic,3.0,mixed
incandescent,3.0,mixed
industrial,3.0,mixed
jutting,3.0,mixed
misshapen,3.0,mixed
motionless,3.0,mixed
mucky,3.0,mixed
nearest,3.0,mixed
outsize,3.0,mixed
penetrating,3.0,mixed
queasy,3.0,mixed
scary,3.0,mixed
sleek,3.0,mixed
smokeless,3.0,mixed
smoother,3.0,mixed
squiggly,3.0,mixed
squishier,3.0,mixed
synthetic,3.0,mixed
talkative,3.0,mixed
teensy,3.0,mixed
tired,3.0,mixed
transoceanic,3.0,mixed
treelike,3.0,mixed
unanchored,3.0,mixed
unblemished,3.0,mixed
unpainted,3.0,mixed
unrepaired,3.0,mixed
unruffled,3.0,mixed
unscented,3.0,mixed
varied,3.0,mixed
watertight,3.0,mixed
weary,3.0,mixed
ahead,3.0,mixed
anatomically,3.0,mixed
closer,3.0,mixed
electrically,3.0,mixed
orally,3.0,mixed
quietly,3.0,mixed
silently,3.0,mixed
yesterday,3.0,mixed
several,3.0,mixed
goodbye,3.0,mixed
alternation,3.0,mixed
appointment,3.0,mixed
appreciator,3.0,mixed
assemblage,3.0,mixed
astrophysics,3.0,mixed
bearings,3.0,mixed
beneficiary,3.0,mixed
biotech,3.0,mixed
bluff,3.0,mixed
bombard,3.0,mixed
booking,3.0,mixed
borderline,3.0,mixed
bout,3.0,mixed
bragger,3.0,mixed
bylaw,3.0,mixed
calculation,3.0,mixed
caliber,3.0,mixed
calibration,3.0,mixed
campaign,3.0,mixed
coconspirator,3.0,mixed
code,3.0,mixed
conjuror,3.0,mixed
connection,3.0,mixed
constriction,3.0,mixed
contender,3.0,mixed
contortion,3.0,mixed
correction,3.0,mixed
cosmetology,3.0,mixed
coup,3.0,mixed
defibrillation,3.0,mixed
deformation,3.0,mixed
degree,3.0,mixed
descent,3.0,mixed
desecrator,3.0,mixed
dialogue,3.0,mixed
dope,3.0,mixed
ectoplasm,3.0,mixed
electromagnetism,3.0,mixed
embargo,3.0,mixed
empire,3.0,mixed
evaluation,3.0,mixed
expansion,3.0,mixed
exportation,3.0,mixed
eyeful,3.0,mixed
finder,3.0,mixed
fodder,3.0,mixed
force,3.0,mixed
forefront,3.0,mixed
friction,3.0,mixed
fumigation,3.0,mixed
genius,3.0,mixed
geometry,3.0,mixed
geophysics,3.0,mixed
gesture,3.0,mixed
glitz,3.0,mixed
gossip,3.0,mixed
grade,3.0,mixed
handover,3.0,mixed
headshrinker,3.0,mixed
hellhole,3.0,mixed
hotline,3.0,mixed
humidity,3.0,mixed
imbecile,3.0,mixed
immobilization,3.0,mixed
impalement,3.0,mixed
inductor,3.0,mixed
industrialist,3.0,mixed
infiltrator,3.0,mixed
influx,3.0,mixed
internship,3.0,mixed
intoxication,3.0,mixed
introduction,3.0,mixed
ion,3.0,mixed
ironbound,3.0,mixed
jumble,3.0,mixed
juncture,3.0,mixed
keeper,3.0,mixed
lifeblood,3.0,mixed
location,3.0,mixed
longways,3.0,mixed
lordship,3.0,mixed
mastermind,3.0,mixed
medium,3.0,mixed
midpoint,3.0,mixed
mimicry,3.0,mixed
mismatch,3.0,mixed
motherhood,3.0,mixed
neurophysiologist,3.0,mixed
numerator,3.0,mixed
oncology,3.0,mixed
organization,3.0,mixed
ornithology,3.0,mixed
oxidization,3.0,mixed
paleface,3.0,mixed
peacemaker,3.0,mixed
pigeonhole,3.0,mixed
pounder,3.0,mixed
priesthood,3.0,mixed
producer,3.0,mixed
prologue,3.0,mixed
promo,3.0,mixed
proton,3.0,mixed
purveyor,3.0,mixed
ragamuffin,3.0,mixed
receivables,3.0,mixed
relight,3.0,mixed
removal,3.0,mixed
renderer,3.0,mixed
replication,3.0,mixed
response,3.0,mixed
reword,3.0,mixed
rubberneck,3.0,mixed
sacrament,3.0,mixed
screechy,3.0,mixed
search,3.0,mixed
showstopper,3.0,mixed
smidgen,3.0,mixed
solver,3.0,mixed
span,3.0,mixed
specialist,3.0,mixed
strain,3.0,mixed
submission,3.0,mixed
subroutine,3.0,mixed
suburbanite,3.0,mixed
sympathizer,3.0,mixed
tattler,3.0,mixed
telecommunication,3.0,mixed
televangelism,3.0,mixed
tithing,3.0,mixed
tourism,3.0,mixed
trance,3.0,mixed
unblock,3.0,mixed
underlay,3.0,mixed
uproar,3.0,mixed
weeklong,3.0,mixed
widowhood,3.0,mixed
yardage,3.0,mixed
thirteenth,3.0,mixed
in,3.0,mixed
plus,3.0,mixed
her,3.0,mixed
herself,3.0,mixed
ante,3.0,mixed
accumulate,3.0,mixed
add,3.0,mixed
aiming,3.0,mixed
annotate,3.0,mixed
assassinate,3.0,mixed
backbreaking,3.0,mixed
beckon,3.0,mixed
braced,3.0,mixed
censor,3.0,mixed
clocked,3.0,mixed
colorize,3.0,mixed
count,3.0,mixed
crabbing,3.0,mixed
cramped,3.0,mixed
darkening,3.0,mixed
deactivate,3.0,mixed
decked,3.0,mixed
decode,3.0,mixed
decompose,3.0,mixed
delouse,3.0,mixed
deteriorate,3.0,mixed
disguised,3.0,mixed
dismember,3.0,mixed
dub,3.0,mixed
eradicate,3.0,mixed
fail,3.0,mixed
filtering,3.0,mixed
geared,3.0,mixed
grovel,3.0,mixed
handling,3.0,mixed
hosed,3.0,mixed
immunize,3.0,mixed
inflame,3.0,mixed
interrupt,3.0,mixed
interrupting,3.0,mixed
intoxicate,3.0,mixed
investigating,3.0,mixed
invite,3.0,mixed
lean,3.0,mixed
lowering,3.0,mixed
may,3.0,mixed
meet,3.0,mixed
mends,3.0,mixed
nicking,3.0,mixed
obtain,3.0,mixed
operate,3.0,mixed
overshot,3.0,mixed
overturn,3.0,mixed
pored,3.0,mixed
posting,3.0,mixed
pry,3.0,mixed
punctuate,3.0,mixed
raising,3.0,mixed
recast,3.0,mixed
reek,3.0,mixed
removing,3.0,mixed
repel,3.0,mixed
replace,3.0,mixed
reset,3.0,mixed
restate,3.0,mixed
restrained,3.0,mixed
rumbling,3.0,mixed
scaled,3.0,mixed
seeped,3.0,mixed
shielding,3.0,mixed
sinking,3.0,mixed
smuggle,3.0,mixed
snatched,3.0,mixed
snipping,3.0,mixed
snoop,3.0,mixed
snuck,3.0,mixed
soiling,3.0,mixed
spent,3.0,mixed
stalked,3.0,mixed
stayed,3.0,mixed
stiffening,3.0,mixed
stowing,3.0,mixed
strewn,3.0,mixed
swarming,3.0,mixed
swept,3.0,mixed
swoon,3.0,mixed
tacking,3.0,mixed
tangling,3.0,mixed
tanked,3.0,mixed
televise,3.0,mixed
tested,3.0,mixed
thank,3.0,mixed
tunneling,3.0,mixed
underpinning,3.0,mixed
unmask,3.0,mixed
waft,3.0,mixed
warehoused,3.0,mixed
wedging,3.0,mixed
wore,3.0,mixed
aerially,3.0,mixed
auction off,3.0,mixed
backburner,3.0,mixed
barge in,3.0,mixed
biomechanics,3.0,mixed
blood sugar,3.0,mixed
bluishness,3.0,mixed
blurt out,3.0,mixed
bolsterer,3.0,mixed
branchless,3.0,mixed
break out,3.0,mixed
brush aside,3.0,mixed
championess,3.0,mixed
chip off,3.0,mixed
churn out,3.0,mixed
come over,3.0,mixed
condensate,3.0,mixed
counterturn,3.0,mixed
cut in,3.0,mixed
damply,3.0,mixed
december,3.0,mixed
distorter,3.0,mixed
dividable,3.0,mixed
erectable,3.0,mixed
excretive,3.0,mixed
extrude,3.0,mixed
face off,3.0,mixed
filtrate,3.0,mixed
floristry,3.0,mixed
garble,3.0,mixed
gentlepeople,3.0,mixed
greenhouse gas,3.0,mixed
grittiness,3.0,mixed
hardener,3.0,mixed
harvest time,3.0,mixed
heirless,3.0,mixed
hemispherical,3.0,mixed
hexagonally,3.0,mixed
honeysuckled,3.0,mixed
hydrophobic,3.0,mixed
impregnator,3.0,mixed
inebriant,3.0,mixed
initiator,3.0,mixed
injurer,3.0,mixed
inner circle,3.0,mixed
interlink,3.0,mixed
jellification,3.0,mixed
job description,3.0,mixed
joint venture,3.0,mixed
knifeless,3.0,mixed
lightless,3.0,mixed
magnetizer,3.0,mixed
middle age,3.0,mixed
miniaturist,3.0,mixed
mobilizer,3.0,mixed
monotype,3.0,mixed
muter,3.0,mixed
nagger,3.0,mixed
netlike,3.0,mixed
newsgathering,3.0,mixed
nontransparent,3.0,mixed
outland,3.0,mixed
pasteurizer,3.0,mixed
patchable,3.0,mixed
pearled,3.0,mixed
photoreceptive,3.0,mixed
plumpness,3.0,mixed
plunderer,3.0,mixed
postseason,3.0,mixed
prefabricator,3.0,mixed
probiotic,3.0,mixed
put away,3.0,mixed
radioscopic,3.0,mixed
recolor,3.0,mixed
rectangularity,3.0,mixed
reoccupy,3.0,mixed
retexture,3.0,mixed
rigidness,3.0,mixed
rip out,3.0,mixed
road rage,3.0,mixed
school year,3.0,mixed
scratchproof,3.0,mixed
selectable,3.0,mixed
serrate,3.0,mixed
slip in,3.0,mixed
slotting,3.0,mixed
sparky,3.0,mixed
subjugator,3.0,mixed
submergible,3.0,mixed
take turns,3.0,mixed
translucently,3.0,mixed
uncanvassed,3.0,mixed
undernutrition,3.0,mixed
undersign,3.0,mixed
unmarred,3.0,mixed
unplowed,3.0,mixed
uptowner,3.0,mixed
varicolored,3.0,mixed
wagerer,3.0,mixed
warmish,3.0,mixed
waterlessness,3.0,mixed
wetly,3.0,mixed
working class,3.0,mixed
abrasive,3.03,mixed
breakable,3.03,mixed
clammy,3.03,mixed
ducky,3.03,mixed
durable,3.03,mixed
flyable,3.03,mixed
globetrotting,3.03,mixed
initial,3.03,mixed
inseparable,3.03,mixed
lawless,3.03,mixed
lifeless,3.03,mixed
microwavable,3.03,mixed
native,3.03,mixed
raspy,3.03,mixed
tidy,3.03,mixed
transportable,3.03,mixed
unescorted,3.03,mixed
unventilated,3.03,mixed
utter,3.03,mixed
offline,3.03,mixed
adoption,3.03,mixed
annoyer,3.03,mixed
artisan,3.03,mixed
astronomy,3.03,mixed
biohazard,3.03,mixed
captive,3.03,mixed
casework,3.03,mixed
circulation,3.03,mixed
coding,3.03,mixed
commuter,3.03,mixed
compound,3.03,mixed
confidant,3.03,mixed
crime,3.03,mixed
custody,3.03,mixed
ejection,3.03,mixed
evaporation,3.03,mixed
example,3.03,mixed
forgery,3.03,mixed
fossilization,3.03,mixed
fuzziness,3.03,mixed
glitch,3.03,mixed
handoff,3.03,mixed
homosexuality,3.03,mixed
immigration,3.03,mixed
inbound,3.03,mixed
insulter,3.03,mixed
maneuver,3.03,mixed
perk,3.03,mixed
postponement,3.03,mixed
preservative,3.03,mixed
research,3.03,mixed
rest,3.03,mixed
retirement,3.03,mixed
retraction,3.03,mixed
retreat,3.03,mixed
revolt,3.03,mixed
rival,3.03,mixed
simulation,3.03,mixed
slogan,3.03,mixed
styling,3.03,mixed
summary,3.03,mixed
tech,3.03,mixed
transparency,3.03,mixed
ventilating,3.03,mixed
vocabulary,3.03,mixed
volumes,3.03,mixed
warfare,3.03,mixed
wattage,3.03,mixed
accept,3.03,mixed
bask,3.03,mixed
cooling,3.03,mixed
counterweighted,3.03,mixed
cresting,3.03,mixed
deface,3.03,mixed
disentangle,3.03,mixed
doubling,3.03,mixed
filled,3.03,mixed
grow,3.03,mixed
heal,3.03,mixed
hurting,3.03,mixed
marry,3.03,mixed
mixed,3.03,mixed
molest,3.03,mixed
nag,3.03,mixed
overstep,3.03,mixed
peddling,3.03,mixed
polarize,3.03,mixed
relinquish,3.03,mixed
rifling,3.03,mixed
saddling,3.03,mixed
sang,3.03,mixed
scattered,3.03,mixed
smelled,3.03,mixed
surviving,3.03,mixed
warping,3.03,mixed
constructible,3.03,mixed
freefall,3.03,mixed
physical education,3.03,mixed
prohibitionist,3.03,mixed
rancidity,3.03,mixed
rechargeable,3.03,mixed
shut up,3.03,mixed
stand alone,3.03,mixed
thursday,3.03,mixed
animate,3.04,mixed
aromatic,3.04,mixed
askew,3.04,mixed
baptismal,3.04,mixed
battered,3.04,mixed
breathable,3.04,mixed
broadband,3.04,mixed
burly,3.04,mixed
containable,3.04,mixed
detachable,3.04,mixed
emptier,3.04,mixed
encyclopedic,3.04,mixed
erosive,3.04,mixed
firmer,3.04,mixed
gaunt,3.04,mixed
glacial,3.04,mixed
grubby,3.04,mixed
heathen,3.04,mixed
homeless,3.04,mixed
housebroken,3.04,mixed
lethal,3.04,mixed
lipid,3.04,mixed
local,3.04,mixed
microbiological,3.04,mixed
muffled,3.04,mixed
narcoleptic,3.04,mixed
narrow,3.04,mixed
neighboring,3.04,mixed
papery,3.04,mixed
preadolescent,3.04,mixed
purebred,3.04,mixed
pyramidal,3.04,mixed
quarterfinal,3.04,mixed
recyclable,3.04,mixed
reverberating,3.04,mixed
seafaring,3.04,mixed
silvery,3.04,mixed
squashy,3.04,mixed
submersible,3.04,mixed
swift,3.04,mixed
tactile,3.04,mixed
terrestrial,3.04,mixed
tightfisted,3.04,mixed
unblinking,3.04,mixed
unworn,3.04,mixed
hush,3.04,mixed
august,3.04,mixed
adrenaline,3.04,mixed
aerial,3.04,mixed
airspeed,3.04,mixed
atmosphere,3.04,mixed
attachment,3.04,mixed
backflow,3.04,mixed
backwater,3.04,mixed
beholder,3.04,mixed
bimbo,3.04,mixed
blurb,3.04,mixed
bonus,3.04,mixed
boundary,3.04,mixed
chancellery,3.04,mixed
chatterbox,3.04,mixed
cleanup,3.04,mixed
commission,3.04,mixed
compact,3.04,mixed
component,3.04,mixed
confessor,3.04,mixed
copyright,3.04,mixed
crescendo,3.04,mixed
crossbreed,3.04,mixed
debugger,3.04,mixed
deconstruction,3.04,mixed
deuce,3.04,mixed
diocese,3.04,mixed
docudrama,3.04,mixed
drowsiness,3.04,mixed
east,3.04,mixed
evader,3.04,mixed
exhaustion,3.04,mixed
flakiness,3.04,mixed
frolic,3.04,mixed
frontage,3.04,mixed
grafting,3.04,mixed
gunnery,3.04,mixed
halfwit,3.04,mixed
holdup,3.04,mixed
hugeness,3.04,mixed
jokester,3.04,mixed
kilobyte,3.04,mixed
kwanza,3.04,mixed
lag,3.04,mixed
latecomer,3.04,mixed
lord,3.04,mixed
membership,3.04,mixed
minute,3.04,mixed
misalignment,3.04,mixed
newsbreak,3.04,mixed
nymphomaniac,3.04,mixed
outbreak,3.04,mixed
panic,3.04,mixed
performance,3.04,mixed
playact,3.04,mixed
plunge,3.04,mixed
prodigy,3.04,mixed
profanity,3.04,mixed
prowl,3.04,mixed
radiotherapy,3.04,mixed
ragtime,3.04,mixed
rambler,3.04,mixed
relaxation,3.04,mixed
replay,3.04,mixed
residency,3.04,mixed
savior,3.04,mixed
scrimmage,3.04,mixed
specs,3.04,mixed
specter,3.04,mixed
squall,3.04,mixed
stimulus,3.04,mixed
sublet,3.04,mixed
teetotaler,3.04,mixed
tenor,3.04,mixed
thirst,3.04,mixed
toiler,3.04,mixed
transfer,3.04,mixed
visibility,3.04,mixed
vitals,3.04,mixed
wicking,3.04,mixed
wretch,3.04,mixed
fiftieth,3.04,mixed
fourteen,3.04,mixed
last,3.04,mixed
them,3.04,mixed
blasting,3.04,mixed
bloat,3.04,mixed
blocking,3.04,mixed
brightening,3.04,mixed
casting,3.04,mixed
cohabitate,3.04,mixed
congratulate,3.04,mixed
consult,3.04,mixed
creeping,3.04,mixed
crucified,3.04,mixed
discard,3.04,mixed
disturb,3.04,mixed
dredge,3.04,mixed
drenching,3.04,mixed
dubbing,3.04,mixed
eavesdropping,3.04,mixed
encamp,3.04,mixed
expedite,3.04,mixed
felt,3.04,mixed
flexed,3.04,mixed
foreclose,3.04,mixed
formed,3.04,mixed
hidden,3.04,mixed
junking,3.04,mixed
lettered,3.04,mixed
living,3.04,mixed
medicate,3.04,mixed
moisturize,3.04,mixed
notify,3.04,mixed
overrunning,3.04,mixed
piped,3.04,mixed
plagiarize,3.04,mixed
plundering,3.04,mixed
prepay,3.04,mixed
pulverize,3.04,mixed
recede,3.04,mixed
reeled,3.04,mixed
refreeze,3.04,mixed
refuse,3.04,mixed
reshoot,3.04,mixed
resubmit,3.04,mixed
ruffling,3.04,mixed
scavenging,3.04,mixed
scram,3.04,mixed
sheathed,3.04,mixed
sheered,3.04,mixed
skedaddle,3.04,mixed
splat,3.04,mixed
swish,3.04,mixed
tamper,3.04,mixed
tooling,3.04,mixed
tortured,3.04,mixed
transgendered,3.04,mixed
trolling,3.04,mixed
trounce,3.04,mixed
uncloak,3.04,mixed
unfolding,3.04,mixed
unseal,3.04,mixed
wigged,3.04,mixed
withdraw,3.04,mixed
afterword,3.04,mixed
agriculturist,3.04,mixed
alphabetic,3.04,mixed
arguer,3.04,mixed
audibleness,3.04,mixed
beachcombing,3.04,mixed
blackener,3.04,mixed
brimmed,3.04,mixed
brush off,3.04,mixed
buxomness,3.04,mixed
clearcut,3.04,mixed
cold spell,3.04,mixed
common denominator,3.04,mixed
consoler,3.04,mixed
craterless,3.04,mixed
criticizer,3.04,mixed
deflator,3.04,mixed
drop dead,3.04,mixed
electroluminescent,3.04,mixed
enlargeable,3.04,mixed
family name,3.04,mixed
forbearer,3.04,mixed
forequarter,3.04,mixed
fringeless,3.04,mixed
glasslike,3.04,mixed
good guy,3.04,mixed
granulation,3.04,mixed
greaseproof,3.04,mixed
hand over,3.04,mixed
homoeopathist,3.04,mixed
humidness,3.04,mixed
hypothermal,3.04,mixed
identicalness,3.04,mixed
jeerer,3.04,mixed
lame duck,3.04,mixed
lightproof,3.04,mixed
melt down,3.04,mixed
micronutrient,3.04,mixed
middle ages,3.04,mixed
murkiness,3.04,mixed
nonadjacent,3.04,mixed
nondrying,3.04,mixed
northwardly,3.04,mixed
old age,3.04,mixed
overbook,3.04,mixed
overlarge,3.04,mixed
partitioning,3.04,mixed
postmenstrual,3.04,mixed
prettify,3.04,mixed
protege,3.04,mixed
pull back,3.04,mixed
quarrying,3.04,mixed
rest day,3.04,mixed
rightmost,3.04,mixed
scarification,3.04,mixed
send off,3.04,mixed
side view,3.04,mixed
sideward,3.04,mixed
siren song,3.04,mixed
subarctic,3.04,mixed
theoretician,3.04,mixed
thirstiness,3.04,mixed
ultrashort,3.04,mixed
uncapsizable,3.04,mixed
unclad,3.04,mixed
uncurled,3.04,mixed
uninstalled,3.04,mixed
vend,3.04,mixed
waypoint,3.04,mixed
whizzkid,3.04,mixed
wipe out,3.04,mixed
telegraphic,3.05,mixed
badlands,3.05,mixed
despot,3.05,mixed
escaper,3.05,mixed
houseful,3.05,mixed
rummy,3.05,mixed
vamp,3.05,mixed
arcing,3.05,mixed
silvering,3.05,mixed
tomblike,3.05,mixed
wide,3.06,mixed
goal,3.06,mixed
punisher,3.06,mixed
showing,3.06,mixed
take,3.06,mixed
annotation,3.06,mixed
wiseguy,3.06,mixed
alphabetical,3.07,mixed
anatomical,3.07,mixed
angular,3.07,mixed
auditory,3.07,mixed
biggest,3.07,mixed
blunt,3.07,mixed
childless,3.07,mixed
clean,3.07,mixed
connectible,3.07,mixed
downloadable,3.07,mixed
dual,3.07,mixed
endocrine,3.07,mixed
formfitting,3.07,mixed
grating,3.07,mixed
harmonic,3.07,mixed
hefty,3.07,mixed
hoarse,3.07,mixed
inflatable,3.07,mixed
junky,3.07,mixed
kosher,3.07,mixed
medical,3.07,mixed
multistory,3.07,mixed
musty,3.07,mixed
numeric,3.07,mixed
numerical,3.07,mixed
peripheral,3.07,mixed
perky,3.07,mixed
pinkish,3.07,mixed
postal,3.07,mixed
raging,3.07,mixed
rapid,3.07,mixed
sad,3.07,mixed
scenic,3.07,mixed
scruffy,3.07,mixed
secluded,3.07,mixed
seismic,3.07,mixed
smelly,3.07,mixed
squeaky,3.07,mixed
stagnant,3.07,mixed
stretchy,3.07,mixed
sunshiny,3.07,mixed
tubby,3.07,mixed
twisty,3.07,mixed
uneven,3.07,mixed
unorganized,3.07,mixed
untidy,3.07,mixed
weathered,3.07,mixed
wholesale,3.07,mixed
halfway,3.07,mixed
lengthwise,3.07,mixed
reassembly,3.07,mixed
softly,3.07,mixed
straightaway,3.07,mixed
whither,3.07,mixed
hurrah,3.07,mixed
goliath,3.07,mixed
stumpy,3.07,mixed
abbreviation,3.07,mixed
abduction,3.07,mixed
abyss,3.07,mixed
algorithm,3.07,mixed
allowance,3.07,mixed
anthology,3.07,mixed
arrival,3.07,mixed
attendance,3.07,mixed
awakening,3.07,mixed
blondness,3.07,mixed
brewing,3.07,mixed
cannibalism,3.07,mixed
cinch,3.07,mixed
compression,3.07,mixed
counterterrorist,3.07,mixed
creator,3.07,mixed
decompression,3.07,mixed
definition,3.07,mixed
deflection,3.07,mixed
delegate,3.07,mixed
departure,3.07,mixed
devourer,3.07,mixed
digest,3.07,mixed
disaster,3.07,mixed
discussion,3.07,mixed
dizziness,3.07,mixed
drift,3.07,mixed
enslaver,3.07,mixed
entirety,3.07,mixed
entrepreneur,3.07,mixed
exes,3.07,mixed
exponent,3.07,mixed
extremity,3.07,mixed
fable,3.07,mixed
factoid,3.07,mixed
franchise,3.07,mixed
friend,3.07,mixed
gigolo,3.07,mixed
gourmet,3.07,mixed
gumminess,3.07,mixed
guzzler,3.07,mixed
handicap,3.07,mixed
hero,3.07,mixed
implantation,3.07,mixed
impotence,3.07,mixed
income,3.07,mixed
increment,3.07,mixed
insider,3.07,mixed
lender,3.07,mixed
locality,3.07,mixed
loudness,3.07,mixed
maintenance,3.07,mixed
martyr,3.07,mixed
masterwork,3.07,mixed
megabyte,3.07,mixed
member,3.07,mixed
mentalist,3.07,mixed
middleweight,3.07,mixed
midlife,3.07,mixed
monotone,3.07,mixed
notation,3.07,mixed
offence,3.07,mixed
overlap,3.07,mixed
physics,3.07,mixed
placement,3.07,mixed
pressure,3.07,mixed
profit,3.07,mixed
proponent,3.07,mixed
rant,3.07,mixed
rebel,3.07,mixed
recess,3.07,mixed
reenactment,3.07,mixed
renovation,3.07,mixed
rhythm,3.07,mixed
schooling,3.07,mixed
scrambler,3.07,mixed
semester,3.07,mixed
settlement,3.07,mixed
sham,3.07,mixed
sinner,3.07,mixed
sleuth,3.07,mixed
speller,3.07,mixed
supplement,3.07,mixed
survivalist,3.07,mixed
tallness,3.07,mixed
teleportation,3.07,mixed
time,3.07,mixed
tone,3.07,mixed
transgender,3.07,mixed
treaty,3.07,mixed
trial,3.07,mixed
turnout,3.07,mixed
tutorial,3.07,mixed
urology,3.07,mixed
utility,3.07,mixed
valuables,3.07,mixed
violence,3.07,mixed
volume,3.07,mixed
warp,3.07,mixed
wiz,3.07,mixed
zodiac,3.07,mixed
zone,3.07,mixed
tenth,3.07,mixed
twelfth,3.07,mixed
across,3.07,mixed
accompany,3.07,mixed
alter,3.07,mixed
browse,3.07,mixed
cater,3.07,mixed
chlorinate,3.07,mixed
cite,3.07,mixed
commuting,3.07,mixed
confine,3.07,mixed
constrict,3.07,mixed
cranked,3.07,mixed
die,3.07,mixed
dissipate,3.07,mixed
earmark,3.07,mixed
enlarging,3.07,mixed
expanding,3.07,mixed
faded,3.07,mixed
fidget,3.07,mixed
frighten,3.07,mixed
funneled,3.07,mixed
graduate,3.07,mixed
grained,3.07,mixed
guarding,3.07,mixed
harmonize,3.07,mixed
hoarding,3.07,mixed
indent,3.07,mixed
inhabited,3.07,mixed
jettison,3.07,mixed
landed,3.07,mixed
lend,3.07,mixed
manufacture,3.07,mixed
mouthed,3.07,mixed
obliterate,3.07,mixed
outbid,3.07,mixed
palmed,3.07,mixed
perform,3.07,mixed
pooped,3.07,mixed
powered,3.07,mixed
recapture,3.07,mixed
repeated,3.07,mixed
scalding,3.07,mixed
scattering,3.07,mixed
scold,3.07,mixed
sifted,3.07,mixed
sifting,3.07,mixed
slopped,3.07,mixed
sneering,3.07,mixed
sprung,3.07,mixed
stalking,3.07,mixed
stole,3.07,mixed
strung,3.07,mixed
sue,3.07,mixed
surfaced,3.07,mixed
tailed,3.07,mixed
tally,3.07,mixed
transferred,3.07,mixed
trodden,3.07,mixed
twiddling,3.07,mixed
unseat,3.07,mixed
wield,3.07,mixed
wounding,3.07,mixed
act out,3.07,mixed
bickerer,3.07,mixed
bottom up,3.07,mixed
burnable,3.07,mixed
chunkiness,3.07,mixed
confronter,3.07,mixed
conjoin,3.07,mixed
counterweigh,3.07,mixed
dinnerless,3.07,mixed
exhibitioner,3.07,mixed
fade out,3.07,mixed
fall back,3.07,mixed
fingerlike,3.07,mixed
first class,3.07,mixed
flabbiness,3.07,mixed
floatable,3.07,mixed
freedwoman,3.07,mixed
homecare,3.07,mixed
hyperextension,3.07,mixed
infanthood,3.07,mixed
interweaving,3.07,mixed
jumpiness,3.07,mixed
key word,3.07,mixed
knifelike,3.07,mixed
liberationist,3.07,mixed
martial law,3.07,mixed
muscularly,3.07,mixed
number crunching,3.07,mixed
offscreen,3.07,mixed
oversweet,3.07,mixed
oxidant,3.07,mixed
pasteurize,3.07,mixed
pick out,3.07,mixed
preservationist,3.07,mixed
pudginess,3.07,mixed
referrer,3.07,mixed
rejecter,3.07,mixed
risk taker,3.07,mixed
round up,3.07,mixed
saturday,3.07,mixed
set aside,3.07,mixed
stage fright,3.07,mixed
stir up,3.07,mixed
test case,3.07,mixed
ticketless,3.07,mixed
uncrown,3.07,mixed
underfeed,3.07,mixed
unfitted,3.07,mixed
unisexual,3.07,mixed
unscratched,3.07,mixed
warmness,3.07,mixed
wideness,3.07,mixed
wild west,3.07,mixed
world record,3.07,mixed
analogue,3.08,mixed
biracial,3.08,mixed
coed,3.08,mixed
comfy,3.08,mixed
computerized,3.08,mixed
dental,3.08,mixed
homecoming,3.08,mixed
horseless,3.08,mixed
itemized,3.08,mixed
mismatched,3.08,mixed
motherless,3.08,mixed
murky,3.08,mixed
nitrous,3.08,mixed
nonaligned,3.08,mixed
porky,3.08,mixed
postnatal,3.08,mixed
sculptural,3.08,mixed
stereophonic,3.08,mixed
thunderous,3.08,mixed
visible,3.08,mixed
woodsy,3.08,mixed
colorfully,3.08,mixed
forwards,3.08,mixed
avenger,3.08,mixed
belle,3.08,mixed
browning,3.08,mixed
account,3.08,mixed
advert,3.08,mixed
aeronautics,3.08,mixed
alimony,3.08,mixed
amperage,3.08,mixed
archaeology,3.08,mixed
autopilot,3.08,mixed
beeline,3.08,mixed
buildup,3.08,mixed
caesarean,3.08,mixed
crockery,3.08,mixed
cryptology,3.08,mixed
divorcer,3.08,mixed
ephedrine,3.08,mixed
epigram,3.08,mixed
euthanasia,3.08,mixed
freelancer,3.08,mixed
glimpse,3.08,mixed
habitation,3.08,mixed
hardball,3.08,mixed
labor,3.08,mixed
launderer,3.08,mixed
mandate,3.08,mixed
moonlighter,3.08,mixed
nonstick,3.08,mixed
omega,3.08,mixed
overture,3.08,mixed
preshrunk,3.08,mixed
quartering,3.08,mixed
recitation,3.08,mixed
ripper,3.08,mixed
savant,3.08,mixed
scorcher,3.08,mixed
slant,3.08,mixed
stardust,3.08,mixed
stateside,3.08,mixed
stranglehold,3.08,mixed
tailwind,3.08,mixed
temptress,3.08,mixed
thingamabob,3.08,mixed
thousand,3.08,mixed
tiebreaker,3.08,mixed
trade,3.08,mixed
visitation,3.08,mixed
ninetieth,3.08,mixed
we,3.08,mixed
animating,3.08,mixed
belting,3.08,mixed
centigrade,3.08,mixed
chatting,3.08,mixed
churning,3.08,mixed
costuming,3.08,mixed
demount,3.08,mixed
deskbound,3.08,mixed
destroy,3.08,mixed
displayed,3.08,mixed
drawl,3.08,mixed
flanked,3.08,mixed
fourscore,3.08,mixed
interlaced,3.08,mixed
policed,3.08,mixed
rebroadcast,3.08,mixed
sashay,3.08,mixed
scoured,3.08,mixed
scrounge,3.08,mixed
seep,3.08,mixed
stow,3.08,mixed
sung,3.08,mixed
tented,3.08,mixed
thieve,3.08,mixed
travelled,3.08,mixed
tugging,3.08,mixed
unpacked,3.08,mixed
untangle,3.08,mixed
aquatically,3.08,mixed
assigner,3.08,mixed
barbless,3.08,mixed
boil down,3.08,mixed
bowlike,3.08,mixed
breezeless,3.08,mixed
bulleted,3.08,mixed
dawdler,3.08,mixed
discarder,3.08,mixed
disfigurer,3.08,mixed
dissectible,3.08,mixed
emulator,3.08,mixed
equidistance,3.08,mixed
flexibleness,3.08,mixed
hydropower,3.08,mixed
intestinally,3.08,mixed
liquefiable,3.08,mixed
mugginess,3.08,mixed
multihued,3.08,mixed
nonrectangular,3.08,mixed
northeastwards,3.08,mixed
once more,3.08,mixed
overplant,3.08,mixed
raw data,3.08,mixed
reinsurer,3.08,mixed
replier,3.08,mixed
reverser,3.08,mixed
rimmed,3.08,mixed
scrawniness,3.08,mixed
top up,3.08,mixed
uncased,3.08,mixed
uncloaked,3.08,mixed
undrilled,3.08,mixed
unfilled,3.08,mixed
unhealed,3.08,mixed
unhealthily,3.08,mixed
wanker,3.08,mixed
welcomer,3.08,mixed
winterless,3.08,mixed
molecular,3.09,mixed
coot,3.09,mixed
crabber,3.09,mixed
disrepair,3.09,mixed
emissary,3.09,mixed
genus,3.09,mixed
phrasemaker,3.09,mixed
piecework,3.09,mixed
springtime,3.09,mixed
tatters,3.09,mixed
pouched,3.09,mixed
shuck,3.09,mixed
trod,3.09,mixed
antiglare,3.09,mixed
balminess,3.09,mixed
banisher,3.09,mixed
braise,3.09,mixed
circler,3.09,mixed
counterstroke,3.09,mixed
diskless,3.09,mixed
doglike,3.09,mixed
draw up,3.09,mixed
emaciation,3.09,mixed
enrobe,3.09,mixed
fruitiness,3.09,mixed
gemini,3.09,mixed
hit parade,3.09,mixed
inserter,3.09,mixed
knobbiness,3.09,mixed
lapful,3.09,mixed
meltingly,3.09,mixed
microwatt,3.09,mixed
northland,3.09,mixed
overarch,3.09,mixed
pixilation,3.09,mixed
soilless,3.09,mixed
studentship,3.09,mixed
unfarmed,3.09,mixed
abbreviated,3.1,mixed
absorbent,3.1,mixed
cancerous,3.1,mixed
collapsible,3.1,mixed
compacted,3.1,mixed
epileptic,3.1,mixed
greenish,3.1,mixed
hazardous,3.1,mixed
layered,3.1,mixed
numb,3.1,mixed
ragged,3.1,mixed
retractable,3.1,mixed
rhythmic,3.1,mixed
simmering,3.1,mixed
thrusting,3.1,mixed
violent,3.1,mixed
woozy,3.1,mixed
aloud,3.1,mixed
biweekly,3.1,mixed
slowly,3.1,mixed
butch,3.1,mixed
voyager,3.1,mixed
watt,3.1,mixed
afterglow,3.1,mixed
aid,3.1,mixed
binge,3.1,mixed
bleep,3.1,mixed
capacity,3.1,mixed
comedy,3.1,mixed
composition,3.1,mixed
daydreamer,3.1,mixed
deal,3.1,mixed
decomposition,3.1,mixed
dignitary,3.1,mixed
disorder,3.1,mixed
dork,3.1,mixed
fraction,3.1,mixed
hotness,3.1,mixed
hour,3.1,mixed
inheritance,3.1,mixed
insomniac,3.1,mixed
madhouse,3.1,mixed
malnutrition,3.1,mixed
maniac,3.1,mixed
profile,3.1,mixed
province,3.1,mixed
punk,3.1,mixed
reflex,3.1,mixed
self,3.1,mixed
sequence,3.1,mixed
sir,3.1,mixed
softness,3.1,mixed
solstice,3.1,mixed
synonym,3.1,mixed
trajectory,3.1,mixed
bet,3.1,mixed
borrow,3.1,mixed
bragging,3.1,mixed
burst,3.1,mixed
contaminate,3.1,mixed
corroding,3.1,mixed
dilute,3.1,mixed
glancing,3.1,mixed
hack,3.1,mixed
heading,3.1,mixed
repelling,3.1,mixed
scanning,3.1,mixed
slay,3.1,mixed
smother,3.1,mixed
sputter,3.1,mixed
towered,3.1,mixed
unfolded,3.1,mixed
zoom,3.1,mixed
blogger,3.1,mixed
clamminess,3.1,mixed
clean up,3.1,mixed
comingle,3.1,mixed
credit line,3.1,mixed
detachability,3.1,mixed
fair weather,3.1,mixed
global warming,3.1,mixed
line up,3.1,mixed
motionlessly,3.1,mixed
plumps,3.1,mixed
prickliness,3.1,mixed
scentless,3.1,mixed
sneak in,3.1,mixed
tense up,3.1,mixed
trade balance,3.1,mixed
underpayment,3.1,mixed
warm up,3.1,mixed
biodegradable,3.11,mixed
biological,3.11,mixed
cellular,3.11,mixed
chronological,3.11,mixed
eastern,3.11,mixed
eatable,3.11,mixed
epicenter,3.11,mixed
exfoliating,3.11,mixed
gangly,3.11,mixed
holographic,3.11,mixed
neuropsychological,3.11,mixed
neurosurgical,3.11,mixed
neuter,3.11,mixed
orbital,3.11,mixed
spiny,3.11,mixed
splotchy,3.11,mixed
tiny,3.11,mixed
uncut,3.11,mixed
weatherproof,3.11,mixed
airwave,3.11,mixed
appraisal,3.11,mixed
archenemy,3.11,mixed
authenticator,3.11,mixed
backtalk,3.11,mixed
bigot,3.11,mixed
caucus,3.11,mixed
ceasefire,3.11,mixed
chitchat,3.11,mixed
depth,3.11,mixed
distillation,3.11,mixed
energy,3.11,mixed
fathead,3.11,mixed
femaleness,3.11,mixed
fitness,3.11,mixed
gentlefolk,3.11,mixed
geography,3.11,mixed
getaway,3.11,mixed
handiwork,3.11,mixed
highlight,3.11,mixed
hygiene,3.11,mixed
masterpiece,3.11,mixed
matrix,3.11,mixed
metamorphosis,3.11,mixed
minion,3.11,mixed
miscarriage,3.11,mixed
muddiness,3.11,mixed
pace,3.11,mixed
perkiness,3.11,mixed
presentation,3.11,mixed
pyromaniac,3.11,mixed
remainder,3.11,mixed
retrieval,3.11,mixed
revenue,3.11,mixed
royalty,3.11,mixed
screening,3.11,mixed
seductress,3.11,mixed
sightseeing,3.11,mixed
slavery,3.11,mixed
subspecies,3.11,mixed
surveillance,3.11,mixed
symbol,3.11,mixed
teatime,3.11,mixed
unemployment,3.11,mixed
unpin,3.11,mixed
beneath,3.11,mixed
absorb,3.11,mixed
barred,3.11,mixed
blanketed,3.11,mixed
deafen,3.11,mixed
disassemble,3.11,mixed
elevated,3.11,mixed
handled,3.11,mixed
handpick,3.11,mixed
hire,3.11,mixed
lie,3.11,mixed
nonfat,3.11,mixed
paralyses,3.11,mixed
plunder,3.11,mixed
preheat,3.11,mixed
retire,3.11,mixed
ripening,3.11,mixed
shorten,3.11,mixed
slithers,3.11,mixed
starred,3.11,mixed
surging,3.11,mixed
teleport,3.11,mixed
touched,3.11,mixed
unhitch,3.11,mixed
unsheathing,3.11,mixed
unwound,3.11,mixed
upload,3.11,mixed
wake,3.11,mixed
wallow,3.11,mixed
wed,3.11,mixed
addressor,3.11,mixed
backtracker,3.11,mixed
barebone,3.11,mixed
bejewel,3.11,mixed
black out,3.11,mixed
break up,3.11,mixed
brownness,3.11,mixed
buy off,3.11,mixed
floppiness,3.11,mixed
formulator,3.11,mixed
gag order,3.11,mixed
insurer,3.11,mixed
itemizer,3.11,mixed
levelness,3.11,mixed
lone wolf,3.11,mixed
missionary work,3.11,mixed
obtrusion,3.11,mixed
price index,3.11,mixed
radio signal,3.11,mixed
repetitiously,3.11,mixed
round off,3.11,mixed
slimness,3.11,mixed
slip away,3.11,mixed
spirally,3.11,mixed
spoilage,3.11,mixed
stick up,3.11,mixed
towable,3.11,mixed
ultralight,3.11,mixed
unabsorbed,3.11,mixed
unstirred,3.11,mixed
aboriginal,3.12,mixed
ashen,3.12,mixed
blank,3.12,mixed
braised,3.12,mixed
colorable,3.12,mixed
endoplasmic,3.12,mixed
golden,3.12,mixed
grappling,3.12,mixed
gusty,3.12,mixed
holey,3.12,mixed
hypothermic,3.12,mixed
inflammable,3.12,mixed
lanky,3.12,mixed
luminous,3.12,mixed
ruffled,3.12,mixed
runny,3.12,mixed
sleeker,3.12,mixed
suborbital,3.12,mixed
trenched,3.12,mixed
unmixed,3.12,mixed
venetian,3.12,mixed
loudly,3.12,mixed
rectally,3.12,mixed
woody,3.12,mixed
acoustics,3.12,mixed
apnea,3.12,mixed
ballistics,3.12,mixed
banshee,3.12,mixed
blackball,3.12,mixed
blunderer,3.12,mixed
bogeyman,3.12,mixed
burlesque,3.12,mixed
clampdown,3.12,mixed
constituent,3.12,mixed
counteragent,3.12,mixed
damages,3.12,mixed
denseness,3.12,mixed
dysplasia,3.12,mixed
finery,3.12,mixed
florescence,3.12,mixed
furlough,3.12,mixed
hospitalization,3.12,mixed
ingestion,3.12,mixed
inspection,3.12,mixed
kidder,3.12,mixed
lockup,3.12,mixed
lowlander,3.12,mixed
matchmaker,3.12,mixed
menagerie,3.12,mixed
multimillionaire,3.12,mixed
neurotoxin,3.12,mixed
phlebotomy,3.12,mixed
predecessor,3.12,mixed
psychics,3.12,mixed
rebounder,3.12,mixed
simpleton,3.12,mixed
smiting,3.12,mixed
snooper,3.12,mixed
townie,3.12,mixed
urinalysis,3.12,mixed
vertex,3.12,mixed
wakeup,3.12,mixed
wildcard,3.12,mixed
sixteenth,3.12,mixed
banded,3.12,mixed
cannibalize,3.12,mixed
clubbing,3.12,mixed
combining,3.12,mixed
crooning,3.12,mixed
deflate,3.12,mixed
deliver,3.12,mixed
download,3.12,mixed
enter,3.12,mixed
flaring,3.12,mixed
forage,3.12,mixed
freebase,3.12,mixed
piloting,3.12,mixed
plummet,3.12,mixed
pricked,3.12,mixed
sauntering,3.12,mixed
shorn,3.12,mixed
shrunk,3.12,mixed
surrounding,3.12,mixed
swelter,3.12,mixed
applier,3.12,mixed
arterially,3.12,mixed
beaklike,3.12,mixed
beastlike,3.12,mixed
broadways,3.12,mixed
catchword,3.12,mixed
categorist,3.12,mixed
celled,3.12,mixed
charterer,3.12,mixed
clear out,3.12,mixed
countercheck,3.12,mixed
crammer,3.12,mixed
crocodile tears,3.12,mixed
curvedness,3.12,mixed
cut short,3.12,mixed
dwarfishness,3.12,mixed
elflike,3.12,mixed
fabricator,3.12,mixed
fashionista,3.12,mixed
fluffiness,3.12,mixed
fumeless,3.12,mixed
glisteningly,3.12,mixed
hilliness,3.12,mixed
lankiness,3.12,mixed
microvolt,3.12,mixed
nonintersecting,3.12,mixed
northwester,3.12,mixed
nucleoprotein,3.12,mixed
outthrust,3.12,mixed
overfish,3.12,mixed
pastiness,3.12,mixed
personal care,3.12,mixed
pictography,3.12,mixed
plumping,3.12,mixed
power broker,3.12,mixed
pranker,3.12,mixed
pumiced,3.12,mixed
quadruplicate,3.12,mixed
repo,3.12,mixed
shrouding,3.12,mixed
square root,3.12,mixed
submersed,3.12,mixed
superhard,3.12,mixed
topologic,3.12,mixed
twitchiness,3.12,mixed
typographic,3.12,mixed
unarm,3.12,mixed
unrented,3.12,mixed
woodenness,3.12,mixed
craggy,3.13,mixed
expensive,3.13,mixed
northern,3.13,mixed
sopping,3.13,mixed
toxic,3.13,mixed
unraveled,3.13,mixed
here,3.13,mixed
whoop,3.13,mixed
l,3.13,mixed
goring,3.13,mixed
asker,3.13,mixed
bigmouth,3.13,mixed
breeder,3.13,mixed
cultivation,3.13,mixed
damper,3.13,mixed
encephalitis,3.13,mixed
eviction,3.13,mixed
form,3.13,mixed
frill,3.13,mixed
newcomer,3.13,mixed
proofs,3.13,mixed
rage,3.13,mixed
shortlist,3.13,mixed
size,3.13,mixed
stuff,3.13,mixed
sufferer,3.13,mixed
suppressant,3.13,mixed
trademark,3.13,mixed
everybody,3.13,mixed
alphabetize,3.13,mixed
appear,3.13,mixed
confiscate,3.13,mixed
copulate,3.13,mixed
garnished,3.13,mixed
incarcerate,3.13,mixed
purging,3.13,mixed
revive,3.13,mixed
blast off,3.13,mixed
chloroplast,3.13,mixed
demographer,3.13,mixed
disarmer,3.13,mixed
evictor,3.13,mixed
gnarl,3.13,mixed
interjector,3.13,mixed
january,3.13,mixed
preamplifier,3.13,mixed
replicator,3.13,mixed
science fiction,3.13,mixed
shareowner,3.13,mixed
uncurling,3.13,mixed
wear out,3.13,mixed
acrobatic,3.14,mixed
aerobic,3.14,mixed
alive,3.14,mixed
architectural,3.14,mixed
bracing,3.14,mixed
dense,3.14,mixed
endoscopic,3.14,mixed
inflamed,3.14,mixed
ingrown,3.14,mixed
lumbering,3.14,mixed
metric,3.14,mixed
microelectronic,3.14,mixed
radioactive,3.14,mixed
reversible,3.14,mixed
rotary,3.14,mixed
royal,3.14,mixed
scrawny,3.14,mixed
segmented,3.14,mixed
sour,3.14,mixed
strong,3.14,mixed
tidal,3.14,mixed
underage,3.14,mixed
viselike,3.14,mixed
wedded,3.14,mixed
wee,3.14,mixed
womanlike,3.14,mixed
wormy,3.14,mixed
soundless,3.14,mixed
activator,3.14,mixed
addict,3.14,mixed
algebra,3.14,mixed
aridity,3.14,mixed
backstabber,3.14,mixed
ballast,3.14,mixed
bastard,3.14,mixed
budget,3.14,mixed
coarseness,3.14,mixed
cuss,3.14,mixed
end,3.14,mixed
extraction,3.14,mixed
fatigue,3.14,mixed
fling,3.14,mixed
fulltime,3.14,mixed
grouping,3.14,mixed
guesser,3.14,mixed
homebody,3.14,mixed
hyphenation,3.14,mixed
impostor,3.14,mixed
legislation,3.14,mixed
madwoman,3.14,mixed
masses,3.14,mixed
midnight,3.14,mixed
moneymaker,3.14,mixed
mortgage,3.14,mixed
mutilation,3.14,mixed
neuroscience,3.14,mixed
overpayment,3.14,mixed
pennyweight,3.14,mixed
plot,3.14,mixed
rampage,3.14,mixed
reentry,3.14,mixed
reorder,3.14,mixed
reservation,3.14,mixed
schooldays,3.14,mixed
shape,3.14,mixed
shortness,3.14,mixed
sighting,3.14,mixed
smut,3.14,mixed
spook,3.14,mixed
strategist,3.14,mixed
stun,3.14,mixed
subject,3.14,mixed
sublevel,3.14,mixed
swag,3.14,mixed
thievery,3.14,mixed
trading,3.14,mixed
turbo,3.14,mixed
vacation,3.14,mixed
weakling,3.14,mixed
whacker,3.14,mixed
his,3.14,mixed
aged,3.14,mixed
alarmed,3.14,mixed
bagging,3.14,mixed
battled,3.14,mixed
booted,3.14,mixed
branched,3.14,mixed
clouded,3.14,mixed
coasting,3.14,mixed
confined,3.14,mixed
cultivate,3.14,mixed
designate,3.14,mixed
devour,3.14,mixed
disheveled,3.14,mixed
dissected,3.14,mixed
dozed,3.14,mixed
fled,3.14,mixed
gasping,3.14,mixed
leading,3.14,mixed
learning,3.14,mixed
loaded,3.14,mixed
ordered,3.14,mixed
partitioned,3.14,mixed
reap,3.14,mixed
recharge,3.14,mixed
remove,3.14,mixed
roosted,3.14,mixed
sanitize,3.14,mixed
shone,3.14,mixed
smoothing,3.14,mixed
surfacing,3.14,mixed
uncheck,3.14,mixed
unmasked,3.14,mixed
unshackle,3.14,mixed
watched,3.14,mixed
ambidextrously,3.14,mixed
backboned,3.14,mixed
bad temper,3.14,mixed
chlorite,3.14,mixed
complier,3.14,mixed
dark horse,3.14,mixed
death warrant,3.14,mixed
fernlike,3.14,mixed
fill in,3.14,mixed
first name,3.14,mixed
flimsiness,3.14,mixed
fluted,3.14,mixed
get together,3.14,mixed
glass ceiling,3.14,mixed
hemophilic,3.14,mixed
hooplike,3.14,mixed
jostler,3.14,mixed
laugh at,3.14,mixed
leap year,3.14,mixed
midweekly,3.14,mixed
military action,3.14,mixed
mushiness,3.14,mixed
recoat,3.14,mixed
redeliver,3.14,mixed
rise up,3.14,mixed
rush off,3.14,mixed
semidarkness,3.14,mixed
solubility,3.14,mixed
stay away,3.14,mixed
tax break,3.14,mixed
unpaired,3.14,mixed
unsaddling,3.14,mixed
unshackling,3.14,mixed
unsliced,3.14,mixed
waviness,3.14,mixed
wednesday,3.14,mixed
wirer,3.14,mixed
assorted,3.15,mixed
bloodless,3.15,mixed
colorless,3.15,mixed
crested,3.15,mixed
daily,3.15,mixed
fisted,3.15,mixed
hazy,3.15,mixed
narrower,3.15,mixed
nonporous,3.15,mixed
oblique,3.15,mixed
paramilitary,3.15,mixed
sappy,3.15,mixed
seagoing,3.15,mixed
soviet,3.15,mixed
tanning,3.15,mixed
topographical,3.15,mixed
translucent,3.15,mixed
unfrozen,3.15,mixed
unfurnished,3.15,mixed
unwashed,3.15,mixed
weaponless,3.15,mixed
wobbly,3.15,mixed
apart,3.15,mixed
heavily,3.15,mixed
scraggly,3.15,mixed
wriggly,3.15,mixed
fester,3.15,mixed
prober,3.15,mixed
aerobatics,3.15,mixed
aftercare,3.15,mixed
anniversary,3.15,mixed
astigmatism,3.15,mixed
audit,3.15,mixed
behemoth,3.15,mixed
braggart,3.15,mixed
charter,3.15,mixed
detonation,3.15,mixed
dogface,3.15,mixed
draft,3.15,mixed
falsetto,3.15,mixed
follower,3.15,mixed
holidays,3.15,mixed
infector,3.15,mixed
informer,3.15,mixed
inviter,3.15,mixed
itch,3.15,mixed
lineage,3.15,mixed
listing,3.15,mixed
lobotomy,3.15,mixed
lockout,3.15,mixed
marksmanship,3.15,mixed
math,3.15,mixed
microchemistry,3.15,mixed
mister,3.15,mixed
mountaineering,3.15,mixed
noontime,3.15,mixed
noun,3.15,mixed
nuptials,3.15,mixed
oceanography,3.15,mixed
payout,3.15,mixed
roomful,3.15,mixed
scruff,3.15,mixed
slack,3.15,mixed
slugger,3.15,mixed
spacing,3.15,mixed
takeaway,3.15,mixed
throng,3.15,mixed
township,3.15,mixed
undulate,3.15,mixed
banding,3.15,mixed
bicker,3.15,mixed
bushwhacking,3.15,mixed
copied,3.15,mixed
dictate,3.15,mixed
dissolve,3.15,mixed
donated,3.15,mixed
extending,3.15,mixed
go,3.15,mixed
migrate,3.15,mixed
noted,3.15,mixed
prying,3.15,mixed
replant,3.15,mixed
scoff,3.15,mixed
scrapping,3.15,mixed
shag,3.15,mixed
shearing,3.15,mixed
submerged,3.15,mixed
teach,3.15,mixed
unwrap,3.15,mixed
wading,3.15,mixed
woke,3.15,mixed
woven,3.15,mixed
abdominally,3.15,mixed
afterhours,3.15,mixed
antitoxic,3.15,mixed
bareness,3.15,mixed
big money,3.15,mixed
chatterer,3.15,mixed
civil service,3.15,mixed
crucifier,3.15,mixed
cushiony,3.15,mixed
disinfector,3.15,mixed
double play,3.15,mixed
filetype,3.15,mixed
filterer,3.15,mixed
get behind,3.15,mixed
grassiness,3.15,mixed
hang up,3.15,mixed
leave behind,3.15,mixed
melting pot,3.15,mixed
midmonth,3.15,mixed
parttime,3.15,mixed
police state,3.15,mixed
rubberize,3.15,mixed
semitransparent,3.15,mixed
shortie,3.15,mixed
solidifier,3.15,mixed
timbering,3.15,mixed
track record,3.15,mixed
unboxed,3.15,mixed
unpinned,3.15,mixed
yiddish,3.15,mixed
bristly,3.16,mixed
crystalline,3.16,mixed
current,3.16,mixed
downward,3.16,mixed
grainy,3.16,mixed
parallel,3.16,mixed
polychromatic,3.16,mixed
tropic,3.16,mixed
unclasped,3.16,mixed
young,3.16,mixed
southwards,3.16,mixed
addressee,3.16,mixed
ambush,3.16,mixed
antitoxin,3.16,mixed
bellyful,3.16,mixed
butchery,3.16,mixed
byproduct,3.16,mixed
consumption,3.16,mixed
drunkenness,3.16,mixed
exploder,3.16,mixed
falconry,3.16,mixed
glutton,3.16,mixed
hallucinogen,3.16,mixed
kiddo,3.16,mixed
loudmouth,3.16,mixed
meddler,3.16,mixed
projection,3.16,mixed
ravager,3.16,mixed
tandem,3.16,mixed
tingle,3.16,mixed
toots,3.16,mixed
user,3.16,mixed
choreograph,3.16,mixed
dying,3.16,mixed
flagging,3.16,mixed
laddered,3.16,mixed
refracting,3.16,mixed
rethread,3.16,mixed
scouring,3.16,mixed
solidify,3.16,mixed
woolgathering,3.16,mixed
bloomless,3.16,mixed
booklover,3.16,mixed
child care,3.16,mixed
counterplea,3.16,mixed
cradler,3.16,mixed
damped,3.16,mixed
defoliated,3.16,mixed
dismantler,3.16,mixed
fight off,3.16,mixed
hipshot,3.16,mixed
juiceless,3.16,mixed
leftie,3.16,mixed
magnetoelectricity,3.16,mixed
nonmetal,3.16,mixed
northeastward,3.16,mixed
omnivore,3.16,mixed
pitchy,3.16,mixed
postpaid,3.16,mixed
pulverizer,3.16,mixed
quadrangular,3.16,mixed
revolutionist,3.16,mixed
slicken,3.16,mixed
strangulate,3.16,mixed
unstitching,3.16,mixed
wateriness,3.16,mixed
wormlike,3.16,mixed
antibacterial,3.17,mixed
antiviral,3.17,mixed
blinding,3.17,mixed
decrepit,3.17,mixed
gargantuan,3.17,mixed
grizzly,3.17,mixed
inactive,3.17,mixed
jittery,3.17,mixed
mechanical,3.17,mixed
metalloid,3.17,mixed
movable,3.17,mixed
petrified,3.17,mixed
saturated,3.17,mixed
scented,3.17,mixed
shatterproof,3.17,mixed
teeny,3.17,mixed
threadlike,3.17,mixed
twinkly,3.17,mixed
unwired,3.17,mixed
vascular,3.17,mixed
yearly,3.17,mixed
backwards,3.17,mixed
intravenously,3.17,mixed
deforest,3.17,mixed
drew,3.17,mixed
fuller,3.17,mixed
adrenalin,3.17,mixed
anagrams,3.17,mixed
caseload,3.17,mixed
catchphrase,3.17,mixed
conservationist,3.17,mixed
coupe,3.17,mixed
distance,3.17,mixed
editing,3.17,mixed
egghead,3.17,mixed
election,3.17,mixed
extortionist,3.17,mixed
forgiver,3.17,mixed
funding,3.17,mixed
icebreaker,3.17,mixed
kickback,3.17,mixed
kilo,3.17,mixed
lookalike,3.17,mixed
megaton,3.17,mixed
meltdown,3.17,mixed
nightlife,3.17,mixed
outskirts,3.17,mixed
overdraft,3.17,mixed
ping,3.17,mixed
placebo,3.17,mixed
playoffs,3.17,mixed
prostitution,3.17,mixed
puritan,3.17,mixed
rasp,3.17,mixed
reconstruction,3.17,mixed
repellant,3.17,mixed
repetition,3.17,mixed
shelling,3.17,mixed
suspension,3.17,mixed
tempest,3.17,mixed
thing,3.17,mixed
touchup,3.17,mixed
triage,3.17,mixed
amble,3.17,mixed
arise,3.17,mixed
attend,3.17,mixed
backfiring,3.17,mixed
balancing,3.17,mixed
blotched,3.17,mixed
blurt,3.17,mixed
dashed,3.17,mixed
dilated,3.17,mixed
discuss,3.17,mixed
enlarge,3.17,mixed
flamed,3.17,mixed
flew,3.17,mixed
gamble,3.17,mixed
hover,3.17,mixed
intertwine,3.17,mixed
mingle,3.17,mixed
mislabel,3.17,mixed
oscillate,3.17,mixed
prizewinning,3.17,mixed
rescue,3.17,mixed
scored,3.17,mixed
unearth,3.17,mixed
unearthed,3.17,mixed
baglike,3.17,mixed
bioactive,3.17,mixed
brand new,3.17,mixed
capricorn,3.17,mixed
circumnavigator,3.17,mixed
corrugate,3.17,mixed
echoless,3.17,mixed
midsentence,3.17,mixed
nonconductor,3.17,mixed
nonmagnetic,3.17,mixed
openhanded,3.17,mixed
pin down,3.17,mixed
practical joke,3.17,mixed
retouch,3.17,mixed
road game,3.17,mixed
scabbiness,3.17,mixed
skinniness,3.17,mixed
soother,3.17,mixed
spiderlike,3.17,mixed
third world,3.17,mixed
unexcavated,3.17,mixed
varnisher,3.17,mixed
veneering,3.17,mixed
verticalness,3.17,mixed
shopkeeping,3.18,mixed
accelerated,3.18,mixed
bouncy,3.18,mixed
incumbent,3.18,mixed
interlocking,3.18,mixed
loose,3.18,mixed
orphaned,3.18,mixed
polar,3.18,mixed
quadruple,3.18,mixed
scrotal,3.18,mixed
seasick,3.18,mixed
southbound,3.18,mixed
tiered,3.18,mixed
toothy,3.18,mixed
transparent,3.18,mixed
zesty,3.18,mixed
long,3.18,mixed
southward,3.18,mixed
commencement,3.18,mixed
debate,3.18,mixed
dislocation,3.18,mixed
fatness,3.18,mixed
feud,3.18,mixed
fray,3.18,mixed
fund,3.18,mixed
goofball,3.18,mixed
locator,3.18,mixed
narrative,3.18,mixed
pallor,3.18,mixed
pickings,3.18,mixed
protegee,3.18,mixed
repeater,3.18,mixed
siege,3.18,mixed
sleazebag,3.18,mixed
weekday,3.18,mixed
bending,3.18,mixed
bolting,3.18,mixed
clustering,3.18,mixed
creviced,3.18,mixed
descend,3.18,mixed
dowse,3.18,mixed
evict,3.18,mixed
gassing,3.18,mixed
hearing,3.18,mixed
intercept,3.18,mixed
jabbering,3.18,mixed
launder,3.18,mixed
rounding,3.18,mixed
spreading,3.18,mixed
storekeeping,3.18,mixed
telemarketing,3.18,mixed
throttling,3.18,mixed
uncouple,3.18,mixed
back off,3.18,mixed
bimolecular,3.18,mixed
breeching,3.18,mixed
craterlike,3.18,mixed
dustiness,3.18,mixed
elbowroom,3.18,mixed
end product,3.18,mixed
estimator,3.18,mixed
guildsman,3.18,mixed
herbicidal,3.18,mixed
identity theft,3.18,mixed
keep off,3.18,mixed
lapelled,3.18,mixed
mass media,3.18,mixed
overleap,3.18,mixed
pull together,3.18,mixed
snapback,3.18,mixed
stretchiness,3.18,mixed
barefaced,3.19,mixed
beefy,3.19,mixed
bridgeless,3.19,mixed
catchable,3.19,mixed
chewy,3.19,mixed
citric,3.19,mixed
corporeal,3.19,mixed
crumbly,3.19,mixed
curried,3.19,mixed
fatal,3.19,mixed
fatter,3.19,mixed
fibrous,3.19,mixed
flimsy,3.19,mixed
garlicky,3.19,mixed
intravenous,3.19,mixed
older,3.19,mixed
oozy,3.19,mixed
ornate,3.19,mixed
rasping,3.19,mixed
socialist,3.19,mixed
uncrushable,3.19,mixed
bloodily,3.19,mixed
manually,3.19,mixed
addresser,3.19,mixed
easterner,3.19,mixed
abortionist,3.19,mixed
aerospace,3.19,mixed
afterschool,3.19,mixed
airplay,3.19,mixed
alumni,3.19,mixed
aphrodisiac,3.19,mixed
bandwidth,3.19,mixed
blip,3.19,mixed
cameo,3.19,mixed
chemo,3.19,mixed
chump,3.19,mixed
clatter,3.19,mixed
concussion,3.19,mixed
cosmos,3.19,mixed
decade,3.19,mixed
defender,3.19,mixed
discoloration,3.19,mixed
duelist,3.19,mixed
facade,3.19,mixed
facsimile,3.19,mixed
fermentation,3.19,mixed
fool,3.19,mixed
genetics,3.19,mixed
ghost,3.19,mixed
grammar,3.19,mixed
gridlock,3.19,mixed
job,3.19,mixed
legwork,3.19,mixed
liberator,3.19,mixed
lollapalooza,3.19,mixed
luminescence,3.19,mixed
menopause,3.19,mixed
murmur,3.19,mixed
nappy,3.19,mixed
newshound,3.19,mixed
osteoporosis,3.19,mixed
ovulation,3.19,mixed
particulate,3.19,mixed
prettiness,3.19,mixed
professorship,3.19,mixed
region,3.19,mixed
rewriter,3.19,mixed
scheduler,3.19,mixed
screener,3.19,mixed
seamlessness,3.19,mixed
slut,3.19,mixed
storminess,3.19,mixed
supremacist,3.19,mixed
symptom,3.19,mixed
tidbit,3.19,mixed
tightwad,3.19,mixed
translucence,3.19,mixed
undergrad,3.19,mixed
undergraduate,3.19,mixed
unisex,3.19,mixed
uprights,3.19,mixed
verse,3.19,mixed
wailer,3.19,mixed
waveform,3.19,mixed
seventeen,3.19,mixed
blastoff,3.19,mixed
conceal,3.19,mixed
croon,3.19,mixed
detonate,3.19,mixed
fed,3.19,mixed
fluttering,3.19,mixed
fuck,3.19,mixed
gearing,3.19,mixed
install,3.19,mixed
lugged,3.19,mixed
oversleep,3.19,mixed
pilfer,3.19,mixed
preheated,3.19,mixed
reappear,3.19,mixed
reside,3.19,mixed
skimmed,3.19,mixed
slept,3.19,mixed
sodomize,3.19,mixed
splice,3.19,mixed
stat,3.19,mixed
stopping,3.19,mixed
suffocating,3.19,mixed
swoop,3.19,mixed
tallish,3.19,mixed
tinker,3.19,mixed
turning,3.19,mixed
veer,3.19,mixed
writhing,3.19,mixed
bagginess,3.19,mixed
benefiter,3.19,mixed
bladderless,3.19,mixed
bow out,3.19,mixed
bring back,3.19,mixed
bumpily,3.19,mixed
contaminator,3.19,mixed
creaminess,3.19,mixed
dark matter,3.19,mixed
day off,3.19,mixed
dissolvable,3.19,mixed
fibrousness,3.19,mixed
foliated,3.19,mixed
fossilize,3.19,mixed
knock off,3.19,mixed
liquefier,3.19,mixed
misspelling,3.19,mixed
money laundering,3.19,mixed
mother tongue,3.19,mixed
nonmalleable,3.19,mixed
reshipment,3.19,mixed
round robin,3.19,mixed
rub off,3.19,mixed
stamp out,3.19,mixed
sudden death,3.19,mixed
trump card,3.19,mixed
twistable,3.19,mixed
unawake,3.19,mixed
under fire,3.19,mixed
barren,3.2,mixed
boxy,3.2,mixed
cardiovascular,3.2,mixed
close,3.2,mixed
exothermal,3.2,mixed
graphic,3.2,mixed
molten,3.2,mixed
phosphoric,3.2,mixed
stinking,3.2,mixed
unclosed,3.2,mixed
vinegary,3.2,mixed
wispy,3.2,mixed
wordy,3.2,mixed
freehand,3.2,mixed
midway,3.2,mixed
surgically,3.2,mixed
arbitrator,3.2,mixed
argon,3.2,mixed
backup,3.2,mixed
birthday,3.2,mixed
clink,3.2,mixed
damage,3.2,mixed
devastator,3.2,mixed
equinox,3.2,mixed
exfoliation,3.2,mixed
flirter,3.2,mixed
fumbler,3.2,mixed
hundred,3.2,mixed
hydroponics,3.2,mixed
infancy,3.2,mixed
litmus,3.2,mixed
logistician,3.2,mixed
migraine,3.2,mixed
network,3.2,mixed
paleontology,3.2,mixed
premises,3.2,mixed
preview,3.2,mixed
rehearsal,3.2,mixed
riffle,3.2,mixed
shortcut,3.2,mixed
tenet,3.2,mixed
thud,3.2,mixed
deepen,3.2,mixed
erecting,3.2,mixed
gouge,3.2,mixed
grown,3.2,mixed
interlock,3.2,mixed
jetted,3.2,mixed
plod,3.2,mixed
plugging,3.2,mixed
radiated,3.2,mixed
reconstruct,3.2,mixed
restring,3.2,mixed
scribing,3.2,mixed
shrinking,3.2,mixed
slanting,3.2,mixed
spew,3.2,mixed
ticketing,3.2,mixed
tongued,3.2,mixed
unstring,3.2,mixed
blackening,3.2,mixed
blackheart,3.2,mixed
decrescendo,3.2,mixed
dehorn,3.2,mixed
dilapidate,3.2,mixed
drafter,3.2,mixed
goriness,3.2,mixed
lacelike,3.2,mixed
loose cannon,3.2,mixed
mediterranean,3.2,mixed
noiseproof,3.2,mixed
noncircular,3.2,mixed
outscore,3.2,mixed
patternmaking,3.2,mixed
quarreler,3.2,mixed
soft spot,3.2,mixed
tapeless,3.2,mixed
voodooist,3.2,mixed
asymmetrical,3.21,mixed
bare,3.21,mixed
chiller,3.21,mixed
closetful,3.21,mixed
colic,3.21,mixed
combustible,3.21,mixed
disabled,3.21,mixed
due,3.21,mixed
gastric,3.21,mixed
gastrointestinal,3.21,mixed
geographic,3.21,mixed
intercontinental,3.21,mixed
itchy,3.21,mixed
limber,3.21,mixed
massive,3.21,mixed
northeasterly,3.21,mixed
oxidized,3.21,mixed
pancreatic,3.21,mixed
panoramic,3.21,mixed
parched,3.21,mixed
patchy,3.21,mixed
penile,3.21,mixed
schematic,3.21,mixed
thermal,3.21,mixed
transcontinental,3.21,mixed
unclean,3.21,mixed
uncompleted,3.21,mixed
uneaten,3.21,mixed
ungraded,3.21,mixed
unstained,3.21,mixed
withering,3.21,mixed
dumdum,3.21,mixed
ill,3.21,mixed
alteration,3.21,mixed
altercation,3.21,mixed
aromatherapy,3.21,mixed
astringent,3.21,mixed
avatar,3.21,mixed
blackmailer,3.21,mixed
chronicler,3.21,mixed
communicator,3.21,mixed
consonant,3.21,mixed
creepers,3.21,mixed
cybersex,3.21,mixed
debriefing,3.21,mixed
delta,3.21,mixed
demos,3.21,mixed
destruction,3.21,mixed
diet,3.21,mixed
doubleheader,3.21,mixed
dramatist,3.21,mixed
edition,3.21,mixed
expo,3.21,mixed
fertilization,3.21,mixed
grunting,3.21,mixed
handler,3.21,mixed
heir,3.21,mixed
hunker,3.21,mixed
hybrid,3.21,mixed
inquisitor,3.21,mixed
kingship,3.21,mixed
meridian,3.21,mixed
ministry,3.21,mixed
misstep,3.21,mixed
northerner,3.21,mixed
orangey,3.21,mixed
papering,3.21,mixed
possessor,3.21,mixed
procession,3.21,mixed
promotion,3.21,mixed
protest,3.21,mixed
pruning,3.21,mixed
pulsation,3.21,mixed
rebate,3.21,mixed
refereeing,3.21,mixed
retractor,3.21,mixed
showdown,3.21,mixed
sidebar,3.21,mixed
sight,3.21,mixed
subsystem,3.21,mixed
testimony,3.21,mixed
transgressor,3.21,mixed
trickster,3.21,mixed
view,3.21,mixed
wanderer,3.21,mixed
warning,3.21,mixed
warranty,3.21,mixed
winner,3.21,mixed
worrier,3.21,mixed
thousandth,3.21,mixed
beaten,3.21,mixed
capture,3.21,mixed
dicing,3.21,mixed
dissect,3.21,mixed
egging,3.21,mixed
fathered,3.21,mixed
hide,3.21,mixed
immobilize,3.21,mixed
inhabit,3.21,mixed
lounging,3.21,mixed
muffle,3.21,mixed
mutter,3.21,mixed
open,3.21,mixed
overstuff,3.21,mixed
pegged,3.21,mixed
pray,3.21,mixed
refinish,3.21,mixed
reposition,3.21,mixed
resuscitate,3.21,mixed
rooted,3.21,mixed
roughhousing,3.21,mixed
salvage,3.21,mixed
sank,3.21,mixed
see,3.21,mixed
seeded,3.21,mixed
semisweet,3.21,mixed
spewing,3.21,mixed
stargaze,3.21,mixed
stoned,3.21,mixed
strode,3.21,mixed
swaying,3.21,mixed
thickening,3.21,mixed
timbered,3.21,mixed
transporting,3.21,mixed
trudge,3.21,mixed
twinkle,3.21,mixed
unload,3.21,mixed
widen,3.21,mixed
birdlike,3.21,mixed
bisectional,3.21,mixed
combiner,3.21,mixed
creamlike,3.21,mixed
crotched,3.21,mixed
crystal clear,3.21,mixed
dealmaker,3.21,mixed
death sentence,3.21,mixed
dustproof,3.21,mixed
fishlike,3.21,mixed
grapelike,3.21,mixed
groaner,3.21,mixed
halloween,3.21,mixed
machinelike,3.21,mixed
neglector,3.21,mixed
opaqueness,3.21,mixed
rat race,3.21,mixed
rebind,3.21,mixed
slow motion,3.21,mixed
soak up,3.21,mixed
soapiness,3.21,mixed
undusted,3.21,mixed
unfermented,3.21,mixed
voyageur,3.21,mixed
weatherworn,3.21,mixed
wise guy,3.21,mixed
chipper,3.22,mixed
eastbound,3.22,mixed
saucy,3.22,mixed
small,3.22,mixed
ticklish,3.22,mixed
ultraviolet,3.22,mixed
urinary,3.22,mixed
vaulted,3.22,mixed
veiled,3.22,mixed
widowed,3.22,mixed
aground,3.22,mixed
absorption,3.22,mixed
apostle,3.22,mixed
backwoods,3.22,mixed
billionaire,3.22,mixed
biosphere,3.22,mixed
blueness,3.22,mixed
choreography,3.22,mixed
dunce,3.22,mixed
electrochemistry,3.22,mixed
episode,3.22,mixed
foreplay,3.22,mixed
fortification,3.22,mixed
grunge,3.22,mixed
hemophilia,3.22,mixed
levitation,3.22,mixed
melee,3.22,mixed
milestone,3.22,mixed
range,3.22,mixed
reunion,3.22,mixed
roughneck,3.22,mixed
rubric,3.22,mixed
slob,3.22,mixed
subscription,3.22,mixed
timbre,3.22,mixed
arrive,3.22,mixed
begging,3.22,mixed
born,3.22,mixed
browsing,3.22,mixed
chilled,3.22,mixed
dissolving,3.22,mixed
eject,3.22,mixed
emit,3.22,mixed
encrust,3.22,mixed
forged,3.22,mixed
mimic,3.22,mixed
perish,3.22,mixed
pillage,3.22,mixed
spearheaded,3.22,mixed
stargazing,3.22,mixed
stimulate,3.22,mixed
tabled,3.22,mixed
unfroze,3.22,mixed
unlink,3.22,mixed
untangling,3.22,mixed
vaporize,3.22,mixed
bottlelike,3.22,mixed
brusher,3.22,mixed
carry on,3.22,mixed
carve up,3.22,mixed
cold snap,3.22,mixed
commencer,3.22,mixed
defreeze,3.22,mixed
domelike,3.22,mixed
driverless,3.22,mixed
flushness,3.22,mixed
franchiser,3.22,mixed
freak out,3.22,mixed
frothily,3.22,mixed
glassiness,3.22,mixed
jack up,3.22,mixed
mistiness,3.22,mixed
moonward,3.22,mixed
motorize,3.22,mixed
phototherapy,3.22,mixed
repave,3.22,mixed
reroll,3.22,mixed
sapless,3.22,mixed
side effect,3.22,mixed
simulcast,3.22,mixed
strike out,3.22,mixed
tarlike,3.22,mixed
tartness,3.22,mixed
tighten up,3.22,mixed
youngling,3.22,mixed
audible,3.23,mixed
clawless,3.23,mixed
crinkly,3.23,mixed
fiery,3.23,mixed
malformed,3.23,mixed
northwesterly,3.23,mixed
sooty,3.23,mixed
sore,3.23,mixed
spiced,3.23,mixed
starchy,3.23,mixed
superheated,3.23,mixed
ugly,3.23,mixed
uncombed,3.23,mixed
unsaddled,3.23,mixed
vending,3.23,mixed
shaggy,3.23,mixed
spiller,3.23,mixed
adjuster,3.23,mixed
bauble,3.23,mixed
billon,3.23,mixed
boogie,3.23,mixed
championship,3.23,mixed
clearinghouse,3.23,mixed
competitor,3.23,mixed
constitution,3.23,mixed
coronation,3.23,mixed
curriculum,3.23,mixed
databank,3.23,mixed
downrange,3.23,mixed
enforcer,3.23,mixed
epidemic,3.23,mixed
epilogue,3.23,mixed
excavation,3.23,mixed
executor,3.23,mixed
formation,3.23,mixed
giantess,3.23,mixed
haunch,3.23,mixed
helpline,3.23,mixed
heretic,3.23,mixed
hyphenate,3.23,mixed
midbrain,3.23,mixed
nerd,3.23,mixed
outcry,3.23,mixed
palpation,3.23,mixed
peekaboo,3.23,mixed
sacking,3.23,mixed
slapper,3.23,mixed
snoozer,3.23,mixed
staggers,3.23,mixed
tale,3.23,mixed
thrasher,3.23,mixed
attached,3.23,mixed
dimmed,3.23,mixed
drained,3.23,mixed
fatten,3.23,mixed
heckle,3.23,mixed
pout,3.23,mixed
reattach,3.23,mixed
remold,3.23,mixed
shafted,3.23,mixed
squawking,3.23,mixed
subparagraph,3.23,mixed
traversing,3.23,mixed
twisted,3.23,mixed
uncorked,3.23,mixed
underlining,3.23,mixed
uproot,3.23,mixed
voiced,3.23,mixed
airpower,3.23,mixed
ambidexterity,3.23,mixed
beadlike,3.23,mixed
bendable,3.23,mixed
blind date,3.23,mixed
erectness,3.23,mixed
field work,3.23,mixed
fluorescence,3.23,mixed
hit list,3.23,mixed
interior design,3.23,mixed
intoxicator,3.23,mixed
ionizer,3.23,mixed
nightshift,3.23,mixed
nutlike,3.23,mixed
photochemistry,3.23,mixed
reddishness,3.23,mixed
reforestation,3.23,mixed
take back,3.23,mixed
thicketed,3.23,mixed
bankrupt,3.24,mixed
bounding,3.24,mixed
breathy,3.24,mixed
brownish,3.24,mixed
commercial,3.24,mixed
congested,3.24,mixed
conical,3.24,mixed
inanimate,3.24,mixed
iridescent,3.24,mixed
leaner,3.24,mixed
lengthy,3.24,mixed
mangy,3.24,mixed
mute,3.24,mixed
rubbery,3.24,mixed
shimmery,3.24,mixed
westernmost,3.24,mixed
bimonthly,3.24,mixed
rumple,3.24,mixed
ancestor,3.24,mixed
banger,3.24,mixed
blindside,3.24,mixed
bobble,3.24,mixed
boogeyman,3.24,mixed
breadwinner,3.24,mixed
bulk,3.24,mixed
compatriot,3.24,mixed
contour,3.24,mixed
defacement,3.24,mixed
framework,3.24,mixed
gamma,3.24,mixed
healthcare,3.24,mixed
jumbo,3.24,mixed
liquidator,3.24,mixed
maelstrom,3.24,mixed
manifesto,3.24,mixed
monogamist,3.24,mixed
obesity,3.24,mixed
outpatient,3.24,mixed
persuader,3.24,mixed
preshow,3.24,mixed
purchaser,3.24,mixed
section,3.24,mixed
sidekick,3.24,mixed
starboard,3.24,mixed
sterilization,3.24,mixed
stunt,3.24,mixed
submerse,3.24,mixed
surprise,3.24,mixed
technology,3.24,mixed
underwriter,3.24,mixed
atop,3.24,mixed
bunted,3.24,mixed
calibrate,3.24,mixed
erode,3.24,mixed
gestate,3.24,mixed
infected,3.24,mixed
loosen,3.24,mixed
merge,3.24,mixed
oink,3.24,mixed
orate,3.24,mixed
play,3.24,mixed
release,3.24,mixed
salting,3.24,mixed
sanded,3.24,mixed
scraped,3.24,mixed
waste,3.24,mixed
assailer,3.24,mixed
berrylike,3.24,mixed
celebrator,3.24,mixed
change hands,3.24,mixed
dried up,3.24,mixed
even out,3.24,mixed
fosterer,3.24,mixed
hinderer,3.24,mixed
interceder,3.24,mixed
knotless,3.24,mixed
life insurance,3.24,mixed
socializer,3.24,mixed
speak up,3.24,mixed
word processing,3.24,mixed
arching,3.25,mixed
bluer,3.25,mixed
bridal,3.25,mixed
coarse,3.25,mixed
inverted,3.25,mixed
multilayered,3.25,mixed
ovarian,3.25,mixed
phonographic,3.25,mixed
respiratory,3.25,mixed
separate,3.25,mixed
southwestern,3.25,mixed
stringed,3.25,mixed
tropical,3.25,mixed
uncapped,3.25,mixed
undocked,3.25,mixed
unsnapped,3.25,mixed
whole,3.25,mixed
upstate,3.25,mixed
vocally,3.25,mixed
slobbers,3.25,mixed
anemia,3.25,mixed
brethren,3.25,mixed
capitalization,3.25,mixed
cardiology,3.25,mixed
chooser,3.25,mixed
compensation,3.25,mixed
computing,3.25,mixed
dangler,3.25,mixed
divorce,3.25,mixed
docking,3.25,mixed
economist,3.25,mixed
emitter,3.25,mixed
genie,3.25,mixed
inning,3.25,mixed
jailbait,3.25,mixed
matte,3.25,mixed
microgram,3.25,mixed
micron,3.25,mixed
opus,3.25,mixed
pi,3.25,mixed
popover,3.25,mixed
primavera,3.25,mixed
proclamation,3.25,mixed
recycling,3.25,mixed
remark,3.25,mixed
scamp,3.25,mixed
sharer,3.25,mixed
shuffling,3.25,mixed
southwest,3.25,mixed
stabilizer,3.25,mixed
stunner,3.25,mixed
timeout,3.25,mixed
trafficker,3.25,mixed
ugliness,3.25,mixed
weeknight,3.25,mixed
workweek,3.25,mixed
year,3.25,mixed
on,3.25,mixed
blossomed,3.25,mixed
dampen,3.25,mixed
deflect,3.25,mixed
drying,3.25,mixed
leaving,3.25,mixed
mauling,3.25,mixed
meditate,3.25,mixed
move,3.25,mixed
scolding,3.25,mixed
stopped,3.25,mixed
streaming,3.25,mixed
treading,3.25,mixed
yapped,3.25,mixed
cast out,3.25,mixed
centermost,3.25,mixed
crumbliness,3.25,mixed
deputyship,3.25,mixed
drift away,3.25,mixed
endorser,3.25,mixed
fire up,3.25,mixed
flip side,3.25,mixed
hearing loss,3.25,mixed
hold up,3.25,mixed
honeymooner,3.25,mixed
incarcerator,3.25,mixed
kickstart,3.25,mixed
leftmost,3.25,mixed
life support,3.25,mixed
merrymaker,3.25,mixed
methodologist,3.25,mixed
nonwhite,3.25,mixed
patchiness,3.25,mixed
performing arts,3.25,mixed
shake up,3.25,mixed
shininess,3.25,mixed
showbusiness,3.25,mixed
skirmisher,3.25,mixed
spending cut,3.25,mixed
subdirectory,3.25,mixed
unbraided,3.25,mixed
unfenced,3.25,mixed
lipless,3.26,mixed
malnourished,3.26,mixed
microbial,3.26,mixed
monochromatic,3.26,mixed
moped,3.26,mixed
multiple,3.26,mixed
reburial,3.26,mixed
slimy,3.26,mixed
smudgy,3.26,mixed
uncrushed,3.26,mixed
windblown,3.26,mixed
grindingly,3.26,mixed
hoppy,3.26,mixed
jag,3.26,mixed
accent,3.26,mixed
accident,3.26,mixed
alignment,3.26,mixed
background,3.26,mixed
bottling,3.26,mixed
cheapskate,3.26,mixed
cholera,3.26,mixed
clunk,3.26,mixed
crackpot,3.26,mixed
detention,3.26,mixed
distributer,3.26,mixed
dredging,3.26,mixed
endpoint,3.26,mixed
evening,3.26,mixed
folktale,3.26,mixed
glimmer,3.26,mixed
hibernation,3.26,mixed
jerk,3.26,mixed
lackey,3.26,mixed
legroom,3.26,mixed
marauder,3.26,mixed
measurement,3.26,mixed
mediator,3.26,mixed
messiah,3.26,mixed
mitochondria,3.26,mixed
moaner,3.26,mixed
nitwit,3.26,mixed
northeaster,3.26,mixed
playgirl,3.26,mixed
quip,3.26,mixed
rainmaker,3.26,mixed
realty,3.26,mixed
roundup,3.26,mixed
straightness,3.26,mixed
supporter,3.26,mixed
syllable,3.26,mixed
terabyte,3.26,mixed
triathlon,3.26,mixed
nineteen,3.26,mixed
condense,3.26,mixed
depressurize,3.26,mixed
devouring,3.26,mixed
dispense,3.26,mixed
flirt,3.26,mixed
follow,3.26,mixed
grasping,3.26,mixed
handed,3.26,mixed
mumbling,3.26,mixed
outlined,3.26,mixed
overwrite,3.26,mixed
penning,3.26,mixed
pinning,3.26,mixed
publish,3.26,mixed
quaking,3.26,mixed
raping,3.26,mixed
rearrange,3.26,mixed
reboot,3.26,mixed
ruptured,3.26,mixed
scaling,3.26,mixed
separates,3.26,mixed
shackling,3.26,mixed
shaken,3.26,mixed
shielded,3.26,mixed
sobbing,3.26,mixed
unclasp,3.26,mixed
unwire,3.26,mixed
webcasting,3.26,mixed
air pollution,3.26,mixed
atlantic,3.26,mixed
coniferous,3.26,mixed
cratered,3.26,mixed
dash off,3.26,mixed
diluter,3.26,mixed
entwinement,3.26,mixed
midyear,3.26,mixed
nonreader,3.26,mixed
odoriferous,3.26,mixed
photofinishing,3.26,mixed
pulverization,3.26,mixed
reroof,3.26,mixed
shut down,3.26,mixed
single out,3.26,mixed
subtropics,3.26,mixed
unstamped,3.26,mixed
windiness,3.26,mixed
wisecracker,3.26,mixed
workfolk,3.26,mixed
adjustable,3.27,mixed
ajar,3.27,mixed
deaf,3.27,mixed
intertwining,3.27,mixed
larval,3.27,mixed
mammalian,3.27,mixed
menstrual,3.27,mixed
nonslip,3.27,mixed
odorous,3.27,mixed
overlapping,3.27,mixed
saltier,3.27,mixed
single,3.27,mixed
slobbery,3.27,mixed
starlit,3.27,mixed
suburban,3.27,mixed
whitish,3.27,mixed
half,3.27,mixed
accounting,3.27,mixed
airsickness,3.27,mixed
autumn,3.27,mixed
backcountry,3.27,mixed
bit,3.27,mixed
borrower,3.27,mixed
bro,3.27,mixed
callback,3.27,mixed
callus,3.27,mixed
confederate,3.27,mixed
design,3.27,mixed
dickhead,3.27,mixed
dissembler,3.27,mixed
fever,3.27,mixed
fleabag,3.27,mixed
gratuity,3.27,mixed
informant,3.27,mixed
jeering,3.27,mixed
joyride,3.27,mixed
lowlife,3.27,mixed
lunatic,3.27,mixed
modulator,3.27,mixed
molecule,3.27,mixed
monochrome,3.27,mixed
quotation,3.27,mixed
racketeer,3.27,mixed
sipper,3.27,mixed
spurt,3.27,mixed
stuffer,3.27,mixed
tart,3.27,mixed
unmentionables,3.27,mixed
walkabout,3.27,mixed
westerner,3.27,mixed
sixtieth,3.27,mixed
aim,3.27,mixed
bludgeoned,3.27,mixed
caught,3.27,mixed
cocked,3.27,mixed
divided,3.27,mixed
douse,3.27,mixed
fornicated,3.27,mixed
frisking,3.27,mixed
gape,3.27,mixed
gumming,3.27,mixed
handcrafted,3.27,mixed
sag,3.27,mixed
unbend,3.27,mixed
unchain,3.27,mixed
abductee,3.27,mixed
birdlife,3.27,mixed
cloudily,3.27,mixed
drop out,3.27,mixed
earthlike,3.27,mixed
endorsee,3.27,mixed
fleshiness,3.27,mixed
folklorist,3.27,mixed
glance over,3.27,mixed
grunter,3.27,mixed
jabberer,3.27,mixed
knoblike,3.27,mixed
minimum wage,3.27,mixed
set out,3.27,mixed
sidespin,3.27,mixed
sixtyfold,3.27,mixed
sourness,3.27,mixed
swearword,3.27,mixed
tear down,3.27,mixed
unlabeled,3.27,mixed
user interface,3.27,mixed
venturer,3.27,mixed
waterless,3.27,mixed
welted,3.27,mixed
acoustic,3.28,mixed
adrenal,3.28,mixed
bilingual,3.28,mixed
cardiopulmonary,3.28,mixed
cloaking,3.28,mixed
colder,3.28,mixed
crowded,3.28,mixed
decaying,3.28,mixed
frigid,3.28,mixed
geologic,3.28,mixed
misfile,3.28,mixed
muggy,3.28,mixed
overgrown,3.28,mixed
pearly,3.28,mixed
periodontal,3.28,mixed
slow,3.28,mixed
soggy,3.28,mixed
unhygienic,3.28,mixed
weekly,3.28,mixed
spherically,3.28,mixed
butterfingers,3.28,mixed
magnum,3.28,mixed
abolitionist,3.28,mixed
agitator,3.28,mixed
backspin,3.28,mixed
bioluminescence,3.28,mixed
business,3.28,mixed
celebrity,3.28,mixed
colostomy,3.28,mixed
convention,3.28,mixed
conversation,3.28,mixed
copulation,3.28,mixed
crasher,3.28,mixed
daytimes,3.28,mixed
embezzler,3.28,mixed
erotica,3.28,mixed
forelock,3.28,mixed
gleam,3.28,mixed
guardian,3.28,mixed
heatstroke,3.28,mixed
hellhound,3.28,mixed
howler,3.28,mixed
illumination,3.28,mixed
impregnation,3.28,mixed
incarceration,3.28,mixed
jailbreak,3.28,mixed
learner,3.28,mixed
lifeline,3.28,mixed
lifer,3.28,mixed
nudeness,3.28,mixed
overstock,3.28,mixed
overview,3.28,mixed
pilferer,3.28,mixed
prayer,3.28,mixed
proctology,3.28,mixed
ranching,3.28,mixed
rearrangement,3.28,mixed
recluse,3.28,mixed
regenerator,3.28,mixed
riff,3.28,mixed
sponsor,3.28,mixed
torque,3.28,mixed
twosome,3.28,mixed
vacancy,3.28,mixed
vortex,3.28,mixed
waterproofing,3.28,mixed
youth,3.28,mixed
amigo,3.28,mixed
buffing,3.28,mixed
deform,3.28,mixed
edit,3.28,mixed
exploded,3.28,mixed
invade,3.28,mixed
pasted,3.28,mixed
premed,3.28,mixed
shimmer,3.28,mixed
spoken,3.28,mixed
stealing,3.28,mixed
sweetening,3.28,mixed
thrashing,3.28,mixed
trample,3.28,mixed
undock,3.28,mixed
bitmap,3.28,mixed
break down,3.28,mixed
coatless,3.28,mixed
cover story,3.28,mixed
discography,3.28,mixed
eye strain,3.28,mixed
fashion industry,3.28,mixed
fattiness,3.28,mixed
focus group,3.28,mixed
friday,3.28,mixed
iciness,3.28,mixed
lobbyer,3.28,mixed
midevening,3.28,mixed
nonsymmetrical,3.28,mixed
nonworking,3.28,mixed
redeposit,3.28,mixed
reveler,3.28,mixed
reweave,3.28,mixed
split up,3.28,mixed
starchiness,3.28,mixed
undercoated,3.28,mixed
unjacketed,3.28,mixed
unrigged,3.28,mixed
agricultural,3.29,mixed
balder,3.29,mixed
boney,3.29,mixed
composite,3.29,mixed
membranous,3.29,mixed
retinal,3.29,mixed
sharper,3.29,mixed
stainless,3.29,mixed
unopened,3.29,mixed
viscous,3.29,mixed
warmer,3.29,mixed
uptown,3.29,mixed
hydra,3.29,mixed
wiggly,3.29,mixed
absentee,3.29,mixed
acts,3.29,mixed
aggressor,3.29,mixed
backlog,3.29,mixed
bandwagon,3.29,mixed
bargainer,3.29,mixed
bisection,3.29,mixed
blooper,3.29,mixed
bonehead,3.29,mixed
brand,3.29,mixed
champ,3.29,mixed
comment,3.29,mixed
contraception,3.29,mixed
coupling,3.29,mixed
crybaby,3.29,mixed
deactivator,3.29,mixed
deathtrap,3.29,mixed
disciple,3.29,mixed
disembowelment,3.29,mixed
district,3.29,mixed
dowry,3.29,mixed
encryption,3.29,mixed
epilepsy,3.29,mixed
flatness,3.29,mixed
gazer,3.29,mixed
headwind,3.29,mixed
hock,3.29,mixed
homebrew,3.29,mixed
horoscope,3.29,mixed
humorist,3.29,mixed
industry,3.29,mixed
marbling,3.29,mixed
narcolepsy,3.29,mixed
optics,3.29,mixed
part,3.29,mixed
poorhouse,3.29,mixed
postnasal,3.29,mixed
pullout,3.29,mixed
reflection,3.29,mixed
rhyme,3.29,mixed
ricochet,3.29,mixed
roost,3.29,mixed
slouchy,3.29,mixed
stanza,3.29,mixed
successor,3.29,mixed
sweepstake,3.29,mixed
swinger,3.29,mixed
tormentor,3.29,mixed
twat,3.29,mixed
voting,3.29,mixed
voyeur,3.29,mixed
warehousing,3.29,mixed
antiquing,3.29,mixed
banked,3.29,mixed
broke,3.29,mixed
brushed,3.29,mixed
clubbed,3.29,mixed
evaporate,3.29,mixed
flung,3.29,mixed
gawk,3.29,mixed
hospitalize,3.29,mixed
impregnate,3.29,mixed
misspell,3.29,mixed
multilevel,3.29,mixed
precut,3.29,mixed
pried,3.29,mixed
quarreling,3.29,mixed
resurface,3.29,mixed
scorching,3.29,mixed
straggle,3.29,mixed
strapped,3.29,mixed
supersize,3.29,mixed
tarnish,3.29,mixed
thrust,3.29,mixed
thundering,3.29,mixed
weatherproofed,3.29,mixed
weighing,3.29,mixed
whizzing,3.29,mixed
agedness,3.29,mixed
anchorless,3.29,mixed
arrester,3.29,mixed
bloused,3.29,mixed
child prodigy,3.29,mixed
crownwork,3.29,mixed
curliness,3.29,mixed
dislodgement,3.29,mixed
electrosurgical,3.29,mixed
equipper,3.29,mixed
filibusterer,3.29,mixed
frozenness,3.29,mixed
good looks,3.29,mixed
gun down,3.29,mixed
health care,3.29,mixed
moistly,3.29,mixed
move up,3.29,mixed
portliness,3.29,mixed
releaser,3.29,mixed
show off,3.29,mixed
solar energy,3.29,mixed
solidification,3.29,mixed
step up,3.29,mixed
sulphuric,3.29,mixed
swell up,3.29,mixed
tuesday,3.29,mixed
uncoated,3.29,mixed
wingback,3.29,mixed
anal,3.3,mixed
corrosive,3.3,mixed
drunken,3.3,mixed
electronic,3.3,mixed
flabby,3.3,mixed
glittery,3.3,mixed
gripping,3.3,mixed
multinational,3.3,mixed
outstretched,3.3,mixed
plushy,3.3,mixed
puffing,3.3,mixed
ripe,3.3,mixed
telescopic,3.3,mixed
untangled,3.3,mixed
windswept,3.3,mixed
facially,3.3,mixed
blur,3.3,mixed
brainwave,3.3,mixed
brushwork,3.3,mixed
cartel,3.3,mixed
census,3.3,mixed
countdown,3.3,mixed
department,3.3,mixed
duplication,3.3,mixed
employment,3.3,mixed
figurehead,3.3,mixed
foreclosure,3.3,mixed
frat,3.3,mixed
frontier,3.3,mixed
fumigant,3.3,mixed
fusion,3.3,mixed
goon,3.3,mixed
heist,3.3,mixed
hunger,3.3,mixed
illusionist,3.3,mixed
instep,3.3,mixed
liquidness,3.3,mixed
monologue,3.3,mixed
number,3.3,mixed
overlay,3.3,mixed
peacekeeper,3.3,mixed
processional,3.3,mixed
raider,3.3,mixed
second,3.3,mixed
snippet,3.3,mixed
sprawl,3.3,mixed
stenography,3.3,mixed
story,3.3,mixed
submitter,3.3,mixed
thespian,3.3,mixed
training,3.3,mixed
trustee,3.3,mixed
type,3.3,mixed
lots,3.3,mixed
aspirate,3.3,mixed
blondish,3.3,mixed
bowed,3.3,mixed
circling,3.3,mixed
coagulate,3.3,mixed
cobbling,3.3,mixed
darken,3.3,mixed
dividing,3.3,mixed
downshift,3.3,mixed
evacuate,3.3,mixed
grafted,3.3,mixed
jot,3.3,mixed
lodged,3.3,mixed
memorize,3.3,mixed
notice,3.3,mixed
oxidizing,3.3,mixed
panning,3.3,mixed
raking,3.3,mixed
relish,3.3,mixed
sleepwalk,3.3,mixed
slowpoke,3.3,mixed
smuggling,3.3,mixed
squared,3.3,mixed
sticking,3.3,mixed
whipped,3.3,mixed
wrung,3.3,mixed
adhesiveness,3.3,mixed
apprehender,3.3,mixed
bottommost,3.3,mixed
brasslike,3.3,mixed
brightener,3.3,mixed
bulblike,3.3,mixed
cleanout,3.3,mixed
common people,3.3,mixed
counterblow,3.3,mixed
flaccidity,3.3,mixed
foldable,3.3,mixed
impounder,3.3,mixed
latitudinal,3.3,mixed
log on,3.3,mixed
mass meeting,3.3,mixed
megapixel,3.3,mixed
microspore,3.3,mixed
newsmonger,3.3,mixed
occupier,3.3,mixed
overgraze,3.3,mixed
pluggable,3.3,mixed
pressurizer,3.3,mixed
seatwork,3.3,mixed
snatch up,3.3,mixed
specked,3.3,mixed
squeezable,3.3,mixed
sticklike,3.3,mixed
stress test,3.3,mixed
take note,3.3,mixed
taskmistress,3.3,mixed
unclamped,3.3,mixed
unevenness,3.3,mixed
unplanted,3.3,mixed
vantage point,3.3,mixed
adjoined,3.31,mixed
healthy,3.31,mixed
juvenile,3.31,mixed
perpendicular,3.31,mixed
phallic,3.31,mixed
physical,3.31,mixed
seasoned,3.31,mixed
solitary,3.31,mixed
sparkling,3.31,mixed
spicy,3.31,mixed
swell,3.31,mixed
unleavened,3.31,mixed
unmarked,3.31,mixed
unripe,3.31,mixed
upturned,3.31,mixed
overseas,3.31,mixed
trek,3.31,mixed
twiggy,3.31,mixed
assassinator,3.31,mixed
brute,3.31,mixed
camerawork,3.31,mixed
clientele,3.31,mixed
cruncher,3.31,mixed
cue,3.31,mixed
decongestant,3.31,mixed
excretion,3.31,mixed
fogginess,3.31,mixed
killer,3.31,mixed
meeting,3.31,mixed
misfire,3.31,mixed
octave,3.31,mixed
outflow,3.31,mixed
penetrator,3.31,mixed
period,3.31,mixed
poll,3.31,mixed
prefix,3.31,mixed
ransom,3.31,mixed
satirist,3.31,mixed
shrinkage,3.31,mixed
slur,3.31,mixed
stooge,3.31,mixed
subscriber,3.31,mixed
suburbia,3.31,mixed
sundries,3.31,mixed
torrent,3.31,mixed
undead,3.31,mixed
virgin,3.31,mixed
announce,3.31,mixed
babble,3.31,mixed
bloodsucking,3.31,mixed
centered,3.31,mixed
cleanse,3.31,mixed
coupled,3.31,mixed
cussed,3.31,mixed
dehydrate,3.31,mixed
dim,3.31,mixed
hobbling,3.31,mixed
hung,3.31,mixed
illustrate,3.31,mixed
inscribe,3.31,mixed
inspect,3.31,mixed
liquefy,3.31,mixed
nipping,3.31,mixed
ply,3.31,mixed
produce,3.31,mixed
ripen,3.31,mixed
scramble,3.31,mixed
scrunch,3.31,mixed
slithering,3.31,mixed
snooze,3.31,mixed
spending,3.31,mixed
splicing,3.31,mixed
starched,3.31,mixed
sweeping,3.31,mixed
transmit,3.31,mixed
trapped,3.31,mixed
tripping,3.31,mixed
unloaded,3.31,mixed
wakes,3.31,mixed
aesthetician,3.31,mixed
ambidexterous,3.31,mixed
bamboozler,3.31,mixed
big spender,3.31,mixed
bracketing,3.31,mixed
codename,3.31,mixed
couch potato,3.31,mixed
desktop publishing,3.31,mixed
downslide,3.31,mixed
drencher,3.31,mixed
evangelizer,3.31,mixed
intoxicant,3.31,mixed
lie in,3.31,mixed
melting point,3.31,mixed
recopy,3.31,mixed
subject matter,3.31,mixed
unroofed,3.31,mixed
walk on,3.31,mixed
whiz kid,3.31,mixed
active,3.32,mixed
ashy,3.32,mixed
awake,3.32,mixed
beltless,3.32,mixed
bended,3.32,mixed
clitoral,3.32,mixed
collegiate,3.32,mixed
droopy,3.32,mixed
manmade,3.32,mixed
monosyllabic,3.32,mixed
overheated,3.32,mixed
photochemical,3.32,mixed
prepubescent,3.32,mixed
static,3.32,mixed
twitchy,3.32,mixed
unstrapped,3.32,mixed
weightless,3.32,mixed
wintry,3.32,mixed
fast,3.32,mixed
adhesion,3.32,mixed
anesthetist,3.32,mixed
byway,3.32,mixed
celiac,3.32,mixed
civilization,3.32,mixed
compounder,3.32,mixed
cooperator,3.32,mixed
demon,3.32,mixed
deserter,3.32,mixed
donation,3.32,mixed
drinker,3.32,mixed
electrics,3.32,mixed
enterpriser,3.32,mixed
firmware,3.32,mixed
footwork,3.32,mixed
foreigner,3.32,mixed
freeman,3.32,mixed
gastritis,3.32,mixed
gents,3.32,mixed
heartthrob,3.32,mixed
hydrogen,3.32,mixed
idiot,3.32,mixed
incubation,3.32,mixed
inhabitant,3.32,mixed
inoculation,3.32,mixed
lefty,3.32,mixed
midair,3.32,mixed
mirage,3.32,mixed
narrowness,3.32,mixed
niacin,3.32,mixed
palpitation,3.32,mixed
patent,3.32,mixed
quarrel,3.32,mixed
repellent,3.32,mixed
restraint,3.32,mixed
rotation,3.32,mixed
savings,3.32,mixed
season,3.32,mixed
segmentation,3.32,mixed
slumber,3.32,mixed
slump,3.32,mixed
solidity,3.32,mixed
spell,3.32,mixed
threshing,3.32,mixed
title,3.32,mixed
toddy,3.32,mixed
transcription,3.32,mixed
unfreezing,3.32,mixed
viceroy,3.32,mixed
windbag,3.32,mixed
bobbed,3.32,mixed
buffed,3.32,mixed
clustered,3.32,mixed
debating,3.32,mixed
fill,3.32,mixed
galvanize,3.32,mixed
gushing,3.32,mixed
heaving,3.32,mixed
huff,3.32,mixed
hydrate,3.32,mixed
lop,3.32,mixed
marinated,3.32,mixed
occupy,3.32,mixed
plunging,3.32,mixed
pocketing,3.32,mixed
quote,3.32,mixed
rehearse,3.32,mixed
repair,3.32,mixed
reread,3.32,mixed
retrieve,3.32,mixed
serving,3.32,mixed
skimming,3.32,mixed
skirmishing,3.32,mixed
snapping,3.32,mixed
tipping,3.32,mixed
uncap,3.32,mixed
alphanumerical,3.32,mixed
antifoaming,3.32,mixed
binge drinking,3.32,mixed
conquerer,3.32,mixed
constitutionalist,3.32,mixed
corrugation,3.32,mixed
cover up,3.32,mixed
data mining,3.32,mixed
enrollee,3.32,mixed
essayist,3.32,mixed
fashioner,3.32,mixed
forklike,3.32,mixed
hedge fund,3.32,mixed
high court,3.32,mixed
jewish,3.32,mixed
leaser,3.32,mixed
medievalist,3.32,mixed
mustiness,3.32,mixed
netscape,3.32,mixed
paraprofessional,3.32,mixed
plantlike,3.32,mixed
political system,3.32,mixed
pushback,3.32,mixed
rebottle,3.32,mixed
shakiness,3.32,mixed
skyscraping,3.32,mixed
squabbler,3.32,mixed
strawman,3.32,mixed
sunday,3.32,mixed
tableful,3.32,mixed
unbolted,3.32,mixed
walkover,3.32,mixed
waterfinder,3.32,mixed
carpal,3.33,mixed
confectionary,3.33,mixed
convex,3.33,mixed
curvy,3.33,mixed
hydrogenated,3.33,mixed
robotic,3.33,mixed
roman,3.33,mixed
shiny,3.33,mixed
surplus,3.33,mixed
undiluted,3.33,mixed
unwrapped,3.33,mixed
wintery,3.33,mixed
fatally,3.33,mixed
well,3.33,mixed
tony,3.33,mixed
adopter,3.33,mixed
burliness,3.33,mixed
chatter,3.33,mixed
cluck,3.33,mixed
coldness,3.33,mixed
containment,3.33,mixed
contraband,3.33,mixed
disciplinarian,3.33,mixed
disintegrator,3.33,mixed
distribution,3.33,mixed
edgeways,3.33,mixed
emission,3.33,mixed
encasement,3.33,mixed
encirclement,3.33,mixed
exhumation,3.33,mixed
forefather,3.33,mixed
gender,3.33,mixed
grit,3.33,mixed
hematoma,3.33,mixed
hoard,3.33,mixed
hometown,3.33,mixed
hormone,3.33,mixed
humankind,3.33,mixed
institution,3.33,mixed
interrogation,3.33,mixed
licker,3.33,mixed
minuet,3.33,mixed
oxidation,3.33,mixed
pariah,3.33,mixed
philanderer,3.33,mixed
pituitary,3.33,mixed
playwriting,3.33,mixed
porker,3.33,mixed
reddening,3.33,mixed
reviver,3.33,mixed
ripeness,3.33,mixed
scat,3.33,mixed
serration,3.33,mixed
shading,3.33,mixed
shallows,3.33,mixed
shoplifting,3.33,mixed
silence,3.33,mixed
staph,3.33,mixed
survivor,3.33,mixed
thanksgiving,3.33,mixed
treasury,3.33,mixed
upstroke,3.33,mixed
above,3.33,mixed
absorbing,3.33,mixed
attach,3.33,mixed
blended,3.33,mixed
bombed,3.33,mixed
cleave,3.33,mixed
consuming,3.33,mixed
crowing,3.33,mixed
hijack,3.33,mixed
murdering,3.33,mixed
overfed,3.33,mixed
perforate,3.33,mixed
pose,3.33,mixed
rattled,3.33,mixed
replicate,3.33,mixed
salivate,3.33,mixed
sown,3.33,mixed
splitting,3.33,mixed
tagged,3.33,mixed
tighten,3.33,mixed
toned,3.33,mixed
unhooked,3.33,mixed
waggle,3.33,mixed
april,3.33,mixed
blood pressure,3.33,mixed
come forward,3.33,mixed
discount rate,3.33,mixed
displayer,3.33,mixed
ditcher,3.33,mixed
field day,3.33,mixed
fight back,3.33,mixed
flattener,3.33,mixed
free lunch,3.33,mixed
grinner,3.33,mixed
high temperature,3.33,mixed
hip hop,3.33,mixed
laid off,3.33,mixed
nominator,3.33,mixed
pebbly,3.33,mixed
poliovirus,3.33,mixed
rough up,3.33,mixed
siberian,3.33,mixed
speed up,3.33,mixed
telephotography,3.33,mixed
tidy up,3.33,mixed
time off,3.33,mixed
turn off,3.33,mixed
unglazed,3.33,mixed
unthreaded,3.33,mixed
veined,3.33,mixed
afloat,3.34,mixed
infrared,3.34,mixed
intravascular,3.34,mixed
knotty,3.34,mixed
low,3.34,mixed
northernmost,3.34,mixed
spotless,3.34,mixed
undressed,3.34,mixed
sort,3.34,mixed
accomplice,3.34,mixed
activist,3.34,mixed
atom,3.34,mixed
carcinogen,3.34,mixed
hardness,3.34,mixed
heating,3.34,mixed
intake,3.34,mixed
notification,3.34,mixed
rally,3.34,mixed
salutation,3.34,mixed
sermon,3.34,mixed
their,3.34,mixed
angled,3.34,mixed
charging,3.34,mixed
collect,3.34,mixed
cringe,3.34,mixed
doubled,3.34,mixed
entangled,3.34,mixed
eroded,3.34,mixed
escape,3.34,mixed
freestanding,3.34,mixed
inflate,3.34,mixed
mangle,3.34,mixed
plummeted,3.34,mixed
polluted,3.34,mixed
protrude,3.34,mixed
sailed,3.34,mixed
sealing,3.34,mixed
splashed,3.34,mixed
stepped,3.34,mixed
stubbed,3.34,mixed
tapering,3.34,mixed
tranquilized,3.34,mixed
unhook,3.34,mixed
warming,3.34,mixed
bad guy,3.34,mixed
child abuse,3.34,mixed
discolor,3.34,mixed
jump start,3.34,mixed
medicare,3.34,mixed
nonparallel,3.34,mixed
prewash,3.34,mixed
recycler,3.34,mixed
red herring,3.34,mixed
touchable,3.34,mixed
typography,3.34,mixed
arthritic,3.35,mixed
curved,3.35,mixed
eroding,3.35,mixed
fragrant,3.35,mixed
jellylike,3.35,mixed
raw,3.35,mixed
seminarian,3.35,mixed
sheer,3.35,mixed
online,3.35,mixed
burley,3.35,mixed
cockeye,3.35,mixed
turner,3.35,mixed
blabbermouth,3.35,mixed
blowout,3.35,mixed
bluebeard,3.35,mixed
chaser,3.35,mixed
cofounder,3.35,mixed
correspondence,3.35,mixed
counterpunch,3.35,mixed
deactivation,3.35,mixed
flusher,3.35,mixed
forestation,3.35,mixed
inebriation,3.35,mixed
masquerade,3.35,mixed
memento,3.35,mixed
plagiarist,3.35,mixed
rheumatism,3.35,mixed
wavelength,3.35,mixed
backfill,3.35,mixed
buy,3.35,mixed
contort,3.35,mixed
imprison,3.35,mixed
parch,3.35,mixed
posing,3.35,mixed
ranting,3.35,mixed
scuttle,3.35,mixed
sell,3.35,mixed
shrouded,3.35,mixed
anointer,3.35,mixed
arteriolosclerosis,3.35,mixed
bioreactor,3.35,mixed
blubberer,3.35,mixed
congressionalist,3.35,mixed
creaseproof,3.35,mixed
crumply,3.35,mixed
dress code,3.35,mixed
engager,3.35,mixed
foliaged,3.35,mixed
gossiper,3.35,mixed
liquidize,3.35,mixed
lockdown,3.35,mixed
microcontroller,3.35,mixed
microhabitat,3.35,mixed
nightlong,3.35,mixed
northwestwards,3.35,mixed
bloated,3.36,mixed
brassy,3.36,mixed
buoyant,3.36,mixed
chesty,3.36,mixed
clearer,3.36,mixed
creaking,3.36,mixed
diseased,3.36,mixed
electrostatic,3.36,mixed
flowerless,3.36,mixed
granular,3.36,mixed
keyless,3.36,mixed
mothproof,3.36,mixed
tall,3.36,mixed
tusked,3.36,mixed
unfastened,3.36,mixed
midland,3.36,mixed
ancestors,3.36,mixed
anthem,3.36,mixed
backslapping,3.36,mixed
benefactor,3.36,mixed
clockwork,3.36,mixed
complexion,3.36,mixed
concubine,3.36,mixed
constipation,3.36,mixed
consul,3.36,mixed
crispiness,3.36,mixed
crunch,3.36,mixed
days,3.36,mixed
debtor,3.36,mixed
denominator,3.36,mixed
ejaculator,3.36,mixed
exhibitor,3.36,mixed
fanfare,3.36,mixed
finance,3.36,mixed
hydro,3.36,mixed
implosion,3.36,mixed
inflammation,3.36,mixed
interview,3.36,mixed
itchiness,3.36,mixed
loner,3.36,mixed
looker,3.36,mixed
midsummer,3.36,mixed
murderess,3.36,mixed
nausea,3.36,mixed
ornamentation,3.36,mixed
patriot,3.36,mixed
payday,3.36,mixed
photosynthesis,3.36,mixed
playboy,3.36,mixed
podcast,3.36,mixed
question,3.36,mixed
respondent,3.36,mixed
rigor,3.36,mixed
rollover,3.36,mixed
sheathing,3.36,mixed
species,3.36,mixed
stonemasonry,3.36,mixed
superstar,3.36,mixed
trick,3.36,mixed
yawner,3.36,mixed
yellowness,3.36,mixed
seventy,3.36,mixed
she,3.36,mixed
blinded,3.36,mixed
butchering,3.36,mixed
caressing,3.36,mixed
checkmate,3.36,mixed
constipated,3.36,mixed
dangle,3.36,mixed
excretes,3.36,mixed
expand,3.36,mixed
flickering,3.36,mixed
guzzle,3.36,mixed
harden,3.36,mixed
icebound,3.36,mixed
linked,3.36,mixed
maim,3.36,mixed
petted,3.36,mixed
prewashed,3.36,mixed
retired,3.36,mixed
rewind,3.36,mixed
streetwalking,3.36,mixed
stung,3.36,mixed
underscore,3.36,mixed
waking,3.36,mixed
whooping,3.36,mixed
aspirator,3.36,mixed
budlike,3.36,mixed
claimant,3.36,mixed
colorlessness,3.36,mixed
deep space,3.36,mixed
disperser,3.36,mixed
evacuator,3.36,mixed
examinee,3.36,mixed
fast paced,3.36,mixed
flipside,3.36,mixed
hexadecimal,3.36,mixed
horizontality,3.36,mixed
humidify,3.36,mixed
immune system,3.36,mixed
in sight,3.36,mixed
northeastwardly,3.36,mixed
quizzer,3.36,mixed
seance,3.36,mixed
squeakily,3.36,mixed
starting point,3.36,mixed
time scale,3.36,mixed
unclamp,3.36,mixed
visual impairment,3.36,mixed
zigzaggy,3.36,mixed
cavernous,3.37,mixed
curvaceous,3.37,mixed
depository,3.37,mixed
double,3.37,mixed
drippy,3.37,mixed
drooping,3.37,mixed
gnarled,3.37,mixed
heavy,3.37,mixed
large,3.37,mixed
misty,3.37,mixed
outermost,3.37,mixed
rectal,3.37,mixed
refried,3.37,mixed
unbroken,3.37,mixed
upper,3.37,mixed
northward,3.37,mixed
alto,3.37,mixed
alcoholic,3.37,mixed
basher,3.37,mixed
boozer,3.37,mixed
combo,3.37,mixed
creditor,3.37,mixed
disclaimer,3.37,mixed
electrolyte,3.37,mixed
errand,3.37,mixed
grader,3.37,mixed
hippy,3.37,mixed
hyperventilation,3.37,mixed
ignition,3.37,mixed
instruction,3.37,mixed
leaper,3.37,mixed
locater,3.37,mixed
locomotion,3.37,mixed
manpower,3.37,mixed
manslaughter,3.37,mixed
overeater,3.37,mixed
oxidizer,3.37,mixed
pedophile,3.37,mixed
peep,3.37,mixed
refuge,3.37,mixed
sale,3.37,mixed
seasickness,3.37,mixed
snipe,3.37,mixed
speech,3.37,mixed
swindler,3.37,mixed
tantrum,3.37,mixed
thickness,3.37,mixed
thoroughbred,3.37,mixed
tipper,3.37,mixed
twinkles,3.37,mixed
vigilante,3.37,mixed
whirl,3.37,mixed
wipeout,3.37,mixed
zoology,3.37,mixed
fifteen,3.37,mixed
fifteenth,3.37,mixed
four,3.37,mixed
yourselves,3.37,mixed
brawling,3.37,mixed
chapping,3.37,mixed
closed,3.37,mixed
dine,3.37,mixed
elevate,3.37,mixed
flattening,3.37,mixed
gobble,3.37,mixed
latching,3.37,mixed
levitate,3.37,mixed
looping,3.37,mixed
pelting,3.37,mixed
preach,3.37,mixed
rocking,3.37,mixed
rotated,3.37,mixed
shear,3.37,mixed
slugging,3.37,mixed
spun,3.37,mixed
swipes,3.37,mixed
tumbled,3.37,mixed
unhinge,3.37,mixed
vaccinate,3.37,mixed
weaving,3.37,mixed
wetting,3.37,mixed
whispering,3.37,mixed
chalkiness,3.37,mixed
cloudlessness,3.37,mixed
contactor,3.37,mixed
cook up,3.37,mixed
count down,3.37,mixed
mind reader,3.37,mixed
overinflate,3.37,mixed
refrigerating,3.37,mixed
resister,3.37,mixed
spikiness,3.37,mixed
squeakiness,3.37,mixed
stockbrokerage,3.37,mixed
stockiness,3.37,mixed
swearer,3.37,mixed
tween,3.37,mixed
unclothe,3.37,mixed
unstitch,3.37,mixed
barrelful,3.38,mixed
bespectacled,3.38,mixed
colonialist,3.38,mixed
deep,3.38,mixed
deteriorating,3.38,mixed
frontal,3.38,mixed
hotter,3.38,mixed
hydroelectric,3.38,mixed
paler,3.38,mixed
soundproof,3.38,mixed
toasty,3.38,mixed
diagonally,3.38,mixed
upriver,3.38,mixed
guider,3.38,mixed
wheeler,3.38,mixed
alkaloid,3.38,mixed
auditor,3.38,mixed
bonanza,3.38,mixed
commonwealth,3.38,mixed
condensates,3.38,mixed
creep,3.38,mixed
crossfire,3.38,mixed
darer,3.38,mixed
demolition,3.38,mixed
diabetic,3.38,mixed
enlargement,3.38,mixed
experiment,3.38,mixed
flurry,3.38,mixed
fringe,3.38,mixed
gander,3.38,mixed
giver,3.38,mixed
haven,3.38,mixed
imposter,3.38,mixed
infrastructure,3.38,mixed
infuser,3.38,mixed
intranet,3.38,mixed
kamikaze,3.38,mixed
layout,3.38,mixed
medulla,3.38,mixed
participant,3.38,mixed
perpetrator,3.38,mixed
photon,3.38,mixed
plotter,3.38,mixed
refund,3.38,mixed
scenery,3.38,mixed
score,3.38,mixed
scorekeeping,3.38,mixed
shade,3.38,mixed
slicker,3.38,mixed
softener,3.38,mixed
stakeout,3.38,mixed
starter,3.38,mixed
synchronizer,3.38,mixed
tagalong,3.38,mixed
tariff,3.38,mixed
tinkerer,3.38,mixed
tour,3.38,mixed
typhoid,3.38,mixed
union,3.38,mixed
webmaster,3.38,mixed
wisher,3.38,mixed
womanizer,3.38,mixed
banging,3.38,mixed
bred,3.38,mixed
chaffing,3.38,mixed
embrace,3.38,mixed
gush,3.38,mixed
halt,3.38,mixed
jingling,3.38,mixed
jitter,3.38,mixed
lapped,3.38,mixed
poach,3.38,mixed
reverse,3.38,mixed
sealed,3.38,mixed
shut,3.38,mixed
skidded,3.38,mixed
slumbering,3.38,mixed
snatching,3.38,mixed
sped,3.38,mixed
spicing,3.38,mixed
spoke,3.38,mixed
sprinkled,3.38,mixed
storming,3.38,mixed
transcribe,3.38,mixed
trapping,3.38,mixed
turned,3.38,mixed
uncurl,3.38,mixed
weeded,3.38,mixed
wincing,3.38,mixed
wove,3.38,mixed
zipping,3.38,mixed
back out,3.38,mixed
bondholder,3.38,mixed
bundle up,3.38,mixed
collator,3.38,mixed
concaveness,3.38,mixed
cremationist,3.38,mixed
cylindrically,3.38,mixed
drinking age,3.38,mixed
enameling,3.38,mixed
exchange rate,3.38,mixed
foaminess,3.38,mixed
free kick,3.38,mixed
frontward,3.38,mixed
gamester,3.38,mixed
gartered,3.38,mixed
hemophiliac,3.38,mixed
hook on,3.38,mixed
lockable,3.38,mixed
masticate,3.38,mixed
monochromic,3.38,mixed
nonsolid,3.38,mixed
pen pusher,3.38,mixed
prickling,3.38,mixed
smelliness,3.38,mixed
squelcher,3.38,mixed
test drive,3.38,mixed
uninstall,3.38,mixed
unknot,3.38,mixed
wake up,3.38,mixed
war chest,3.38,mixed
wish list,3.38,mixed
binding,3.39,mixed
electrical,3.39,mixed
fungicidal,3.39,mixed
grayish,3.39,mixed
midsize,3.39,mixed
nonalcoholic,3.39,mixed
oscillating,3.39,mixed
protestant,3.39,mixed
shining,3.39,mixed
venomous,3.39,mixed
downwind,3.39,mixed
lynch,3.39,mixed
aviation,3.39,mixed
backcourt,3.39,mixed
bedridden,3.39,mixed
biography,3.39,mixed
blanching,3.39,mixed
buffoon,3.39,mixed
bumpiness,3.39,mixed
cabling,3.39,mixed
communion,3.39,mixed
culprit,3.39,mixed
dash,3.39,mixed
gainer,3.39,mixed
genome,3.39,mixed
gunplay,3.39,mixed
heartburn,3.39,mixed
helper,3.39,mixed
hobbyist,3.39,mixed
hotbed,3.39,mixed
hulk,3.39,mixed
latchkey,3.39,mixed
manhunt,3.39,mixed
mitosis,3.39,mixed
onboard,3.39,mixed
point,3.39,mixed
posture,3.39,mixed
present,3.39,mixed
quarantine,3.39,mixed
radiocarbon,3.39,mixed
rehab,3.39,mixed
representative,3.39,mixed
roughhouse,3.39,mixed
roughness,3.39,mixed
showcase,3.39,mixed
skimmer,3.39,mixed
skincare,3.39,mixed
sleepover,3.39,mixed
sleepyhead,3.39,mixed
spellcheck,3.39,mixed
statistics,3.39,mixed
toke,3.39,mixed
vision,3.39,mixed
warmth,3.39,mixed
whelp,3.39,mixed
womankind,3.39,mixed
worshipper,3.39,mixed
fourth,3.39,mixed
ninety,3.39,mixed
ten,3.39,mixed
crackled,3.39,mixed
gathering,3.39,mixed
jotting,3.39,mixed
pursed,3.39,mixed
rapping,3.39,mixed
ribbing,3.39,mixed
scooped,3.39,mixed
smirking,3.39,mixed
spattering,3.39,mixed
submerge,3.39,mixed
thinning,3.39,mixed
trembling,3.39,mixed
uncovered,3.39,mixed
vacate,3.39,mixed
weaved,3.39,mixed
case study,3.39,mixed
chubbiness,3.39,mixed
craftwork,3.39,mixed
cut off,3.39,mixed
defog,3.39,mixed
ducted,3.39,mixed
earthmover,3.39,mixed
family business,3.39,mixed
felted,3.39,mixed
goggled,3.39,mixed
heatwave,3.39,mixed
hoardings,3.39,mixed
hydrologist,3.39,mixed
licenser,3.39,mixed
opening line,3.39,mixed
rockiness,3.39,mixed
sign up,3.39,mixed
spill out,3.39,mixed
testifier,3.39,mixed
traffic control,3.39,mixed
turn back,3.39,mixed
visual field,3.39,mixed
weathertight,3.39,mixed
woodiness,3.39,mixed
geometric,3.4,mixed
leathery,3.4,mixed
magnetic,3.4,mixed
shaky,3.4,mixed
subterranean,3.4,mixed
unburned,3.4,mixed
unshackled,3.4,mixed
drunkenly,3.4,mixed
nasally,3.4,mixed
accelerant,3.4,mixed
acidity,3.4,mixed
application,3.4,mixed
bidder,3.4,mixed
biochemistry,3.4,mixed
burrower,3.4,mixed
cholesterol,3.4,mixed
depressor,3.4,mixed
doctorate,3.4,mixed
domain,3.4,mixed
gangland,3.4,mixed
graft,3.4,mixed
housekeeping,3.4,mixed
identification,3.4,mixed
moo,3.4,mixed
octane,3.4,mixed
plan,3.4,mixed
policyholder,3.4,mixed
refill,3.4,mixed
regurgitation,3.4,mixed
restrainer,3.4,mixed
rift,3.4,mixed
sanitarium,3.4,mixed
segment,3.4,mixed
selectee,3.4,mixed
sleeper,3.4,mixed
stimulator,3.4,mixed
stoutness,3.4,mixed
swaddling,3.4,mixed
swallower,3.4,mixed
tarot,3.4,mixed
bind,3.4,mixed
bridged,3.4,mixed
decorate,3.4,mixed
disinfect,3.4,mixed
flutter,3.4,mixed
glimmering,3.4,mixed
measured,3.4,mixed
minesweeping,3.4,mixed
necked,3.4,mixed
overhung,3.4,mixed
whine,3.4,mixed
burlesquer,3.4,mixed
cheerer,3.4,mixed
chlamydia,3.4,mixed
cut up,3.4,mixed
death penalty,3.4,mixed
exhibiter,3.4,mixed
fringy,3.4,mixed
income tax,3.4,mixed
jointing,3.4,mixed
june,3.4,mixed
moneyless,3.4,mixed
mutterer,3.4,mixed
overspill,3.4,mixed
production cost,3.4,mixed
small talk,3.4,mixed
spill over,3.4,mixed
stand back,3.4,mixed
stand still,3.4,mixed
steepness,3.4,mixed
tuck in,3.4,mixed
unhyphenated,3.4,mixed
beige,3.41,mixed
childproof,3.41,mixed
chinless,3.41,mixed
derelict,3.41,mixed
forked,3.41,mixed
inflexible,3.41,mixed
malted,3.41,mixed
moisturizing,3.41,mixed
moonless,3.41,mixed
orthodontic,3.41,mixed
safe,3.41,mixed
unchained,3.41,mixed
uterine,3.41,mixed
veiling,3.41,mixed
backward,3.41,mixed
goldilocks,3.41,mixed
gore,3.41,mixed
krypton,3.41,mixed
nestle,3.41,mixed
rosy,3.41,mixed
superman,3.41,mixed
abortion,3.41,mixed
acquaintance,3.41,mixed
anesthesia,3.41,mixed
animation,3.41,mixed
anorexia,3.41,mixed
apex,3.41,mixed
assault,3.41,mixed
associate,3.41,mixed
baptism,3.41,mixed
bounty,3.41,mixed
breakout,3.41,mixed
changer,3.41,mixed
deforestation,3.41,mixed
devil,3.41,mixed
dispensary,3.41,mixed
epidural,3.41,mixed
honker,3.41,mixed
honoree,3.41,mixed
horticulture,3.41,mixed
inlay,3.41,mixed
innings,3.41,mixed
institute,3.41,mixed
introducer,3.41,mixed
jackpot,3.41,mixed
jamboree,3.41,mixed
jolt,3.41,mixed
lurch,3.41,mixed
messaging,3.41,mixed
midwinter,3.41,mixed
mockup,3.41,mixed
musculature,3.41,mixed
news,3.41,mixed
nitrogen,3.41,mixed
noblewoman,3.41,mixed
nuclei,3.41,mixed
panorama,3.41,mixed
plague,3.41,mixed
poisoning,3.41,mixed
psycho,3.41,mixed
reggae,3.41,mixed
remodel,3.41,mixed
resuscitation,3.41,mixed
reward,3.41,mixed
sector,3.41,mixed
speculator,3.41,mixed
spirits,3.41,mixed
stout,3.41,mixed
subsurface,3.41,mixed
suffocation,3.41,mixed
supplier,3.41,mixed
takeoff,3.41,mixed
territory,3.41,mixed
transfusion,3.41,mixed
eighty,3.41,mixed
brighten,3.41,mixed
clipped,3.41,mixed
combine,3.41,mixed
consume,3.41,mixed
covered,3.41,mixed
deport,3.41,mixed
dressed,3.41,mixed
fished,3.41,mixed
flavored,3.41,mixed
fragmented,3.41,mixed
hatching,3.41,mixed
invert,3.41,mixed
manhandle,3.41,mixed
numbing,3.41,mixed
paralyze,3.41,mixed
pocketed,3.41,mixed
rewash,3.41,mixed
rewire,3.41,mixed
rustling,3.41,mixed
set,3.41,mixed
shudder,3.41,mixed
sighing,3.41,mixed
skidding,3.41,mixed
slotted,3.41,mixed
snickering,3.41,mixed
stood,3.41,mixed
toweling,3.41,mixed
tranquilize,3.41,mixed
turns,3.41,mixed
unrolled,3.41,mixed
wrecking,3.41,mixed
break in,3.41,mixed
christmas,3.41,mixed
confiscator,3.41,mixed
embossment,3.41,mixed
fill out,3.41,mixed
health hazard,3.41,mixed
hold tight,3.41,mixed
interlining,3.41,mixed
intervener,3.41,mixed
long division,3.41,mixed
mark out,3.41,mixed
muslim,3.41,mixed
poker face,3.41,mixed
reach out,3.41,mixed
refillable,3.41,mixed
servicer,3.41,mixed
slow down,3.41,mixed
spectacled,3.41,mixed
subheader,3.41,mixed
trisection,3.41,mixed
ungreased,3.41,mixed
wash up,3.41,mixed
airtight,3.42,mixed
bendy,3.42,mixed
birthing,3.42,mixed
blubbery,3.42,mixed
fireproof,3.42,mixed
humongous,3.42,mixed
insurgent,3.42,mixed
onscreen,3.42,mixed
preteen,3.42,mixed
reddish,3.42,mixed
russet,3.42,mixed
snowbound,3.42,mixed
unlit,3.42,mixed
unsheathed,3.42,mixed
ashore,3.42,mixed
canter,3.42,mixed
sierra,3.42,mixed
stacker,3.42,mixed
antidote,3.42,mixed
backstretch,3.42,mixed
bumpkin,3.42,mixed
closeup,3.42,mixed
coder,3.42,mixed
crafter,3.42,mixed
dribbler,3.42,mixed
floozy,3.42,mixed
footage,3.42,mixed
germination,3.42,mixed
heaps,3.42,mixed
internist,3.42,mixed
ionosphere,3.42,mixed
metaphysician,3.42,mixed
midline,3.42,mixed
monsignor,3.42,mixed
naturalist,3.42,mixed
paging,3.42,mixed
putter,3.42,mixed
refreshment,3.42,mixed
shuteye,3.42,mixed
tapper,3.42,mixed
toothache,3.42,mixed
trimmer,3.42,mixed
typesetting,3.42,mixed
vaporization,3.42,mixed
bellow,3.42,mixed
catching,3.42,mixed
chafe,3.42,mixed
clouding,3.42,mixed
communicating,3.42,mixed
crossing,3.42,mixed
disable,3.42,mixed
elongate,3.42,mixed
fetch,3.42,mixed
fondle,3.42,mixed
forging,3.42,mixed
outlander,3.42,mixed
paving,3.42,mixed
proofread,3.42,mixed
redden,3.42,mixed
scald,3.42,mixed
scamper,3.42,mixed
scour,3.42,mixed
squeal,3.42,mixed
uncover,3.42,mixed
barterer,3.42,mixed
catheterize,3.42,mixed
ecosphere,3.42,mixed
galloper,3.42,mixed
ground plan,3.42,mixed
hirer,3.42,mixed
magnetic field,3.42,mixed
notching,3.42,mixed
pen friend,3.42,mixed
salvager,3.42,mixed
sexologist,3.42,mixed
snap up,3.42,mixed
sulphurous,3.42,mixed
syllabi,3.42,mixed
unclogged,3.42,mixed
unlaundered,3.42,mixed
woodlander,3.42,mixed
woodless,3.42,mixed
cartographic,3.43,mixed
circulatory,3.43,mixed
empty,3.43,mixed
fucking,3.43,mixed
globular,3.43,mixed
painful,3.43,mixed
polycarbonate,3.43,mixed
recordable,3.43,mixed
shattering,3.43,mixed
stocky,3.43,mixed
unburied,3.43,mixed
unicellular,3.43,mixed
unpolished,3.43,mixed
urban,3.43,mixed
yellowing,3.43,mixed
ache,3.43,mixed
adjustor,3.43,mixed
aquatics,3.43,mixed
armful,3.43,mixed
balloting,3.43,mixed
bodywork,3.43,mixed
bookkeeping,3.43,mixed
brightness,3.43,mixed
carbonate,3.43,mixed
chapter,3.43,mixed
corps,3.43,mixed
credentials,3.43,mixed
depressant,3.43,mixed
emulsion,3.43,mixed
exorcist,3.43,mixed
eyestrain,3.43,mixed
fashion,3.43,mixed
gaze,3.43,mixed
germinator,3.43,mixed
gripper,3.43,mixed
highlander,3.43,mixed
importer,3.43,mixed
index,3.43,mixed
layering,3.43,mixed
liar,3.43,mixed
link,3.43,mixed
loader,3.43,mixed
lyricist,3.43,mixed
mudslinger,3.43,mixed
nip,3.43,mixed
objector,3.43,mixed
playback,3.43,mixed
predawn,3.43,mixed
program,3.43,mixed
radiation,3.43,mixed
regulator,3.43,mixed
reupholster,3.43,mixed
scurvy,3.43,mixed
supply,3.43,mixed
volt,3.43,mixed
voyage,3.43,mixed
six,3.43,mixed
blacken,3.43,mixed
bloating,3.43,mixed
bound,3.43,mixed
carding,3.43,mixed
communicate,3.43,mixed
dumping,3.43,mixed
elbowed,3.43,mixed
hijacking,3.43,mixed
jingled,3.43,mixed
killing,3.43,mixed
mending,3.43,mixed
overdress,3.43,mixed
paired,3.43,mixed
parading,3.43,mixed
permit,3.43,mixed
pitted,3.43,mixed
pulsate,3.43,mixed
rewrap,3.43,mixed
sagging,3.43,mixed
sharpshooting,3.43,mixed
sidewinder,3.43,mixed
slain,3.43,mixed
tamperproof,3.43,mixed
tasted,3.43,mixed
testing,3.43,mixed
touching,3.43,mixed
trespass,3.43,mixed
twisting,3.43,mixed
whirling,3.43,mixed
arabic,3.43,mixed
blow out,3.43,mixed
brakeless,3.43,mixed
chain reaction,3.43,mixed
congratulator,3.43,mixed
crank up,3.43,mixed
decant,3.43,mixed
fagot,3.43,mixed
fogless,3.43,mixed
germicide,3.43,mixed
hyperextend,3.43,mixed
liquidizer,3.43,mixed
military service,3.43,mixed
nonelectrical,3.43,mixed
pasteurization,3.43,mixed
puttylike,3.43,mixed
self defense,3.43,mixed
wobbliness,3.43,mixed
aquatic,3.44,mixed
editorial,3.44,mixed
flipping,3.44,mixed
mass,3.44,mixed
photoelectric,3.44,mixed
ratty,3.44,mixed
remote,3.44,mixed
overboard,3.44,mixed
trotter,3.44,mixed
accuser,3.44,mixed
addendum,3.44,mixed
aids,3.44,mixed
boarding,3.44,mixed
boatload,3.44,mixed
breakage,3.44,mixed
breather,3.44,mixed
brooder,3.44,mixed
calorie,3.44,mixed
chieftain,3.44,mixed
clunker,3.44,mixed
codeword,3.44,mixed
conservator,3.44,mixed
consignor,3.44,mixed
correspondent,3.44,mixed
countersignature,3.44,mixed
crookedness,3.44,mixed
desperado,3.44,mixed
ellipsis,3.44,mixed
entombment,3.44,mixed
evacuation,3.44,mixed
evangelist,3.44,mixed
footings,3.44,mixed
gestation,3.44,mixed
gradient,3.44,mixed
layperson,3.44,mixed
leakage,3.44,mixed
morning,3.44,mixed
musk,3.44,mixed
operation,3.44,mixed
pathfinder,3.44,mixed
radioactivity,3.44,mixed
responder,3.44,mixed
runt,3.44,mixed
seeker,3.44,mixed
shopping,3.44,mixed
slop,3.44,mixed
substance,3.44,mixed
untwist,3.44,mixed
west,3.44,mixed
wiggler,3.44,mixed
third,3.44,mixed
blot,3.44,mixed
bribe,3.44,mixed
bridled,3.44,mixed
bubbling,3.44,mixed
cosign,3.44,mixed
decelerate,3.44,mixed
decorated,3.44,mixed
fumigate,3.44,mixed
hitchhike,3.44,mixed
hooked,3.44,mixed
interlace,3.44,mixed
lapping,3.44,mixed
matriarchs,3.44,mixed
overcrowd,3.44,mixed
ream,3.44,mixed
revolve,3.44,mixed
slugged,3.44,mixed
swiveled,3.44,mixed
torturing,3.44,mixed
turn,3.44,mixed
unfasten,3.44,mixed
buckskinned,3.44,mixed
clog up,3.44,mixed
cut down,3.44,mixed
echoer,3.44,mixed
food poisoning,3.44,mixed
for sale,3.44,mixed
full stop,3.44,mixed
juiciness,3.44,mixed
nanostructure,3.44,mixed
nuclear energy,3.44,mixed
role model,3.44,mixed
semispherical,3.44,mixed
sledded,3.44,mixed
swine flu,3.44,mixed
take out,3.44,mixed
tubeless,3.44,mixed
unbundle,3.44,mixed
unthread,3.44,mixed
wet dream,3.44,mixed
airborne,3.45,mixed
chocolaty,3.45,mixed
clunky,3.45,mixed
eldest,3.45,mixed
elongated,3.45,mixed
furless,3.45,mixed
linear,3.45,mixed
nutty,3.45,mixed
oral,3.45,mixed
pasty,3.45,mixed
polygonal,3.45,mixed
rotund,3.45,mixed
shallow,3.45,mixed
teenaged,3.45,mixed
transsexual,3.45,mixed
below,3.45,mixed
nakedly,3.45,mixed
dieter,3.45,mixed
saint,3.45,mixed
courtier,3.45,mixed
cretin,3.45,mixed
discoverer,3.45,mixed
disease,3.45,mixed
dysentery,3.45,mixed
excerpt,3.45,mixed
hick,3.45,mixed
homeland,3.45,mixed
nebulae,3.45,mixed
ovation,3.45,mixed
ration,3.45,mixed
scorer,3.45,mixed
sickness,3.45,mixed
sophomore,3.45,mixed
spectacle,3.45,mixed
turnover,3.45,mixed
wallop,3.45,mixed
under,3.45,mixed
awaken,3.45,mixed
babysit,3.45,mixed
beached,3.45,mixed
blending,3.45,mixed
blocked,3.45,mixed
coiling,3.45,mixed
crossed,3.45,mixed
crucify,3.45,mixed
embracing,3.45,mixed
glossed,3.45,mixed
handcraft,3.45,mixed
interwoven,3.45,mixed
jostle,3.45,mixed
papered,3.45,mixed
piled,3.45,mixed
pinched,3.45,mixed
repackage,3.45,mixed
retype,3.45,mixed
rotate,3.45,mixed
unroll,3.45,mixed
biofuel,3.45,mixed
electric charge,3.45,mixed
fine arts,3.45,mixed
gyrator,3.45,mixed
lopsidedness,3.45,mixed
lose weight,3.45,mixed
lumpiness,3.45,mixed
tear apart,3.45,mixed
beady,3.46,mixed
buxom,3.46,mixed
corneal,3.46,mixed
funereal,3.46,mixed
gray,3.46,mixed
high,3.46,mixed
horizontal,3.46,mixed
meaty,3.46,mixed
microscopic,3.46,mixed
miniature,3.46,mixed
putrid,3.46,mixed
quivering,3.46,mixed
reptilian,3.46,mixed
rigid,3.46,mixed
spindly,3.46,mixed
withered,3.46,mixed
still,3.46,mixed
corona,3.46,mixed
vista,3.46,mixed
anticoagulant,3.46,mixed
automaton,3.46,mixed
birthplace,3.46,mixed
broadcast,3.46,mixed
clan,3.46,mixed
collaborator,3.46,mixed
conman,3.46,mixed
crackle,3.46,mixed
crud,3.46,mixed
crystallization,3.46,mixed
diggings,3.46,mixed
dimmer,3.46,mixed
disability,3.46,mixed
draught,3.46,mixed
dripper,3.46,mixed
entourage,3.46,mixed
escapist,3.46,mixed
farming,3.46,mixed
financier,3.46,mixed
grazer,3.46,mixed
grimace,3.46,mixed
gunk,3.46,mixed
heavyset,3.46,mixed
icon,3.46,mixed
imprisonment,3.46,mixed
injector,3.46,mixed
kissy,3.46,mixed
landfall,3.46,mixed
league,3.46,mixed
leaker,3.46,mixed
listener,3.46,mixed
lupus,3.46,mixed
lurker,3.46,mixed
margin,3.46,mixed
marketer,3.46,mixed
midtown,3.46,mixed
milling,3.46,mixed
multiplication,3.46,mixed
musicologist,3.46,mixed
officemate,3.46,mixed
optic,3.46,mixed
outgrowth,3.46,mixed
perimeter,3.46,mixed
principal,3.46,mixed
psychopath,3.46,mixed
ringer,3.46,mixed
serf,3.46,mixed
slammer,3.46,mixed
staffer,3.46,mixed
stipend,3.46,mixed
stomachache,3.46,mixed
stratosphere,3.46,mixed
strep,3.46,mixed
sub,3.46,mixed
subpoena,3.46,mixed
taskmaster,3.46,mixed
thrower,3.46,mixed
tract,3.46,mixed
trestle,3.46,mixed
tricolor,3.46,mixed
vagrant,3.46,mixed
breasted,3.46,mixed
covering,3.46,mixed
demolish,3.46,mixed
dilate,3.46,mixed
doze,3.46,mixed
duplicate,3.46,mixed
expose,3.46,mixed
facing,3.46,mixed
flown,3.46,mixed
fornicate,3.46,mixed
gardened,3.46,mixed
glued,3.46,mixed
inserted,3.46,mixed
matted,3.46,mixed
nab,3.46,mixed
operating,3.46,mixed
racking,3.46,mixed
remains,3.46,mixed
sacked,3.46,mixed
sheeted,3.46,mixed
skied,3.46,mixed
splotch,3.46,mixed
sponging,3.46,mixed
strangles,3.46,mixed
struck,3.46,mixed
stunk,3.46,mixed
suck,3.46,mixed
sunk,3.46,mixed
tearing,3.46,mixed
unwrapping,3.46,mixed
wreathed,3.46,mixed
bronchopneumonia,3.46,mixed
corporal punishment,3.46,mixed
death trap,3.46,mixed
enlister,3.46,mixed
fanged,3.46,mixed
floorless,3.46,mixed
food allergy,3.46,mixed
general assembly,3.46,mixed
gesturer,3.46,mixed
glaze over,3.46,mixed
glossiness,3.46,mixed
ground forces,3.46,mixed
hand out,3.46,mixed
islamist,3.46,mixed
judicial system,3.46,mixed
livewire,3.46,mixed
look out,3.46,mixed
mimicker,3.46,mixed
misted,3.46,mixed
officiator,3.46,mixed
psychopathologist,3.46,mixed
quadrilateral,3.46,mixed
renovator,3.46,mixed
rocklike,3.46,mixed
sexting,3.46,mixed
sleep with,3.46,mixed
sore throat,3.46,mixed
special agent,3.46,mixed
toothed,3.46,mixed
toothlessly,3.46,mixed
trisected,3.46,mixed
unassembled,3.46,mixed
unframed,3.46,mixed
unlined,3.46,mixed
unsmooth,3.46,mixed
visually impaired,3.46,mixed
yokeless,3.46,mixed
posterior,3.47,mixed
tweeting,3.47,mixed
right,3.47,mixed
wade,3.47,mixed
celebration,3.47,mixed
clog,3.47,mixed
downriver,3.47,mixed
kidnapping,3.47,mixed
login,3.47,mixed
mileage,3.47,mixed
periodical,3.47,mixed
polka,3.47,mixed
replacement,3.47,mixed
ringleader,3.47,mixed
storage,3.47,mixed
understudy,3.47,mixed
vandalism,3.47,mixed
extinguish,3.47,mixed
fumble,3.47,mixed
keyed,3.47,mixed
lengthen,3.47,mixed
listen,3.47,mixed
unplugging,3.47,mixed
inhalant,3.47,mixed
paper trail,3.47,mixed
shagginess,3.47,mixed
take away,3.47,mixed
adolescent,3.48,mixed
alkaline,3.48,mixed
criminal,3.48,mixed
darkened,3.48,mixed
drunk,3.48,mixed
glossy,3.48,mixed
humid,3.48,mixed
lactated,3.48,mixed
moonlit,3.48,mixed
rudderless,3.48,mixed
soupy,3.48,mixed
stale,3.48,mixed
starless,3.48,mixed
streaky,3.48,mixed
vertical,3.48,mixed
cheers,3.48,mixed
aurora,3.48,mixed
crustaceous,3.48,mixed
deadwood,3.48,mixed
flogger,3.48,mixed
john,3.48,mixed
martin,3.48,mixed
metro,3.48,mixed
timothy,3.48,mixed
allies,3.48,mixed
anchorage,3.48,mixed
antiaircraft,3.48,mixed
antibody,3.48,mixed
appendices,3.48,mixed
appendicitis,3.48,mixed
biology,3.48,mixed
bisect,3.48,mixed
blotchy,3.48,mixed
buddy,3.48,mixed
bundler,3.48,mixed
buoyancy,3.48,mixed
carnage,3.48,mixed
carpentry,3.48,mixed
castaway,3.48,mixed
catheterization,3.48,mixed
chase,3.48,mixed
checkup,3.48,mixed
craft,3.48,mixed
craps,3.48,mixed
creeper,3.48,mixed
crooner,3.48,mixed
crucible,3.48,mixed
deafness,3.48,mixed
deluge,3.48,mixed
destructor,3.48,mixed
diphtheria,3.48,mixed
dirtiness,3.48,mixed
dissection,3.48,mixed
draftee,3.48,mixed
dumper,3.48,mixed
electrode,3.48,mixed
establishment,3.48,mixed
eulogy,3.48,mixed
girth,3.48,mixed
glance,3.48,mixed
gunpoint,3.48,mixed
handful,3.48,mixed
harlequin,3.48,mixed
homebuilding,3.48,mixed
hookup,3.48,mixed
integer,3.48,mixed
invention,3.48,mixed
kingpin,3.48,mixed
lymph,3.48,mixed
memoranda,3.48,mixed
memorandum,3.48,mixed
modeling,3.48,mixed
nosedive,3.48,mixed
nucleus,3.48,mixed
numerologist,3.48,mixed
obstacle,3.48,mixed
optometry,3.48,mixed
osmosis,3.48,mixed
piercer,3.48,mixed
place,3.48,mixed
playoff,3.48,mixed
popper,3.48,mixed
puff,3.48,mixed
rave,3.48,mixed
relay,3.48,mixed
rent,3.48,mixed
safecracker,3.48,mixed
scan,3.48,mixed
schedule,3.48,mixed
seminar,3.48,mixed
sequencer,3.48,mixed
showbiz,3.48,mixed
sizzle,3.48,mixed
smashup,3.48,mixed
smorgasbord,3.48,mixed
sorority,3.48,mixed
spender,3.48,mixed
sport,3.48,mixed
squadron,3.48,mixed
threshold,3.48,mixed
toggle,3.48,mixed
transplantation,3.48,mixed
ventilation,3.48,mixed
virus,3.48,mixed
wallflower,3.48,mixed
week,3.48,mixed
fifty,3.48,mixed
behind,3.48,mixed
oneself,3.48,mixed
accelerate,3.48,mixed
anesthetize,3.48,mixed
carpentering,3.48,mixed
carried,3.48,mixed
catfight,3.48,mixed
chasing,3.48,mixed
crouched,3.48,mixed
cupped,3.48,mixed
delete,3.48,mixed
dipped,3.48,mixed
drafting,3.48,mixed
entangle,3.48,mixed
injure,3.48,mixed
keel,3.48,mixed
locking,3.48,mixed
moisten,3.48,mixed
napped,3.48,mixed
nightclubbing,3.48,mixed
overheat,3.48,mixed
pawing,3.48,mixed
plop,3.48,mixed
posted,3.48,mixed
recruit,3.48,mixed
reproduce,3.48,mixed
rob,3.48,mixed
rotting,3.48,mixed
saturate,3.48,mixed
seeing,3.48,mixed
spare,3.48,mixed
starve,3.48,mixed
trickling,3.48,mixed
whack,3.48,mixed
whacking,3.48,mixed
work,3.48,mixed
working,3.48,mixed
yapping,3.48,mixed
agenda item,3.48,mixed
back burner,3.48,mixed
brimless,3.48,mixed
claylike,3.48,mixed
deathblow,3.48,mixed
earthwork,3.48,mixed
ecard,3.48,mixed
gating,3.48,mixed
gilled,3.48,mixed
google,3.48,mixed
license fee,3.48,mixed
magnetization,3.48,mixed
nonfood,3.48,mixed
northside,3.48,mixed
plucker,3.48,mixed
policymaker,3.48,mixed
prickled,3.48,mixed
pulpiness,3.48,mixed
radiochemistry,3.48,mixed
salivation,3.48,mixed
sculpturing,3.48,mixed
shakable,3.48,mixed
shock wave,3.48,mixed
shoemaking,3.48,mixed
stakeholder,3.48,mixed
sweep over,3.48,mixed
technologist,3.48,mixed
walk out,3.48,mixed
webdesign,3.48,mixed
whistleblower,3.48,mixed
workfellow,3.48,mixed
airsick,3.5,mixed
anterior,3.5,mixed
asymmetric,3.5,mixed
bombproof,3.5,mixed
communist,3.5,mixed
cranial,3.5,mixed
elliptical,3.5,mixed
furrowed,3.5,mixed
greener,3.5,mixed
identical,3.5,mixed
junior,3.5,mixed
lateral,3.5,mixed
magnifying,3.5,mixed
nonskid,3.5,mixed
nonsurgical,3.5,mixed
oriental,3.5,mixed
serpentine,3.5,mixed
shaded,3.5,mixed
spermicidal,3.5,mixed
stringy,3.5,mixed
tearful,3.5,mixed
textured,3.5,mixed
uniformed,3.5,mixed
unvarnished,3.5,mixed
vacant,3.5,mixed
wavy,3.5,mixed
offside,3.5,mixed
westwards,3.5,mixed
doughy,3.5,mixed
upchuck,3.5,mixed
withers,3.5,mixed
angle,3.5,mixed
antivirus,3.5,mixed
appointee,3.5,mixed
archduchess,3.5,mixed
arthritis,3.5,mixed
audio,3.5,mixed
baloney,3.5,mixed
bleeder,3.5,mixed
bootlicker,3.5,mixed
bunch,3.5,mixed
bypass,3.5,mixed
climate,3.5,mixed
concoction,3.5,mixed
deflector,3.5,mixed
dweller,3.5,mixed
envoy,3.5,mixed
exhibit,3.5,mixed
exporter,3.5,mixed
fatality,3.5,mixed
felony,3.5,mixed
filtration,3.5,mixed
gaming,3.5,mixed
graphologist,3.5,mixed
gynecology,3.5,mixed
halter,3.5,mixed
impersonator,3.5,mixed
inauguration,3.5,mixed
isotope,3.5,mixed
kinsman,3.5,mixed
leviathan,3.5,mixed
mainsheet,3.5,mixed
malnourishment,3.5,mixed
mealtime,3.5,mixed
mesquite,3.5,mixed
midmorning,3.5,mixed
multimedia,3.5,mixed
name,3.5,mixed
nigger,3.5,mixed
nonfiction,3.5,mixed
nunnery,3.5,mixed
nutrient,3.5,mixed
occupant,3.5,mixed
ozone,3.5,mixed
pain,3.5,mixed
piazza,3.5,mixed
poetry,3.5,mixed
presidency,3.5,mixed
procurer,3.5,mixed
puberty,3.5,mixed
puffiness,3.5,mixed
pusher,3.5,mixed
registry,3.5,mixed
relock,3.5,mixed
scholar,3.5,mixed
scrapper,3.5,mixed
screamer,3.5,mixed
seminary,3.5,mixed
serenade,3.5,mixed
setup,3.5,mixed
shunt,3.5,mixed
skirting,3.5,mixed
smelting,3.5,mixed
soreness,3.5,mixed
speedster,3.5,mixed
spyware,3.5,mixed
stickup,3.5,mixed
streamliner,3.5,mixed
thoroughfare,3.5,mixed
transport,3.5,mixed
trilogy,3.5,mixed
tug,3.5,mixed
tune,3.5,mixed
violator,3.5,mixed
voltage,3.5,mixed
whiplash,3.5,mixed
womenfolk,3.5,mixed
wrongdoer,3.5,mixed
himself,3.5,mixed
boned,3.5,mixed
built,3.5,mixed
buzzing,3.5,mixed
chiseled,3.5,mixed
clothe,3.5,mixed
darning,3.5,mixed
distill,3.5,mixed
entomb,3.5,mixed
housesit,3.5,mixed
incubate,3.5,mixed
mend,3.5,mixed
mirrored,3.5,mixed
murmuring,3.5,mixed
penetrate,3.5,mixed
reaching,3.5,mixed
rebuild,3.5,mixed
roaring,3.5,mixed
rounded,3.5,mixed
rung,3.5,mixed
squirting,3.5,mixed
stalk,3.5,mixed
stooping,3.5,mixed
swinging,3.5,mixed
topped,3.5,mixed
traveling,3.5,mixed
unlocked,3.5,mixed
wedged,3.5,mixed
zip,3.5,mixed
arithmetician,3.5,mixed
awarder,3.5,mixed
babyface,3.5,mixed
blood sport,3.5,mixed
capturer,3.5,mixed
christmas day,3.5,mixed
cohabitant,3.5,mixed
decapitator,3.5,mixed
drug traffic,3.5,mixed
dustless,3.5,mixed
ethnologist,3.5,mixed
fenceless,3.5,mixed
go down,3.5,mixed
gold rush,3.5,mixed
high gear,3.5,mixed
hindu,3.5,mixed
in store,3.5,mixed
knocked out,3.5,mixed
malware,3.5,mixed
moistness,3.5,mixed
photolithography,3.5,mixed
playschool,3.5,mixed
policy maker,3.5,mixed
radiocast,3.5,mixed
rush hour,3.5,mixed
safety zone,3.5,mixed
smoke screen,3.5,mixed
snake oil,3.5,mixed
spiciness,3.5,mixed
still life,3.5,mixed
topographer,3.5,mixed
unembroidered,3.5,mixed
whimperer,3.5,mixed
yellowish,3.5,mixed
alien,3.52,concrete
barebacked,3.52,concrete
bubbly,3.52,concrete
cloudless,3.52,concrete
flyaway,3.52,concrete
gangrenous,3.52,concrete
manned,3.52,concrete
milky,3.52,concrete
nearsighted,3.52,concrete
nondairy,3.52,concrete
patterned,3.52,concrete
prophylactic,3.52,concrete
ridged,3.52,concrete
southeastern,3.52,concrete
teary,3.52,concrete
teenage,3.52,concrete
tutoring,3.52,concrete
veterinary,3.52,concrete
wrinkly,3.52,concrete
down,3.52,concrete
shush,3.52,concrete
dyer,3.52,concrete
switcher,3.52,concrete
angioplasty,3.52,concrete
asphyxia,3.52,concrete
assets,3.52,concrete
barbarian,3.52,concrete
bluegrass,3.52,concrete
boarder,3.52,concrete
botulism,3.52,concrete
broadcasting,3.52,concrete
bronchitis,3.52,concrete
campaigner,3.52,concrete
cartography,3.52,concrete
cinematography,3.52,concrete
clansman,3.52,concrete
community,3.52,concrete
contest,3.52,concrete
coordinator,3.52,concrete
deacon,3.52,concrete
dehydration,3.52,concrete
disfigurement,3.52,concrete
doodad,3.52,concrete
dropout,3.52,concrete
duplicator,3.52,concrete
exhibition,3.52,concrete
folks,3.52,concrete
foreword,3.52,concrete
frowner,3.52,concrete
gadgetry,3.52,concrete
handout,3.52,concrete
healer,3.52,concrete
heavyweight,3.52,concrete
hyperthermia,3.52,concrete
immobility,3.52,concrete
individual,3.52,concrete
layer,3.52,concrete
lease,3.52,concrete
links,3.52,concrete
magnification,3.52,concrete
manufacturing,3.52,concrete
mutation,3.52,concrete
noise,3.52,concrete
odor,3.52,concrete
opponent,3.52,concrete
paralysis,3.52,concrete
penetration,3.52,concrete
percussion,3.52,concrete
pisser,3.52,concrete
playtime,3.52,concrete
preparer,3.52,concrete
privateer,3.52,concrete
quadrant,3.52,concrete
riches,3.52,concrete
roadie,3.52,concrete
secretion,3.52,concrete
sect,3.52,concrete
shindig,3.52,concrete
squealer,3.52,concrete
state,3.52,concrete
tattletale,3.52,concrete
threesome,3.52,concrete
tinkle,3.52,concrete
troubleshooter,3.52,concrete
tuition,3.52,concrete
weeper,3.52,concrete
workload,3.52,concrete
zigzag,3.52,concrete
bash,3.52,concrete
bawl,3.52,concrete
bleating,3.52,concrete
blurred,3.52,concrete
branded,3.52,concrete
caroling,3.52,concrete
clerking,3.52,concrete
combust,3.52,concrete
dangling,3.52,concrete
entering,3.52,concrete
filing,3.52,concrete
glisten,3.52,concrete
grab,3.52,concrete
graze,3.52,concrete
grew,3.52,concrete
highjack,3.52,concrete
hurled,3.52,concrete
jiggle,3.52,concrete
measuring,3.52,concrete
meshed,3.52,concrete
mooning,3.52,concrete
pinned,3.52,concrete
plucked,3.52,concrete
praying,3.52,concrete
proofreading,3.52,concrete
puffed,3.52,concrete
regurgitate,3.52,concrete
slash,3.52,concrete
smeared,3.52,concrete
snuggle,3.52,concrete
soiled,3.52,concrete
spar,3.52,concrete
squatted,3.52,concrete
thicken,3.52,concrete
tweet,3.52,concrete
waving,3.52,concrete
whimpering,3.52,concrete
air pressure,3.52,concrete
amuser,3.52,concrete
annotator,3.52,concrete
anthologist,3.52,concrete
art deco,3.52,concrete
bladelike,3.52,concrete
blistery,3.52,concrete
bloodiness,3.52,concrete
brain teaser,3.52,concrete
cannibalization,3.52,concrete
chip at,3.52,concrete
chronographer,3.52,concrete
circulator,3.52,concrete
cold feet,3.52,concrete
fiance,3.52,concrete
frothiness,3.52,concrete
hibernator,3.52,concrete
high noon,3.52,concrete
high speed,3.52,concrete
illuminator,3.52,concrete
inline,3.52,concrete
latch on,3.52,concrete
leap out,3.52,concrete
lockless,3.52,concrete
lopsidedly,3.52,concrete
map out,3.52,concrete
move out,3.52,concrete
osteoarthritis,3.52,concrete
photo finish,3.52,concrete
ride away,3.52,concrete
semifinalist,3.52,concrete
sexual abuse,3.52,concrete
silverwork,3.52,concrete
smolder,3.52,concrete
sound wave,3.52,concrete
sulphate,3.52,concrete
swaggerer,3.52,concrete
testing ground,3.52,concrete
training program,3.52,concrete
vanity fair,3.52,concrete
vignette,3.52,concrete
virus infection,3.52,concrete
bigger,3.53,concrete
concave,3.53,concrete
cool,3.53,concrete
filthy,3.53,concrete
mating,3.53,concrete
unsigned,3.53,concrete
sideways,3.53,concrete
grant,3.53,concrete
acupressure,3.53,concrete
castration,3.53,concrete
contraction,3.53,concrete
decoration,3.53,concrete
descendant,3.53,concrete
partner,3.53,concrete
porno,3.53,concrete
songwriting,3.53,concrete
fallen,3.53,concrete
irrigate,3.53,concrete
looking,3.53,concrete
refuel,3.53,concrete
rising,3.53,concrete
tunneled,3.53,concrete
mail service,3.53,concrete
power grid,3.53,concrete
yankee,3.53,concrete
acidic,3.54,concrete
backlit,3.54,concrete
bacterial,3.54,concrete
balsamic,3.54,concrete
botanical,3.54,concrete
branchy,3.54,concrete
cylindrical,3.54,concrete
horsey,3.54,concrete
huge,3.54,concrete
knobby,3.54,concrete
oaken,3.54,concrete
overhanging,3.54,concrete
revolving,3.54,concrete
saggy,3.54,concrete
scalded,3.54,concrete
semiautomatic,3.54,concrete
shorter,3.54,concrete
sparkly,3.54,concrete
unarmed,3.54,concrete
warty,3.54,concrete
twentyfold,3.54,concrete
grandmaster,3.54,concrete
levy,3.54,concrete
ware,3.54,concrete
armload,3.54,concrete
billing,3.54,concrete
blackness,3.54,concrete
bloodbath,3.54,concrete
colorblind,3.54,concrete
conqueror,3.54,concrete
convoy,3.54,concrete
cryptography,3.54,concrete
debutante,3.54,concrete
detailer,3.54,concrete
developer,3.54,concrete
dialysis,3.54,concrete
donor,3.54,concrete
drifter,3.54,concrete
feeler,3.54,concrete
firefight,3.54,concrete
firm,3.54,concrete
fixer,3.54,concrete
fleecy,3.54,concrete
freebee,3.54,concrete
gait,3.54,concrete
gambling,3.54,concrete
goo,3.54,concrete
herbalist,3.54,concrete
housemaster,3.54,concrete
hydration,3.54,concrete
illness,3.54,concrete
joist,3.54,concrete
matter,3.54,concrete
methanol,3.54,concrete
monsieur,3.54,concrete
nudism,3.54,concrete
orthopedics,3.54,concrete
pancreatitis,3.54,concrete
patriarch,3.54,concrete
peeper,3.54,concrete
pictorial,3.54,concrete
pounding,3.54,concrete
riboflavin,3.54,concrete
screwball,3.54,concrete
slaver,3.54,concrete
space,3.54,concrete
toll,3.54,concrete
trigonometry,3.54,concrete
tripe,3.54,concrete
venue,3.54,concrete
yelp,3.54,concrete
him,3.54,concrete
bobbing,3.54,concrete
dried,3.54,concrete
fondling,3.54,concrete
grazing,3.54,concrete
mounting,3.54,concrete
papermaking,3.54,concrete
pay,3.54,concrete
pecked,3.54,concrete
prancing,3.54,concrete
quickstep,3.54,concrete
rang,3.54,concrete
rehydrate,3.54,concrete
reseed,3.54,concrete
rowed,3.54,concrete
scalping,3.54,concrete
scarred,3.54,concrete
shivering,3.54,concrete
slither,3.54,concrete
sputtering,3.54,concrete
swung,3.54,concrete
unlace,3.54,concrete
vaulting,3.54,concrete
closefisted,3.54,concrete
degreaser,3.54,concrete
educationalist,3.54,concrete
eldercare,3.54,concrete
emulsifier,3.54,concrete
executer,3.54,concrete
frameless,3.54,concrete
gateless,3.54,concrete
headshake,3.54,concrete
move around,3.54,concrete
nestling,3.54,concrete
news reader,3.54,concrete
nonvoter,3.54,concrete
old timer,3.54,concrete
partitioner,3.54,concrete
speech act,3.54,concrete
spin doctor,3.54,concrete
steaminess,3.54,concrete
sunglow,3.54,concrete
unloader,3.54,concrete
unyoked,3.54,concrete
antifungal,3.55,concrete
clear,3.55,concrete
edible,3.55,concrete
marshy,3.55,concrete
petite,3.55,concrete
plumed,3.55,concrete
powdery,3.55,concrete
pulpy,3.55,concrete
searing,3.55,concrete
banking,3.55,concrete
critic,3.55,concrete
documentation,3.55,concrete
famine,3.55,concrete
flavor,3.55,concrete
hypothermia,3.55,concrete
infestation,3.55,concrete
kneader,3.55,concrete
litigator,3.55,concrete
migration,3.55,concrete
moneyman,3.55,concrete
recoil,3.55,concrete
shrink,3.55,concrete
subcommittee,3.55,concrete
taster,3.55,concrete
ventriloquism,3.55,concrete
clobber,3.55,concrete
derail,3.55,concrete
disarm,3.55,concrete
drank,3.55,concrete
emboss,3.55,concrete
fell,3.55,concrete
glistening,3.55,concrete
grumbling,3.55,concrete
illuminate,3.55,concrete
marinate,3.55,concrete
rebuilt,3.55,concrete
redecorate,3.55,concrete
rewrite,3.55,concrete
scatter,3.55,concrete
stuck,3.55,concrete
tying,3.55,concrete
unfold,3.55,concrete
unleash,3.55,concrete
wrote,3.55,concrete
blood poisoning,3.55,concrete
board up,3.55,concrete
dress up,3.55,concrete
embossing,3.55,concrete
eye contact,3.55,concrete
nuclear power,3.55,concrete
prop up,3.55,concrete
roman catholic,3.55,concrete
spring break,3.55,concrete
straighten up,3.55,concrete
additive,3.56,concrete
brittle,3.56,concrete
busty,3.56,concrete
chilly,3.56,concrete
electric,3.56,concrete
epidermal,3.56,concrete
fleshy,3.56,concrete
hatless,3.56,concrete
inky,3.56,concrete
lunar,3.56,concrete
noisy,3.56,concrete
nonorganic,3.56,concrete
prostrate,3.56,concrete
slender,3.56,concrete
warm,3.56,concrete
waterlogged,3.56,concrete
cupid,3.56,concrete
tweeter,3.56,concrete
aneurism,3.56,concrete
churchgoer,3.56,concrete
coagulant,3.56,concrete
crock,3.56,concrete
cumulus,3.56,concrete
decoder,3.56,concrete
docket,3.56,concrete
earache,3.56,concrete
echogram,3.56,concrete
eruption,3.56,concrete
firestorm,3.56,concrete
growler,3.56,concrete
grunt,3.56,concrete
gusher,3.56,concrete
gyration,3.56,concrete
hideaway,3.56,concrete
inverter,3.56,concrete
knockout,3.56,concrete
mender,3.56,concrete
northbound,3.56,concrete
orbiter,3.56,concrete
outback,3.56,concrete
personnel,3.56,concrete
playwright,3.56,concrete
presoak,3.56,concrete
retard,3.56,concrete
supercharger,3.56,concrete
taper,3.56,concrete
weaponry,3.56,concrete
word,3.56,concrete
wrangler,3.56,concrete
sixty,3.56,concrete
mine,3.56,concrete
crusted,3.56,concrete
envelop,3.56,concrete
extract,3.56,concrete
faints,3.56,concrete
fogged,3.56,concrete
fused,3.56,concrete
intoxicated,3.56,concrete
lopsided,3.56,concrete
mashing,3.56,concrete
pummel,3.56,concrete
read,3.56,concrete
redraw,3.56,concrete
slicing,3.56,concrete
slouch,3.56,concrete
staining,3.56,concrete
stonewall,3.56,concrete
swaddle,3.56,concrete
whiten,3.56,concrete
air space,3.56,concrete
answerer,3.56,concrete
block off,3.56,concrete
career coach,3.56,concrete
chat room,3.56,concrete
corroborator,3.56,concrete
court order,3.56,concrete
decimeter,3.56,concrete
demolitionist,3.56,concrete
etymologist,3.56,concrete
forager,3.56,concrete
foster care,3.56,concrete
hammer out,3.56,concrete
haziness,3.56,concrete
heart disease,3.56,concrete
hot line,3.56,concrete
last name,3.56,concrete
look up,3.56,concrete
militiaman,3.56,concrete
natural resource,3.56,concrete
noisemaking,3.56,concrete
phishing,3.56,concrete
pillager,3.56,concrete
scammer,3.56,concrete
show business,3.56,concrete
silvertip,3.56,concrete
step forward,3.56,concrete
turn away,3.56,concrete
unflavored,3.56,concrete
unstitched,3.56,concrete
unwoven,3.56,concrete
waitlist,3.56,concrete
bristled,3.57,concrete
gilded,3.57,concrete
herbal,3.57,concrete
hyphenated,3.57,concrete
lacerated,3.57,concrete
leaky,3.57,concrete
monthly,3.57,concrete
mushy,3.57,concrete
overweight,3.57,concrete
skinny,3.57,concrete
stony,3.57,concrete
upward,3.57,concrete
wetted,3.57,concrete
fiat,3.57,concrete
glen,3.57,concrete
ray,3.57,concrete
analgesic,3.57,concrete
archivist,3.57,concrete
axis,3.57,concrete
ceremony,3.57,concrete
childbearing,3.57,concrete
compartment,3.57,concrete
consumer,3.57,concrete
croaker,3.57,concrete
dilation,3.57,concrete
enzyme,3.57,concrete
examiner,3.57,concrete
faggot,3.57,concrete
fireproofing,3.57,concrete
folk,3.57,concrete
footing,3.57,concrete
freeloader,3.57,concrete
gentleman,3.57,concrete
hangover,3.57,concrete
hydroxide,3.57,concrete
indigestion,3.57,concrete
kink,3.57,concrete
leukemia,3.57,concrete
lowercase,3.57,concrete
media,3.57,concrete
mummification,3.57,concrete
prospector,3.57,concrete
purifier,3.57,concrete
rap,3.57,concrete
reaper,3.57,concrete
sacker,3.57,concrete
seller,3.57,concrete
sentence,3.57,concrete
shorthand,3.57,concrete
shutoff,3.57,concrete
sideswipe,3.57,concrete
stagger,3.57,concrete
straggler,3.57,concrete
terminator,3.57,concrete
tracer,3.57,concrete
turbulence,3.57,concrete
walkup,3.57,concrete
wireless,3.57,concrete
ninth,3.57,concrete
betting,3.57,concrete
breathed,3.57,concrete
burying,3.57,concrete
capsize,3.57,concrete
counting,3.57,concrete
fidgeting,3.57,concrete
glazing,3.57,concrete
holler,3.57,concrete
leapfrogging,3.57,concrete
leapt,3.57,concrete
live,3.57,concrete
neigh,3.57,concrete
pointed,3.57,concrete
sculpt,3.57,concrete
shrivel,3.57,concrete
spaying,3.57,concrete
strum,3.57,concrete
strutting,3.57,concrete
threw,3.57,concrete
toot,3.57,concrete
tread,3.57,concrete
tweeze,3.57,concrete
anorexia nervosa,3.57,concrete
boxlike,3.57,concrete
cannon fodder,3.57,concrete
chainless,3.57,concrete
conference call,3.57,concrete
federal reserve,3.57,concrete
half brother,3.57,concrete
oxygenator,3.57,concrete
penciling,3.57,concrete
pensioner,3.57,concrete
sogginess,3.57,concrete
stinkwood,3.57,concrete
subscript,3.57,concrete
timeline,3.57,concrete
tobacco industry,3.57,concrete
unroasted,3.57,concrete
volleying,3.57,concrete
working out,3.57,concrete
zoom in,3.57,concrete
commissary,3.58,concrete
crateful,3.58,concrete
fallopian,3.58,concrete
humpy,3.58,concrete
hypodermic,3.58,concrete
legged,3.58,concrete
pliable,3.58,concrete
soaked,3.58,concrete
windproof,3.58,concrete
hamlet,3.58,concrete
stoke,3.58,concrete
strummer,3.58,concrete
whistler,3.58,concrete
acetylene,3.58,concrete
aftermarket,3.58,concrete
airspace,3.58,concrete
archive,3.58,concrete
bearer,3.58,concrete
carsickness,3.58,concrete
checkroom,3.58,concrete
cipher,3.58,concrete
conduit,3.58,concrete
cribbage,3.58,concrete
crier,3.58,concrete
crispness,3.58,concrete
dicer,3.58,concrete
disrobement,3.58,concrete
epidemiologist,3.58,concrete
exhalation,3.58,concrete
expander,3.58,concrete
facility,3.58,concrete
fruiter,3.58,concrete
fume,3.58,concrete
funnyman,3.58,concrete
haiku,3.58,concrete
harasser,3.58,concrete
headroom,3.58,concrete
hemisphere,3.58,concrete
hernia,3.58,concrete
interrupter,3.58,concrete
mange,3.58,concrete
manifold,3.58,concrete
microprobe,3.58,concrete
mononucleosis,3.58,concrete
motoring,3.58,concrete
nymph,3.58,concrete
organizer,3.58,concrete
paddler,3.58,concrete
quizmaster,3.58,concrete
rollaway,3.58,concrete
spinster,3.58,concrete
squeaker,3.58,concrete
symposium,3.58,concrete
teething,3.58,concrete
tenement,3.58,concrete
toehold,3.58,concrete
twentieth,3.58,concrete
enshroud,3.58,concrete
leafed,3.58,concrete
lobotomize,3.58,concrete
palpitate,3.58,concrete
restack,3.58,concrete
smelling,3.58,concrete
tonguing,3.58,concrete
unlatch,3.58,concrete
watching,3.58,concrete
assaulter,3.58,concrete
bannered,3.58,concrete
circumciser,3.58,concrete
clanswoman,3.58,concrete
coiner,3.58,concrete
crisped,3.58,concrete
debutant,3.58,concrete
double take,3.58,concrete
eat out,3.58,concrete
fall flat,3.58,concrete
fluting,3.58,concrete
huntswoman,3.58,concrete
limelighter,3.58,concrete
look back,3.58,concrete
pension fund,3.58,concrete
pinkness,3.58,concrete
pole position,3.58,concrete
propagator,3.58,concrete
run off,3.58,concrete
spammer,3.58,concrete
unsharpened,3.58,concrete
volcanologist,3.58,concrete
welting,3.58,concrete
woolgatherer,3.58,concrete
armored,3.59,concrete
blackened,3.59,concrete
cervical,3.59,concrete
drinkable,3.59,concrete
full,3.59,concrete
habitant,3.59,concrete
husky,3.59,concrete
lumpy,3.59,concrete
messy,3.59,concrete
oblong,3.59,concrete
reformatory,3.59,concrete
ribbed,3.59,concrete
sloping,3.59,concrete
soluble,3.59,concrete
speckled,3.59,concrete
sticky,3.59,concrete
suntanned,3.59,concrete
triple,3.59,concrete
upright,3.59,concrete
anesthesiology,3.59,concrete
gene,3.59,concrete
ma,3.59,concrete
aide,3.59,concrete
airflow,3.59,concrete
airstrike,3.59,concrete
amp,3.59,concrete
anatomist,3.59,concrete
anatomy,3.59,concrete
angles,3.59,concrete
antioxidant,3.59,concrete
architecture,3.59,concrete
carbohydrate,3.59,concrete
coloring,3.59,concrete
deformity,3.59,concrete
destroyer,3.59,concrete
discolorations,3.59,concrete
elder,3.59,concrete
expenses,3.59,concrete
eyesight,3.59,concrete
flicker,3.59,concrete
hemorrhage,3.59,concrete
hipster,3.59,concrete
honeymoon,3.59,concrete
hooligan,3.59,concrete
hub,3.59,concrete
hydroplane,3.59,concrete
interceptor,3.59,concrete
interior,3.59,concrete
investment,3.59,concrete
lances,3.59,concrete
mechanics,3.59,concrete
millions,3.59,concrete
molester,3.59,concrete
muscularity,3.59,concrete
northwest,3.59,concrete
pathogen,3.59,concrete
pheromone,3.59,concrete
playmaker,3.59,concrete
pleader,3.59,concrete
polio,3.59,concrete
polluter,3.59,concrete
prankster,3.59,concrete
race,3.59,concrete
rear,3.59,concrete
requester,3.59,concrete
shipping,3.59,concrete
speakeasy,3.59,concrete
spinout,3.59,concrete
suicide,3.59,concrete
tailspin,3.59,concrete
teleconference,3.59,concrete
torture,3.59,concrete
traction,3.59,concrete
trapper,3.59,concrete
trickle,3.59,concrete
undergrowth,3.59,concrete
victim,3.59,concrete
volley,3.59,concrete
wadding,3.59,concrete
ward,3.59,concrete
fives,3.59,concrete
hundredth,3.59,concrete
us,3.59,concrete
chopped,3.59,concrete
cling,3.59,concrete
coated,3.59,concrete
conjoined,3.59,concrete
corked,3.59,concrete
crippled,3.59,concrete
dispose,3.59,concrete
fingered,3.59,concrete
flinch,3.59,concrete
flinching,3.59,concrete
hurtle,3.59,concrete
lactate,3.59,concrete
leaning,3.59,concrete
lined,3.59,concrete
lure,3.59,concrete
measure,3.59,concrete
meditating,3.59,concrete
overflowing,3.59,concrete
plugged,3.59,concrete
polished,3.59,concrete
polluting,3.59,concrete
sear,3.59,concrete
shadowboxing,3.59,concrete
shoplift,3.59,concrete
sidestroke,3.59,concrete
slinging,3.59,concrete
springing,3.59,concrete
sprinkling,3.59,concrete
thrash,3.59,concrete
thudding,3.59,concrete
topple,3.59,concrete
unbuckle,3.59,concrete
unveiled,3.59,concrete
varnished,3.59,concrete
vibrating,3.59,concrete
waddle,3.59,concrete
waddling,3.59,concrete
wearing,3.59,concrete
adoptee,3.59,concrete
baby talk,3.59,concrete
blue chip,3.59,concrete
bluetooth,3.59,concrete
bulginess,3.59,concrete
calligraphist,3.59,concrete
death squad,3.59,concrete
face up,3.59,concrete
horsetrading,3.59,concrete
landscapist,3.59,concrete
lump sum,3.59,concrete
nextdoor,3.59,concrete
night watch,3.59,concrete
oil business,3.59,concrete
smoking gun,3.59,concrete
supercontinent,3.59,concrete
armed,3.6,concrete
bruising,3.6,concrete
candlelit,3.6,concrete
esophageal,3.6,concrete
waterproof,3.6,concrete
wheezy,3.6,concrete
overhead,3.6,concrete
uphill,3.6,concrete
candlepower,3.6,concrete
consulate,3.6,concrete
contributor,3.6,concrete
coupler,3.6,concrete
criminologist,3.6,concrete
dab,3.6,concrete
dregs,3.6,concrete
electrotherapy,3.6,concrete
giggler,3.6,concrete
guru,3.6,concrete
hypnotherapist,3.6,concrete
invitee,3.6,concrete
knockdown,3.6,concrete
lowerclassmen,3.6,concrete
millionaire,3.6,concrete
nativity,3.6,concrete
poser,3.6,concrete
rowing,3.6,concrete
sanitation,3.6,concrete
semiautomatics,3.6,concrete
snatcher,3.6,concrete
splashdown,3.6,concrete
tasting,3.6,concrete
twirler,3.6,concrete
wraparound,3.6,concrete
babbling,3.6,concrete
dissecting,3.6,concrete
erased,3.6,concrete
fraying,3.6,concrete
hiss,3.6,concrete
kneading,3.6,concrete
laid,3.6,concrete
spotted,3.6,concrete
sway,3.6,concrete
swishing,3.6,concrete
swollen,3.6,concrete
thatching,3.6,concrete
wobble,3.6,concrete
book review,3.6,concrete
chronogram,3.6,concrete
defense team,3.6,concrete
double date,3.6,concrete
flourlike,3.6,concrete
fontsize,3.6,concrete
interior designer,3.6,concrete
kick around,3.6,concrete
roughrider,3.6,concrete
ungloved,3.6,concrete
wallpapering,3.6,concrete
winegrowing,3.6,concrete
baggy,3.61,concrete
chewable,3.61,concrete
costumed,3.61,concrete
flammable,3.61,concrete
short,3.61,concrete
symmetrical,3.61,concrete
webby,3.61,concrete
drizzly,3.61,concrete
bunt,3.61,concrete
oiler,3.61,concrete
subheading,3.61,concrete
tabby,3.61,concrete
agent,3.61,concrete
amnesia,3.61,concrete
brokerage,3.61,concrete
cleanness,3.61,concrete
collision,3.61,concrete
confinement,3.61,concrete
congestion,3.61,concrete
converter,3.61,concrete
crosswind,3.61,concrete
cryptographer,3.61,concrete
dismemberment,3.61,concrete
druggie,3.61,concrete
eyewitness,3.61,concrete
fieldwork,3.61,concrete
gizmo,3.61,concrete
goalkeeping,3.61,concrete
halitosis,3.61,concrete
hollow,3.61,concrete
loiter,3.61,concrete
lyric,3.61,concrete
miles,3.61,concrete
milligram,3.61,concrete
murder,3.61,concrete
outlaw,3.61,concrete
outline,3.61,concrete
overlord,3.61,concrete
planner,3.61,concrete
prey,3.61,concrete
puppetry,3.61,concrete
radius,3.61,concrete
rape,3.61,concrete
remodeler,3.61,concrete
roughage,3.61,concrete
suffix,3.61,concrete
synapse,3.61,concrete
transit,3.61,concrete
vibration,3.61,concrete
wingman,3.61,concrete
twelve,3.61,concrete
creak,3.61,concrete
eaten,3.61,concrete
groaning,3.61,concrete
hurt,3.61,concrete
preaching,3.61,concrete
shutting,3.61,concrete
stapling,3.61,concrete
steamroll,3.61,concrete
stoning,3.61,concrete
tremble,3.61,concrete
unclip,3.61,concrete
uncork,3.61,concrete
undercook,3.61,concrete
wear,3.61,concrete
wobbling,3.61,concrete
advertize,3.61,concrete
babbler,3.61,concrete
barricader,3.61,concrete
best seller,3.61,concrete
blossomless,3.61,concrete
car pool,3.61,concrete
centenarian,3.61,concrete
commemorator,3.61,concrete
concertmaster,3.61,concrete
cosigner,3.61,concrete
creasing,3.61,concrete
force field,3.61,concrete
historiographer,3.61,concrete
ironworking,3.61,concrete
jam session,3.61,concrete
laywoman,3.61,concrete
mistflower,3.61,concrete
patch up,3.61,concrete
photographical,3.61,concrete
sell-by date,3.61,concrete
speed limit,3.61,concrete
taleteller,3.61,concrete
whiskerless,3.61,concrete
bagful,3.62,concrete
comatose,3.62,concrete
creamy,3.62,concrete
dwarfish,3.62,concrete
facial,3.62,concrete
feathery,3.62,concrete
flaccid,3.62,concrete
onshore,3.62,concrete
opaque,3.62,concrete
overhand,3.62,concrete
sheltered,3.62,concrete
spinal,3.62,concrete
stiff,3.62,concrete
unwrinkled,3.62,concrete
bond,3.62,concrete
trencher,3.62,concrete
airlift,3.62,concrete
anime,3.62,concrete
appraiser,3.62,concrete
baits,3.62,concrete
beater,3.62,concrete
brat,3.62,concrete
breeze,3.62,concrete
carotene,3.62,concrete
checkpoint,3.62,concrete
clambake,3.62,concrete
coagulation,3.62,concrete
contaminant,3.62,concrete
convulsion,3.62,concrete
cutoff,3.62,concrete
demonologist,3.62,concrete
dinnertime,3.62,concrete
eavesdropper,3.62,concrete
endorphin,3.62,concrete
entry,3.62,concrete
greeting,3.62,concrete
highwayman,3.62,concrete
homeboy,3.62,concrete
incontinence,3.62,concrete
kilowatt,3.62,concrete
lubrication,3.62,concrete
mourner,3.62,concrete
nation,3.62,concrete
nodule,3.62,concrete
peek,3.62,concrete
plateful,3.62,concrete
probe,3.62,concrete
project,3.62,concrete
rocketry,3.62,concrete
rubdown,3.62,concrete
saccharin,3.62,concrete
scuffle,3.62,concrete
shouter,3.62,concrete
showcasing,3.62,concrete
sizes,3.62,concrete
smasher,3.62,concrete
speed,3.62,concrete
speeder,3.62,concrete
standup,3.62,concrete
stocker,3.62,concrete
tonsillectomy,3.62,concrete
tuberculosis,3.62,concrete
unicorn,3.62,concrete
waiver,3.62,concrete
wheelman,3.62,concrete
eighth,3.62,concrete
seventieth,3.62,concrete
three,3.62,concrete
bent,3.62,concrete
candied,3.62,concrete
flavoring,3.62,concrete
gliding,3.62,concrete
grimacing,3.62,concrete
hacking,3.62,concrete
hydrated,3.62,concrete
intersect,3.62,concrete
reseal,3.62,concrete
rotating,3.62,concrete
saddled,3.62,concrete
scuffed,3.62,concrete
slid,3.62,concrete
snag,3.62,concrete
spat,3.62,concrete
spearing,3.62,concrete
stemmed,3.62,concrete
stretch,3.62,concrete
sweeten,3.62,concrete
twinkling,3.62,concrete
unbind,3.62,concrete
whisking,3.62,concrete
aquarian,3.62,concrete
assembler,3.62,concrete
babytalk,3.62,concrete
bactericide,3.62,concrete
blood relative,3.62,concrete
bookselling,3.62,concrete
budgeter,3.62,concrete
cobwebby,3.62,concrete
demagnetizer,3.62,concrete
enzymologist,3.62,concrete
fellowman,3.62,concrete
frostiness,3.62,concrete
handsfree,3.62,concrete
health insurance,3.62,concrete
hoverer,3.62,concrete
levitator,3.62,concrete
light touch,3.62,concrete
lipread,3.62,concrete
longhand,3.62,concrete
look around,3.62,concrete
multiple choice,3.62,concrete
New Year,3.62,concrete
precook,3.62,concrete
protozoan,3.62,concrete
rearmost,3.62,concrete
recitalist,3.62,concrete
ridiculer,3.62,concrete
social event,3.62,concrete
stammerer,3.62,concrete
take off,3.62,concrete
adjacent,3.63,concrete
ambidextrous,3.63,concrete
charred,3.63,concrete
clumpy,3.63,concrete
digital,3.63,concrete
dingy,3.63,concrete
mammary,3.63,concrete
prepackaged,3.63,concrete
sickbed,3.63,concrete
steamy,3.63,concrete
televised,3.63,concrete
throbbing,3.63,concrete
vertically,3.63,concrete
crosscut,3.63,concrete
tanner,3.63,concrete
anagram,3.63,concrete
asphyxiation,3.63,concrete
bases,3.63,concrete
bazaar,3.63,concrete
bluesman,3.63,concrete
brawl,3.63,concrete
cackle,3.63,concrete
crusader,3.63,concrete
disco,3.63,concrete
dodger,3.63,concrete
element,3.63,concrete
forestry,3.63,concrete
germs,3.63,concrete
globetrotter,3.63,concrete
grasp,3.63,concrete
harlot,3.63,concrete
host,3.63,concrete
idol,3.63,concrete
insemination,3.63,concrete
load,3.63,concrete
madman,3.63,concrete
mailing,3.63,concrete
microelectronics,3.63,concrete
mile,3.63,concrete
movement,3.63,concrete
multiprocessor,3.63,concrete
orthodontics,3.63,concrete
outtakes,3.63,concrete
philosopher,3.63,concrete
pigmentation,3.63,concrete
portal,3.63,concrete
price,3.63,concrete
questioner,3.63,concrete
spatter,3.63,concrete
spelling,3.63,concrete
stealer,3.63,concrete
stratus,3.63,concrete
war,3.63,concrete
workforce,3.63,concrete
nineteenth,3.63,concrete
bookmaking,3.63,concrete
bop,3.63,concrete
cauterize,3.63,concrete
cheering,3.63,concrete
clasping,3.63,concrete
crystallize,3.63,concrete
decayed,3.63,concrete
enlarged,3.63,concrete
figure,3.63,concrete
hardwired,3.63,concrete
jog,3.63,concrete
lacerate,3.63,concrete
mowing,3.63,concrete
peed,3.63,concrete
planting,3.63,concrete
speeding,3.63,concrete
stepping,3.63,concrete
winding,3.63,concrete
wrangle,3.63,concrete
wriggle,3.63,concrete
biosensor,3.63,concrete
cross country,3.63,concrete
Father Christmas,3.63,concrete
finger pointing,3.63,concrete
granduncle,3.63,concrete
hammer in,3.63,concrete
heat wave,3.63,concrete
hoarder,3.63,concrete
house arrest,3.63,concrete
hydroelectricity,3.63,concrete
hypnotizer,3.63,concrete
multiple sclerosis,3.63,concrete
patternmaker,3.63,concrete
substance abuser,3.63,concrete
superbowl,3.63,concrete
untoasted,3.63,concrete
amphibious,3.64,concrete
counterfeit,3.64,concrete
deformed,3.64,concrete
fetal,3.64,concrete
gooey,3.64,concrete
hornless,3.64,concrete
indoor,3.64,concrete
lukewarm,3.64,concrete
malleable,3.64,concrete
nonmetallic,3.64,concrete
squishy,3.64,concrete
terrorist,3.64,concrete
trapezoidal,3.64,concrete
wounded,3.64,concrete
sharps,3.64,concrete
sheen,3.64,concrete
bowlful,3.64,concrete
burglary,3.64,concrete
chemistry,3.64,concrete
chowtime,3.64,concrete
commissioner,3.64,concrete
cycle,3.64,concrete
cytoplasm,3.64,concrete
dentistry,3.64,concrete
diva,3.64,concrete
echo,3.64,concrete
edifice,3.64,concrete
internet,3.64,concrete
jammer,3.64,concrete
karat,3.64,concrete
lotto,3.64,concrete
megastar,3.64,concrete
onlooker,3.64,concrete
pacer,3.64,concrete
periods,3.64,concrete
piggyback,3.64,concrete
population,3.64,concrete
predator,3.64,concrete
quake,3.64,concrete
registrar,3.64,concrete
reps,3.64,concrete
rubbish,3.64,concrete
rut,3.64,concrete
sanctuary,3.64,concrete
sodomy,3.64,concrete
summer,3.64,concrete
sumo,3.64,concrete
topography,3.64,concrete
typo,3.64,concrete
width,3.64,concrete
eighteenth,3.64,concrete
blazing,3.64,concrete
falling,3.64,concrete
fanning,3.64,concrete
firing,3.64,concrete
gummed,3.64,concrete
implode,3.64,concrete
makeover,3.64,concrete
mapmaking,3.64,concrete
paying,3.64,concrete
reload,3.64,concrete
rolled,3.64,concrete
screwing,3.64,concrete
slashing,3.64,concrete
sliding,3.64,concrete
snaps,3.64,concrete
spiked,3.64,concrete
spiking,3.64,concrete
spooning,3.64,concrete
swam,3.64,concrete
add on,3.64,concrete
black hole,3.64,concrete
bus service,3.64,concrete
business plan,3.64,concrete
castrator,3.64,concrete
leak out,3.64,concrete
lock up,3.64,concrete
moonwalker,3.64,concrete
multidigit,3.64,concrete
overfull,3.64,concrete
postal code,3.64,concrete
sawmilling,3.64,concrete
sextuple,3.64,concrete
shake off,3.64,concrete
supergiant,3.64,concrete
yolkless,3.64,concrete
mossy,3.65,concrete
neonatal,3.65,concrete
offshore,3.65,concrete
bookman,3.65,concrete
jock,3.65,concrete
nightwalker,3.65,concrete
afterburner,3.65,concrete
athletics,3.65,concrete
blowup,3.65,concrete
bondage,3.65,concrete
cauterization,3.65,concrete
contents,3.65,concrete
copycat,3.65,concrete
cortisone,3.65,concrete
courtside,3.65,concrete
emphysema,3.65,concrete
equation,3.65,concrete
evidence,3.65,concrete
flu,3.65,concrete
genealogist,3.65,concrete
glow,3.65,concrete
gluten,3.65,concrete
godchild,3.65,concrete
guarder,3.65,concrete
headsman,3.65,concrete
huntsman,3.65,concrete
invasion,3.65,concrete
invitation,3.65,concrete
jouster,3.65,concrete
moniker,3.65,concrete
monitor,3.65,concrete
mornings,3.65,concrete
oaf,3.65,concrete
odorant,3.65,concrete
pains,3.65,concrete
physique,3.65,concrete
robotics,3.65,concrete
seepage,3.65,concrete
sneer,3.65,concrete
sniffer,3.65,concrete
squad,3.65,concrete
tackler,3.65,concrete
ding,3.65,concrete
bronzing,3.65,concrete
chipping,3.65,concrete
cocking,3.65,concrete
curdle,3.65,concrete
halved,3.65,concrete
pounced,3.65,concrete
smoked,3.65,concrete
spiraled,3.65,concrete
unscrewed,3.65,concrete
birds-eye view,3.65,concrete
cytoplast,3.65,concrete
feedbox,3.65,concrete
frostless,3.65,concrete
headworker,3.65,concrete
husked,3.65,concrete
networker,3.65,concrete
photonegative,3.65,concrete
shove off,3.65,concrete
snowless,3.65,concrete
unlaced,3.65,concrete
unrobed,3.65,concrete
uppercase,3.65,concrete
big,3.66,concrete
handicapped,3.66,concrete
hydraulic,3.66,concrete
peppery,3.66,concrete
unsweetened,3.66,concrete
vaginal,3.66,concrete
tricolored,3.66,concrete
airmail,3.66,concrete
arson,3.66,concrete
audition,3.66,concrete
boom,3.66,concrete
chat,3.66,concrete
citation,3.66,concrete
contraption,3.66,concrete
countryman,3.66,concrete
debit,3.66,concrete
demo,3.66,concrete
detour,3.66,concrete
digestion,3.66,concrete
fornication,3.66,concrete
founder,3.66,concrete
galaxy,3.66,concrete
handwork,3.66,concrete
hue,3.66,concrete
jackass,3.66,concrete
keystone,3.66,concrete
kinfolk,3.66,concrete
mafia,3.66,concrete
object,3.66,concrete
oxygen,3.66,concrete
placeholder,3.66,concrete
protector,3.66,concrete
protein,3.66,concrete
receiver,3.66,concrete
repository,3.66,concrete
sessions,3.66,concrete
signer,3.66,concrete
smear,3.66,concrete
suppertime,3.66,concrete
trace,3.66,concrete
whiner,3.66,concrete
aqua,3.66,concrete
hear,3.66,concrete
illuminated,3.66,concrete
knuckled,3.66,concrete
melted,3.66,concrete
pounce,3.66,concrete
rattling,3.66,concrete
slipped,3.66,concrete
stamping,3.66,concrete
sweated,3.66,concrete
coeditor,3.66,concrete
cut through,3.66,concrete
delegator,3.66,concrete
down payment,3.66,concrete
endnote,3.66,concrete
fingerless,3.66,concrete
motion sickness,3.66,concrete
obstructer,3.66,concrete
prescriber,3.66,concrete
raise up,3.66,concrete
sleeping beauty,3.66,concrete
step down,3.66,concrete
bony,3.67,concrete
breathless,3.67,concrete
calligraphic,3.67,concrete
checkered,3.67,concrete
flowering,3.67,concrete
little,3.67,concrete
luminescent,3.67,concrete
mountainous,3.67,concrete
roasted,3.67,concrete
silent,3.67,concrete
skeletal,3.67,concrete
weedy,3.67,concrete
counterclockwise,3.67,concrete
inside,3.67,concrete
householder,3.67,concrete
participator,3.67,concrete
adviser,3.67,concrete
agriculture,3.67,concrete
apprentice,3.67,concrete
aroma,3.67,concrete
babe,3.67,concrete
baritone,3.67,concrete
blaster,3.67,concrete
blocker,3.67,concrete
burrow,3.67,concrete
caesarian,3.67,concrete
camelback,3.67,concrete
collagen,3.67,concrete
combat,3.67,concrete
cording,3.67,concrete
crap,3.67,concrete
crossways,3.67,concrete
culvert,3.67,concrete
debater,3.67,concrete
decaf,3.67,concrete
diplomat,3.67,concrete
dopamine,3.67,concrete
ejector,3.67,concrete
electrolysis,3.67,concrete
exhibitionist,3.67,concrete
fellow,3.67,concrete
firepower,3.67,concrete
flash,3.67,concrete
flyover,3.67,concrete
geneticist,3.67,concrete
hazard,3.67,concrete
hustler,3.67,concrete
hydrotherapy,3.67,concrete
hypotenuse,3.67,concrete
inhalation,3.67,concrete
interpreter,3.67,concrete
irritant,3.67,concrete
mademoiselle,3.67,concrete
mandarin,3.67,concrete
mechanism,3.67,concrete
monograph,3.67,concrete
orgy,3.67,concrete
paraphernalia,3.67,concrete
patchwork,3.67,concrete
precinct,3.67,concrete
reviewer,3.67,concrete
secretariat,3.67,concrete
sentinel,3.67,concrete
showboat,3.67,concrete
southerner,3.67,concrete
squatter,3.67,concrete
streak,3.67,concrete
thermograph,3.67,concrete
tier,3.67,concrete
trackside,3.67,concrete
wintertime,3.67,concrete
worshiper,3.67,concrete
twenty,3.67,concrete
assemble,3.67,concrete
bowing,3.67,concrete
broiling,3.67,concrete
cabled,3.67,concrete
carrying,3.67,concrete
collapse,3.67,concrete
crackling,3.67,concrete
crowned,3.67,concrete
curled,3.67,concrete
dropping,3.67,concrete
dyeing,3.67,concrete
exfoliate,3.67,concrete
flee,3.67,concrete
heave,3.67,concrete
jabbed,3.67,concrete
lit,3.67,concrete
mush,3.67,concrete
percolate,3.67,concrete
pintsize,3.67,concrete
pouncing,3.67,concrete
refueling,3.67,concrete
scurry,3.67,concrete
snapped,3.67,concrete
soar,3.67,concrete
sprang,3.67,concrete
tether,3.67,concrete
travel,3.67,concrete
unclog,3.67,concrete
zips,3.67,concrete
bondwoman,3.67,concrete
carry out,3.67,concrete
counterdemonstration,3.67,concrete
frays,3.67,concrete
freezable,3.67,concrete
geochemist,3.67,concrete
give away,3.67,concrete
haggler,3.67,concrete
hands on,3.67,concrete
happy hour,3.67,concrete
harmonist,3.67,concrete
honky tonk,3.67,concrete
indention,3.67,concrete
intensive care,3.67,concrete
justice department,3.67,concrete
kinsfolk,3.67,concrete
light up,3.67,concrete
limpness,3.67,concrete
modeler,3.67,concrete
retinol,3.67,concrete
roll up,3.67,concrete
sign on,3.67,concrete
singlet,3.67,concrete
southside,3.67,concrete
struggler,3.67,concrete
topologist,3.67,concrete
tracklayer,3.67,concrete
uncolored,3.67,concrete
winegrower,3.67,concrete
work force,3.67,concrete
canned,3.68,concrete
elderly,3.68,concrete
fainter,3.68,concrete
fizzy,3.68,concrete
floury,3.68,concrete
humanoid,3.68,concrete
potbellied,3.68,concrete
tangy,3.68,concrete
winged,3.68,concrete
plumb,3.68,concrete
westward,3.68,concrete
bob,3.68,concrete
columbine,3.68,concrete
peter,3.68,concrete
shanghai,3.68,concrete
timberline,3.68,concrete
aftershock,3.68,concrete
allergy,3.68,concrete
antihistamine,3.68,concrete
balm,3.68,concrete
bloomer,3.68,concrete
buttery,3.68,concrete
cloudiness,3.68,concrete
clutter,3.68,concrete
countess,3.68,concrete
coven,3.68,concrete
doc,3.68,concrete
drillmaster,3.68,concrete
ecologist,3.68,concrete
estrogen,3.68,concrete
fest,3.68,concrete
footer,3.68,concrete
garnishment,3.68,concrete
gigantism,3.68,concrete
glassful,3.68,concrete
glop,3.68,concrete
groper,3.68,concrete
hag,3.68,concrete
kinswoman,3.68,concrete
lover,3.68,concrete
majorette,3.68,concrete
memorial,3.68,concrete
miniseries,3.68,concrete
nightspot,3.68,concrete
occupation,3.68,concrete
plaything,3.68,concrete
puffer,3.68,concrete
reactor,3.68,concrete
recording,3.68,concrete
registration,3.68,concrete
remover,3.68,concrete
sclerosis,3.68,concrete
scuff,3.68,concrete
seaboard,3.68,concrete
shifter,3.68,concrete
side,3.68,concrete
slaughter,3.68,concrete
slider,3.68,concrete
spacer,3.68,concrete
squawker,3.68,concrete
stepson,3.68,concrete
taxidermy,3.68,concrete
toxicologist,3.68,concrete
tributary,3.68,concrete
tycoon,3.68,concrete
whaling,3.68,concrete
workday,3.68,concrete
seventeenth,3.68,concrete
bayoneted,3.68,concrete
chug,3.68,concrete
droop,3.68,concrete
edging,3.68,concrete
frothing,3.68,concrete
hold,3.68,concrete
huddling,3.68,concrete
jabbing,3.68,concrete
jaywalk,3.68,concrete
jell,3.68,concrete
jitterbug,3.68,concrete
singed,3.68,concrete
siphon,3.68,concrete
slit,3.68,concrete
snip,3.68,concrete
spread,3.68,concrete
stop,3.68,concrete
timed,3.68,concrete
triplex,3.68,concrete
unsealed,3.68,concrete
worn,3.68,concrete
bricklike,3.68,concrete
constructer,3.68,concrete
copyholder,3.68,concrete
degrease,3.68,concrete
donator,3.68,concrete
dragster,3.68,concrete
evacuee,3.68,concrete
flameproof,3.68,concrete
folk music,3.68,concrete
keynote address,3.68,concrete
ladyfinger,3.68,concrete
pollinator,3.68,concrete
untwisting,3.68,concrete
vomiter,3.68,concrete
work out,3.68,concrete
caped,3.69,concrete
chunky,3.69,concrete
crisp,3.69,concrete
drier,3.69,concrete
fungal,3.69,concrete
marbled,3.69,concrete
scabby,3.69,concrete
semisolid,3.69,concrete
sunless,3.69,concrete
crackly,3.69,concrete
dodge,3.69,concrete
oxford,3.69,concrete
bacterium,3.69,concrete
bogey,3.69,concrete
bookworm,3.69,concrete
carjacking,3.69,concrete
carpetbagger,3.69,concrete
clothier,3.69,concrete
coma,3.69,concrete
comrade,3.69,concrete
cremation,3.69,concrete
delivery,3.69,concrete
extractor,3.69,concrete
fantail,3.69,concrete
hotspot,3.69,concrete
jarhead,3.69,concrete
manufacturer,3.69,concrete
middle,3.69,concrete
middlebrow,3.69,concrete
misprint,3.69,concrete
neuron,3.69,concrete
notary,3.69,concrete
prototype,3.69,concrete
ranchero,3.69,concrete
salary,3.69,concrete
scampi,3.69,concrete
serotonin,3.69,concrete
slick,3.69,concrete
slumlord,3.69,concrete
sparring,3.69,concrete
teens,3.69,concrete
traitor,3.69,concrete
whiteness,3.69,concrete
thirteen,3.69,concrete
carve,3.69,concrete
dislodge,3.69,concrete
indented,3.69,concrete
laypeople,3.69,concrete
mailed,3.69,concrete
mumble,3.69,concrete
piling,3.69,concrete
refrigerate,3.69,concrete
shredding,3.69,concrete
slather,3.69,concrete
streaked,3.69,concrete
surrounded,3.69,concrete
tackled,3.69,concrete
throwing,3.69,concrete
waved,3.69,concrete
body language,3.69,concrete
cling to,3.69,concrete
commenter,3.69,concrete
credit bureau,3.69,concrete
crosspiece,3.69,concrete
engine failure,3.69,concrete
headteacher,3.69,concrete
hurler,3.69,concrete
jerk off,3.69,concrete
local government,3.69,concrete
natural resources,3.69,concrete
neuroimaging,3.69,concrete
newsmaker,3.69,concrete
officeholder,3.69,concrete
panic attack,3.69,concrete
paper thin,3.69,concrete
paralympics,3.69,concrete
pour out,3.69,concrete
revaccination,3.69,concrete
run over,3.69,concrete
sleep over,3.69,concrete
smokiness,3.69,concrete
toolmaker,3.69,concrete
unfrosted,3.69,concrete
wrinkleless,3.69,concrete
alpine,3.7,concrete
blurry,3.7,concrete
gummy,3.7,concrete
mitochondrial,3.7,concrete
obese,3.7,concrete
overripe,3.7,concrete
slushy,3.7,concrete
stubby,3.7,concrete
tattered,3.7,concrete
everglade,3.7,concrete
hazel,3.7,concrete
afternoon,3.7,concrete
clutch,3.7,concrete
cousin,3.7,concrete
cryogenics,3.7,concrete
cuisine,3.7,concrete
cunnilingus,3.7,concrete
detector,3.7,concrete
disembowel,3.7,concrete
duo,3.7,concrete
earner,3.7,concrete
ensemble,3.7,concrete
featherweight,3.7,concrete
framer,3.7,concrete
guide,3.7,concrete
guinea,3.7,concrete
homesteader,3.7,concrete
horde,3.7,concrete
jingle,3.7,concrete
kisser,3.7,concrete
liftoff,3.7,concrete
lot,3.7,concrete
manslayer,3.7,concrete
mentor,3.7,concrete
microorganism,3.7,concrete
outfitter,3.7,concrete
paleness,3.7,concrete
paratroop,3.7,concrete
payroll,3.7,concrete
persecutor,3.7,concrete
pollination,3.7,concrete
postmortem,3.7,concrete
rupture,3.7,concrete
scribbler,3.7,concrete
showman,3.7,concrete
slaughterer,3.7,concrete
solitaire,3.7,concrete
solvent,3.7,concrete
sonata,3.7,concrete
study,3.7,concrete
subzero,3.7,concrete
thickener,3.7,concrete
whinny,3.7,concrete
wordsmith,3.7,concrete
buzz,3.7,concrete
blend,3.7,concrete
bordered,3.7,concrete
collared,3.7,concrete
commandeer,3.7,concrete
crinkle,3.7,concrete
dismantle,3.7,concrete
erupt,3.7,concrete
hang,3.7,concrete
laced,3.7,concrete
lanced,3.7,concrete
launch,3.7,concrete
left,3.7,concrete
reach,3.7,concrete
ringed,3.7,concrete
sizzling,3.7,concrete
smell,3.7,concrete
sound,3.7,concrete
speak,3.7,concrete
straddling,3.7,concrete
waxing,3.7,concrete
whitewash,3.7,concrete
writing,3.7,concrete
basketry,3.7,concrete
birthweight,3.7,concrete
broadleaf,3.7,concrete
candid camera,3.7,concrete
car insurance,3.7,concrete
carry away,3.7,concrete
concessioner,3.7,concrete
creole,3.7,concrete
dress rehearsal,3.7,concrete
fast lane,3.7,concrete
front line,3.7,concrete
furriness,3.7,concrete
granter,3.7,concrete
hairlessness,3.7,concrete
handbarrow,3.7,concrete
heavy metal,3.7,concrete
homebuyer,3.7,concrete
jacketless,3.7,concrete
papermaker,3.7,concrete
photoreceptor,3.7,concrete
poisoner,3.7,concrete
semicircular,3.7,concrete
solidness,3.7,concrete
southwestward,3.7,concrete
straw man,3.7,concrete
swollenness,3.7,concrete
undersurface,3.7,concrete
vertebrata,3.7,concrete
westcoast,3.7,concrete
armless,3.71,concrete
asleep,3.71,concrete
bladed,3.71,concrete
crimping,3.71,concrete
glassy,3.71,concrete
nondrinking,3.71,concrete
potted,3.71,concrete
shaven,3.71,concrete
slinky,3.71,concrete
swampy,3.71,concrete
testicular,3.71,concrete
uninhabited,3.71,concrete
wingless,3.71,concrete
albacore,3.71,concrete
asthma,3.71,concrete
attack,3.71,concrete
bicarbonate,3.71,concrete
boondocks,3.71,concrete
downpour,3.71,concrete
flick,3.71,concrete
foldout,3.71,concrete
forger,3.71,concrete
geek,3.71,concrete
hydraulics,3.71,concrete
installation,3.71,concrete
lobbyist,3.71,concrete
mainlander,3.71,concrete
melody,3.71,concrete
missionary,3.71,concrete
moors,3.71,concrete
proprietress,3.71,concrete
reprint,3.71,concrete
resuscitator,3.71,concrete
seafarer,3.71,concrete
specks,3.71,concrete
temperature,3.71,concrete
thesis,3.71,concrete
trip,3.71,concrete
underneath,3.71,concrete
someone,3.71,concrete
blotting,3.71,concrete
break,3.71,concrete
build,3.71,concrete
cleaning,3.71,concrete
cloaked,3.71,concrete
crushing,3.71,concrete
dragging,3.71,concrete
drove,3.71,concrete
embalm,3.71,concrete
footnoted,3.71,concrete
humped,3.71,concrete
magnify,3.71,concrete
mounted,3.71,concrete
mummify,3.71,concrete
reading,3.71,concrete
resting,3.71,concrete
roasting,3.71,concrete
screeching,3.71,concrete
snagged,3.71,concrete
soaring,3.71,concrete
sponged,3.71,concrete
stripped,3.71,concrete
stumbling,3.71,concrete
tackling,3.71,concrete
tailoring,3.71,concrete
tapered,3.71,concrete
thumbed,3.71,concrete
vertices,3.71,concrete
yanking,3.71,concrete
academic year,3.71,concrete
atomic clock,3.71,concrete
curve ball,3.71,concrete
deepfreeze,3.71,concrete
digitizer,3.71,concrete
emoticon,3.71,concrete
first aid,3.71,concrete
geometer,3.71,concrete
hay fever,3.71,concrete
hypertext,3.71,concrete
jot down,3.71,concrete
lipreading,3.71,concrete
marketeer,3.71,concrete
paleoanthropologist,3.71,concrete
public office,3.71,concrete
sleeting,3.71,concrete
squeeze out,3.71,concrete
stock market,3.71,concrete
stretchable,3.71,concrete
tie up,3.71,concrete
turn on,3.71,concrete
vinery,3.71,concrete
wedding night,3.71,concrete
auburn,3.72,concrete
bleached,3.72,concrete
boneless,3.72,concrete
breezy,3.72,concrete
granulated,3.72,concrete
musical,3.72,concrete
pudgy,3.72,concrete
spongy,3.72,concrete
sunken,3.72,concrete
trucking,3.72,concrete
heather,3.72,concrete
houseman,3.72,concrete
proctor,3.72,concrete
adulteress,3.72,concrete
aerobics,3.72,concrete
area,3.72,concrete
bellyache,3.72,concrete
beltway,3.72,concrete
birdsong,3.72,concrete
bitch,3.72,concrete
catnap,3.72,concrete
celeb,3.72,concrete
certification,3.72,concrete
chewer,3.72,concrete
combatant,3.72,concrete
construction,3.72,concrete
deliverer,3.72,concrete
downfield,3.72,concrete
environmentalist,3.72,concrete
facedown,3.72,concrete
flow,3.72,concrete
franchisee,3.72,concrete
goddaughter,3.72,concrete
godmother,3.72,concrete
godson,3.72,concrete
headliner,3.72,concrete
immigrant,3.72,concrete
inferno,3.72,concrete
linguist,3.72,concrete
loan,3.72,concrete
manservant,3.72,concrete
midday,3.72,concrete
monster,3.72,concrete
newsgroup,3.72,concrete
nitrite,3.72,concrete
oarsman,3.72,concrete
overflow,3.72,concrete
partition,3.72,concrete
patron,3.72,concrete
perineum,3.72,concrete
prom,3.72,concrete
ringside,3.72,concrete
salmonella,3.72,concrete
sampler,3.72,concrete
shareholder,3.72,concrete
spreader,3.72,concrete
stowaway,3.72,concrete
striptease,3.72,concrete
superstructure,3.72,concrete
tactician,3.72,concrete
takedown,3.72,concrete
thiamine,3.72,concrete
undertow,3.72,concrete
urethane,3.72,concrete
widget,3.72,concrete
wielder,3.72,concrete
seven,3.72,concrete
anchored,3.72,concrete
blushing,3.72,concrete
burned,3.72,concrete
combing,3.72,concrete
debone,3.72,concrete
dismount,3.72,concrete
fertilize,3.72,concrete
flush,3.72,concrete
giggle,3.72,concrete
giggling,3.72,concrete
herding,3.72,concrete
holding,3.72,concrete
jawed,3.72,concrete
maimed,3.72,concrete
moan,3.72,concrete
nibble,3.72,concrete
pasting,3.72,concrete
pivot,3.72,concrete
rode,3.72,concrete
rubbed,3.72,concrete
sharpen,3.72,concrete
shook,3.72,concrete
sparking,3.72,concrete
spilt,3.72,concrete
stink,3.72,concrete
straighten,3.72,concrete
sunbathe,3.72,concrete
sweep,3.72,concrete
talking,3.72,concrete
tore,3.72,concrete
astrophotography,3.72,concrete
battle plan,3.72,concrete
blow up,3.72,concrete
cackler,3.72,concrete
emigrant,3.72,concrete
installer,3.72,concrete
insurance claim,3.72,concrete
landholder,3.72,concrete
mass murder,3.72,concrete
northwestward,3.72,concrete
radio wave,3.72,concrete
stretch out,3.72,concrete
wirework,3.72,concrete
work day,3.72,concrete
bronchial,3.73,concrete
elastic,3.73,concrete
stinky,3.73,concrete
loud,3.73,concrete
gale,3.73,concrete
griffin,3.73,concrete
pierce,3.73,concrete
adventurer,3.73,concrete
blackout,3.73,concrete
blindness,3.73,concrete
buff,3.73,concrete
centaur,3.73,concrete
childcare,3.73,concrete
crackerjack,3.73,concrete
dame,3.73,concrete
death,3.73,concrete
documentarian,3.73,concrete
facelift,3.73,concrete
greasiness,3.73,concrete
handicraft,3.73,concrete
heirloom,3.73,concrete
immunologist,3.73,concrete
obstruction,3.73,concrete
overseer,3.73,concrete
palate,3.73,concrete
quarterstaff,3.73,concrete
reshuffle,3.73,concrete
rumble,3.73,concrete
skyrocket,3.73,concrete
stash,3.73,concrete
striker,3.73,concrete
thimbleful,3.73,concrete
treasurer,3.73,concrete
tuner,3.73,concrete
warrant,3.73,concrete
beau,3.73,concrete
backwashing,3.73,concrete
benching,3.73,concrete
bust,3.73,concrete
goaltending,3.73,concrete
pushing,3.73,concrete
robbing,3.73,concrete
squawk,3.73,concrete
squirming,3.73,concrete
steelmaking,3.73,concrete
walkout,3.73,concrete
buttonholer,3.73,concrete
caesarean section,3.73,concrete
climb up,3.73,concrete
embosser,3.73,concrete
family tree,3.73,concrete
handless,3.73,concrete
high street,3.73,concrete
parliamentarian,3.73,concrete
snub nose,3.73,concrete
tidemark,3.73,concrete
wirepuller,3.73,concrete
backless,3.74,concrete
erect,3.74,concrete
explosive,3.74,concrete
faint,3.74,concrete
gelatinous,3.74,concrete
jagged,3.74,concrete
jerky,3.74,concrete
outer,3.74,concrete
pelvic,3.74,concrete
septic,3.74,concrete
thatched,3.74,concrete
alphabetically,3.74,concrete
architect,3.74,concrete
assemblyman,3.74,concrete
autobiography,3.74,concrete
broach,3.74,concrete
canning,3.74,concrete
caper,3.74,concrete
celluloid,3.74,concrete
chloride,3.74,concrete
classes,3.74,concrete
costar,3.74,concrete
currant,3.74,concrete
drought,3.74,concrete
environment,3.74,concrete
epitaph,3.74,concrete
eyesore,3.74,concrete
foundation,3.74,concrete
hacker,3.74,concrete
headman,3.74,concrete
holder,3.74,concrete
inventory,3.74,concrete
leper,3.74,concrete
pox,3.74,concrete
punctuation,3.74,concrete
scope,3.74,concrete
wader,3.74,concrete
asphyxiate,3.74,concrete
ate,3.74,concrete
bartending,3.74,concrete
blow,3.74,concrete
clinking,3.74,concrete
convulse,3.74,concrete
cupping,3.74,concrete
fainting,3.74,concrete
jointed,3.74,concrete
kindle,3.74,concrete
loading,3.74,concrete
menstruate,3.74,concrete
straddle,3.74,concrete
suffocate,3.74,concrete
air flow,3.74,concrete
audiogram,3.74,concrete
dataset,3.74,concrete
electrical power,3.74,concrete
foamless,3.74,concrete
heartburning,3.74,concrete
iridescence,3.74,concrete
microcrystal,3.74,concrete
red tape,3.74,concrete
ropelike,3.74,concrete
snowiness,3.74,concrete
spartan,3.74,concrete
spending money,3.74,concrete
steerer,3.74,concrete
trailside,3.74,concrete
antique,3.75,concrete
bushy,3.75,concrete
carsick,3.75,concrete
floral,3.75,concrete
monogrammed,3.75,concrete
leer,3.75,concrete
aides,3.75,concrete
arts,3.75,concrete
bankroll,3.75,concrete
battalion,3.75,concrete
bedfellow,3.75,concrete
beltline,3.75,concrete
companion,3.75,concrete
concerto,3.75,concrete
confectionery,3.75,concrete
conjunctivitis,3.75,concrete
copyist,3.75,concrete
cottonmouth,3.75,concrete
demonstration,3.75,concrete
dining,3.75,concrete
dominatrix,3.75,concrete
eater,3.75,concrete
fleck,3.75,concrete
ghostwriter,3.75,concrete
hooter,3.75,concrete
hydrocarbon,3.75,concrete
immunization,3.75,concrete
incineration,3.75,concrete
judge,3.75,concrete
legislator,3.75,concrete
mover,3.75,concrete
panhandle,3.75,concrete
pinhead,3.75,concrete
plating,3.75,concrete
pollution,3.75,concrete
ride,3.75,concrete
shedder,3.75,concrete
sis,3.75,concrete
stamen,3.75,concrete
strip,3.75,concrete
taps,3.75,concrete
transformer,3.75,concrete
tunic,3.75,concrete
eleventh,3.75,concrete
thirty,3.75,concrete
charting,3.75,concrete
chomp,3.75,concrete
drench,3.75,concrete
furnish,3.75,concrete
gyrate,3.75,concrete
hovering,3.75,concrete
lunged,3.75,concrete
pitting,3.75,concrete
pixilated,3.75,concrete
pronged,3.75,concrete
restock,3.75,concrete
ruffle,3.75,concrete
smudged,3.75,concrete
squeeze,3.75,concrete
stumble,3.75,concrete
unfurl,3.75,concrete
birdcall,3.75,concrete
canoeist,3.75,concrete
full house,3.75,concrete
homebuilder,3.75,concrete
knee deep,3.75,concrete
lay down,3.75,concrete
literary agent,3.75,concrete
nod off,3.75,concrete
panfish,3.75,concrete
phone call,3.75,concrete
poll tax,3.75,concrete
polytechnics,3.75,concrete
pour down,3.75,concrete
pull out,3.75,concrete
run away,3.75,concrete
search engine,3.75,concrete
sneak preview,3.75,concrete
titleholder,3.75,concrete
unarmored,3.75,concrete
hoover,3.76,concrete
black,3.76,concrete
blue,3.76,concrete
bumpy,3.76,concrete
chubby,3.76,concrete
coaxial,3.76,concrete
cockeyed,3.76,concrete
corrugated,3.76,concrete
hard,3.76,concrete
legible,3.76,concrete
porous,3.76,concrete
rippling,3.76,concrete
steep,3.76,concrete
manila,3.76,concrete
amputation,3.76,concrete
apothecary,3.76,concrete
aristocrat,3.76,concrete
backwash,3.76,concrete
buccaneer,3.76,concrete
buckeye,3.76,concrete
daredevil,3.76,concrete
dealer,3.76,concrete
detainee,3.76,concrete
esophagi,3.76,concrete
folio,3.76,concrete
illustrator,3.76,concrete
kindling,3.76,concrete
kingdom,3.76,concrete
lair,3.76,concrete
lymphoma,3.76,concrete
magi,3.76,concrete
mantelpiece,3.76,concrete
memoir,3.76,concrete
nakedness,3.76,concrete
nursing,3.76,concrete
parliament,3.76,concrete
photoelectron,3.76,concrete
puncher,3.76,concrete
roster,3.76,concrete
scumbag,3.76,concrete
statesman,3.76,concrete
stranger,3.76,concrete
suburb,3.76,concrete
sunstroke,3.76,concrete
theologian,3.76,concrete
tickler,3.76,concrete
timeshare,3.76,concrete
titan,3.76,concrete
woodland,3.76,concrete
youngster,3.76,concrete
awoke,3.76,concrete
beating,3.76,concrete
buckled,3.76,concrete
fingering,3.76,concrete
leavening,3.76,concrete
moaning,3.76,concrete
rubbing,3.76,concrete
sitting,3.76,concrete
skim,3.76,concrete
stir,3.76,concrete
suckling,3.76,concrete
threaded,3.76,concrete
tumbling,3.76,concrete
unsheathe,3.76,concrete
air strike,3.76,concrete
body weight,3.76,concrete
chuckler,3.76,concrete
crimper,3.76,concrete
decameter,3.76,concrete
dryclean,3.76,concrete
legal age,3.76,concrete
microsurgery,3.76,concrete
playgroup,3.76,concrete
powerpoint,3.76,concrete
screen test,3.76,concrete
signaler,3.76,concrete
signee,3.76,concrete
symphonist,3.76,concrete
unpadded,3.76,concrete
pharmaceutics,3.77,concrete
aflame,3.77,concrete
corseted,3.77,concrete
dry,3.77,concrete
fringed,3.77,concrete
limbless,3.77,concrete
stable,3.77,concrete
syrupy,3.77,concrete
tinkling,3.77,concrete
unbaked,3.77,concrete
upstream,3.77,concrete
badland,3.77,concrete
jay,3.77,concrete
mesa,3.77,concrete
topper,3.77,concrete
advertisement,3.77,concrete
advisee,3.77,concrete
amoeba,3.77,concrete
amphibian,3.77,concrete
carryall,3.77,concrete
colony,3.77,concrete
commandant,3.77,concrete
crossway,3.77,concrete
crystalloid,3.77,concrete
cubby,3.77,concrete
decor,3.77,concrete
drunkard,3.77,concrete
escapee,3.77,concrete
lather,3.77,concrete
madam,3.77,concrete
muck,3.77,concrete
psalm,3.77,concrete
redeye,3.77,concrete
redneck,3.77,concrete
ringtail,3.77,concrete
rouge,3.77,concrete
screech,3.77,concrete
smokescreen,3.77,concrete
strangler,3.77,concrete
suitor,3.77,concrete
tic,3.77,concrete
transplant,3.77,concrete
unit,3.77,concrete
vegetarian,3.77,concrete
front,3.77,concrete
bagged,3.77,concrete
bang,3.77,concrete
bareheaded,3.77,concrete
congeal,3.77,concrete
crisscross,3.77,concrete
filleting,3.77,concrete
necking,3.77,concrete
prod,3.77,concrete
sanding,3.77,concrete
scooping,3.77,concrete
scribbled,3.77,concrete
thump,3.77,concrete
volunteer,3.77,concrete
bacteriologist,3.77,concrete
blind spot,3.77,concrete
bonelike,3.77,concrete
boycotter,3.77,concrete
cruise control,3.77,concrete
dental care,3.77,concrete
double dutch,3.77,concrete
filename,3.77,concrete
furnisher,3.77,concrete
graduate school,3.77,concrete
graininess,3.77,concrete
long jump,3.77,concrete
love song,3.77,concrete
railroader,3.77,concrete
seal off,3.77,concrete
tear off,3.77,concrete
untagged,3.77,concrete
voiceover,3.77,concrete
whitener,3.77,concrete
ZIP code,3.77,concrete
colorful,3.78,concrete
decomposed,3.78,concrete
fluorescent,3.78,concrete
jacketed,3.78,concrete
neuromuscular,3.78,concrete
sable,3.78,concrete
wetter,3.78,concrete
underwater,3.78,concrete
crosscutting,3.78,concrete
hopper,3.78,concrete
stoner,3.78,concrete
apparatus,3.78,concrete
astrologer,3.78,concrete
chloroform,3.78,concrete
chore,3.78,concrete
cleaner,3.78,concrete
cloudburst,3.78,concrete
club,3.78,concrete
codex,3.78,concrete
councilor,3.78,concrete
cripple,3.78,concrete
cruiser,3.78,concrete
designer,3.78,concrete
documentary,3.78,concrete
duet,3.78,concrete
gaggle,3.78,concrete
handspring,3.78,concrete
horsewoman,3.78,concrete
lactation,3.78,concrete
lug,3.78,concrete
mash,3.78,concrete
matinee,3.78,concrete
multiplex,3.78,concrete
outbox,3.78,concrete
owner,3.78,concrete
particle,3.78,concrete
poetess,3.78,concrete
polyvinyl,3.78,concrete
poplar,3.78,concrete
portion,3.78,concrete
privates,3.78,concrete
prophet,3.78,concrete
provider,3.78,concrete
regalia,3.78,concrete
residue,3.78,concrete
shockwave,3.78,concrete
southpaw,3.78,concrete
supernova,3.78,concrete
wearer,3.78,concrete
chanting,3.78,concrete
chopping,3.78,concrete
clanking,3.78,concrete
fighting,3.78,concrete
grope,3.78,concrete
potting,3.78,concrete
ripping,3.78,concrete
screenwriting,3.78,concrete
scrubbed,3.78,concrete
serve,3.78,concrete
sleepwalking,3.78,concrete
swelled,3.78,concrete
tracing,3.78,concrete
uncorking,3.78,concrete
wheeled,3.78,concrete
bawler,3.78,concrete
doubleclick,3.78,concrete
hatchet man,3.78,concrete
overprint,3.78,concrete
perpendicularly,3.78,concrete
pit stop,3.78,concrete
poke at,3.78,concrete
press down,3.78,concrete
sleeved,3.78,concrete
stitchery,3.78,concrete
circular,3.79,concrete
crooked,3.79,concrete
dusty,3.79,concrete
flowered,3.79,concrete
fossilized,3.79,concrete
frayed,3.79,concrete
iced,3.79,concrete
ingest,3.79,concrete
overnighter,3.79,concrete
pale,3.79,concrete
perfumed,3.79,concrete
phosphorescent,3.79,concrete
steaming,3.79,concrete
unbleached,3.79,concrete
booker,3.79,concrete
pacific,3.79,concrete
soaker,3.79,concrete
aneurysm,3.79,concrete
assembly,3.79,concrete
attendee,3.79,concrete
billion,3.79,concrete
birdie,3.79,concrete
bondsman,3.79,concrete
coauthor,3.79,concrete
colleague,3.79,concrete
commoner,3.79,concrete
cortex,3.79,concrete
crash,3.79,concrete
crook,3.79,concrete
cultivator,3.79,concrete
derma,3.79,concrete
dropper,3.79,concrete
duel,3.79,concrete
effigy,3.79,concrete
elevation,3.79,concrete
eyebath,3.79,concrete
fastball,3.79,concrete
finalist,3.79,concrete
flail,3.79,concrete
flyboy,3.79,concrete
footsie,3.79,concrete
freshman,3.79,concrete
gooseneck,3.79,concrete
gout,3.79,concrete
graduation,3.79,concrete
groove,3.79,concrete
heat,3.79,concrete
heckler,3.79,concrete
hunk,3.79,concrete
influenza,3.79,concrete
italic,3.79,concrete
jitters,3.79,concrete
lecture,3.79,concrete
lineup,3.79,concrete
lunchtime,3.79,concrete
memoire,3.79,concrete
mixture,3.79,concrete
newlyweds,3.79,concrete
nightfall,3.79,concrete
nonsmoker,3.79,concrete
nuthouse,3.79,concrete
opening,3.79,concrete
oscillator,3.79,concrete
playmate,3.79,concrete
polygamist,3.79,concrete
rioting,3.79,concrete
sample,3.79,concrete
seizure,3.79,concrete
shiner,3.79,concrete
sniffle,3.79,concrete
sob,3.79,concrete
sorceress,3.79,concrete
sports,3.79,concrete
sprain,3.79,concrete
sucker,3.79,concrete
team,3.79,concrete
testosterone,3.79,concrete
tow,3.79,concrete
underside,3.79,concrete
vegan,3.79,concrete
villain,3.79,concrete
wage,3.79,concrete
wetness,3.79,concrete
wilderness,3.79,concrete
somebody,3.79,concrete
clearing,3.79,concrete
cobble,3.79,concrete
commute,3.79,concrete
cushioned,3.79,concrete
diapering,3.79,concrete
eats,3.79,concrete
erase,3.79,concrete
excavate,3.79,concrete
frizz,3.79,concrete
furnishing,3.79,concrete
hoisting,3.79,concrete
landlocked,3.79,concrete
lash,3.79,concrete
marking,3.79,concrete
rip,3.79,concrete
sift,3.79,concrete
sloped,3.79,concrete
smash,3.79,concrete
stabbing,3.79,concrete
treat,3.79,concrete
twitch,3.79,concrete
uncoil,3.79,concrete
unsaddle,3.79,concrete
upholstered,3.79,concrete
weeps,3.79,concrete
weigh,3.79,concrete
works,3.79,concrete
boniness,3.79,concrete
carbonator,3.79,concrete
chemotherapist,3.79,concrete
deportee,3.79,concrete
doze off,3.79,concrete
dumpcart,3.79,concrete
fatty acid,3.79,concrete
juryman,3.79,concrete
litterer,3.79,concrete
metalware,3.79,concrete
military force,3.79,concrete
moldiness,3.79,concrete
nail down,3.79,concrete
news program,3.79,concrete
oxidize,3.79,concrete
party animal,3.79,concrete
pentagonal,3.79,concrete
rainproof,3.79,concrete
special forces,3.79,concrete
stamper,3.79,concrete
stark naked,3.79,concrete
stockowner,3.79,concrete
tax credit,3.79,concrete
foggy,3.8,concrete
latticed,3.8,concrete
onstage,3.8,concrete
seamless,3.8,concrete
unplugged,3.8,concrete
pressman,3.8,concrete
wren,3.8,concrete
acetaminophen,3.8,concrete
antidepressant,3.8,concrete
assassination,3.8,concrete
batch,3.8,concrete
cache,3.8,concrete
coffer,3.8,concrete
colonist,3.8,concrete
defendant,3.8,concrete
divorcee,3.8,concrete
downdraft,3.8,concrete
experimenter,3.8,concrete
fluff,3.8,concrete
gent,3.8,concrete
gloss,3.8,concrete
goldmine,3.8,concrete
horticulturalist,3.8,concrete
mongrel,3.8,concrete
motion,3.8,concrete
passage,3.8,concrete
pauper,3.8,concrete
sedimentation,3.8,concrete
southeast,3.8,concrete
tyrant,3.8,concrete
vagabond,3.8,concrete
virologist,3.8,concrete
vixen,3.8,concrete
vowel,3.8,concrete
workhorse,3.8,concrete
yardmaster,3.8,concrete
applaud,3.8,concrete
cracking,3.8,concrete
hop,3.8,concrete
hopped,3.8,concrete
poked,3.8,concrete
pouring,3.8,concrete
raise,3.8,concrete
repacking,3.8,concrete
staring,3.8,concrete
thaw,3.8,concrete
civil war,3.8,concrete
electioneer,3.8,concrete
latherer,3.8,concrete
mechanist,3.8,concrete
outer space,3.8,concrete
overgrowth,3.8,concrete
photo op,3.8,concrete
school board,3.8,concrete
segregator,3.8,concrete
switch off,3.8,concrete
turn around,3.8,concrete
backpedal,3.81,concrete
barbed,3.81,concrete
crunchy,3.81,concrete
damp,3.81,concrete
dotted,3.81,concrete
flatulent,3.81,concrete
floppy,3.81,concrete
lidless,3.81,concrete
masked,3.81,concrete
overcrowded,3.81,concrete
quintuple,3.81,concrete
runaway,3.81,concrete
sectional,3.81,concrete
skinless,3.81,concrete
smooth,3.81,concrete
unthawed,3.81,concrete
holocaust,3.81,concrete
smith,3.81,concrete
airforce,3.81,concrete
alabaster,3.81,concrete
awl,3.81,concrete
biochemist,3.81,concrete
bloodsucker,3.81,concrete
bombardier,3.81,concrete
borough,3.81,concrete
candidate,3.81,concrete
caricaturist,3.81,concrete
cartographer,3.81,concrete
catering,3.81,concrete
chum,3.81,concrete
curator,3.81,concrete
cutout,3.81,concrete
dipstick,3.81,concrete
electrocution,3.81,concrete
elves,3.81,concrete
employer,3.81,concrete
encoder,3.81,concrete
fistful,3.81,concrete
fleet,3.81,concrete
flotation,3.81,concrete
fornicator,3.81,concrete
hazmat,3.81,concrete
hollandaise,3.81,concrete
hurdler,3.81,concrete
labeler,3.81,concrete
ligature,3.81,concrete
magenta,3.81,concrete
mapmaker,3.81,concrete
moonbeam,3.81,concrete
moonscape,3.81,concrete
newlywed,3.81,concrete
opener,3.81,concrete
parish,3.81,concrete
projectionist,3.81,concrete
researcher,3.81,concrete
roar,3.81,concrete
senate,3.81,concrete
sextet,3.81,concrete
shimmy,3.81,concrete
sketcher,3.81,concrete
sonar,3.81,concrete
sparkle,3.81,concrete
stride,3.81,concrete
sulfide,3.81,concrete
teardown,3.81,concrete
transducer,3.81,concrete
voucher,3.81,concrete
warmonger,3.81,concrete
whisperer,3.81,concrete
fifth,3.81,concrete
bludgeon,3.81,concrete
brushing,3.81,concrete
bucking,3.81,concrete
halve,3.81,concrete
haul,3.81,concrete
holstered,3.81,concrete
hunt,3.81,concrete
hurling,3.81,concrete
kneed,3.81,concrete
logging,3.81,concrete
oiled,3.81,concrete
purring,3.81,concrete
strangling,3.81,concrete
tipped,3.81,concrete
afterparty,3.81,concrete
antlerless,3.81,concrete
backlands,3.81,concrete
bondman,3.81,concrete
climb down,3.81,concrete
close off,3.81,concrete
computer virus,3.81,concrete
cruisecontrol,3.81,concrete
curl up,3.81,concrete
hoodless,3.81,concrete
iceless,3.81,concrete
keypress,3.81,concrete
lightwood,3.81,concrete
macarena,3.81,concrete
peer group,3.81,concrete
protest march,3.81,concrete
rebuilder,3.81,concrete
september,3.81,concrete
sharecrop,3.81,concrete
sixfold,3.81,concrete
sweatiness,3.81,concrete
teacupful,3.81,concrete
television channel,3.81,concrete
walk over,3.81,concrete
wash away,3.81,concrete
yellow fever,3.81,concrete
ablaze,3.82,concrete
arched,3.82,concrete
greasy,3.82,concrete
intestinal,3.82,concrete
muscular,3.82,concrete
shuttered,3.82,concrete
course,3.82,concrete
adapter,3.82,concrete
angel,3.82,concrete
basketful,3.82,concrete
bloodmobile,3.82,concrete
campout,3.82,concrete
cannibal,3.82,concrete
champion,3.82,concrete
chuckle,3.82,concrete
customer,3.82,concrete
destination,3.82,concrete
encampment,3.82,concrete
firewall,3.82,concrete
firewater,3.82,concrete
freshener,3.82,concrete
ghetto,3.82,concrete
gofer,3.82,concrete
gospel,3.82,concrete
homicide,3.82,concrete
inventor,3.82,concrete
java,3.82,concrete
lowland,3.82,concrete
magistrate,3.82,concrete
masonry,3.82,concrete
melanin,3.82,concrete
munitions,3.82,concrete
newsflash,3.82,concrete
payload,3.82,concrete
perforation,3.82,concrete
primer,3.82,concrete
proofreader,3.82,concrete
sender,3.82,concrete
sides,3.82,concrete
townsfolk,3.82,concrete
typesetter,3.82,concrete
burglarize,3.82,concrete
bury,3.82,concrete
castrate,3.82,concrete
chuck,3.82,concrete
cooing,3.82,concrete
croak,3.82,concrete
electrocute,3.82,concrete
growling,3.82,concrete
hobble,3.82,concrete
mix,3.82,concrete
moving,3.82,concrete
munch,3.82,concrete
peeling,3.82,concrete
pick,3.82,concrete
pitching,3.82,concrete
quartered,3.82,concrete
ran,3.82,concrete
scraping,3.82,concrete
seared,3.82,concrete
skinning,3.82,concrete
splatter,3.82,concrete
sprinkle,3.82,concrete
squirm,3.82,concrete
stiffen,3.82,concrete
subtract,3.82,concrete
unpack,3.82,concrete
creaseless,3.82,concrete
crib death,3.82,concrete
executive director,3.82,concrete
governing board,3.82,concrete
housemistress,3.82,concrete
laryngologist,3.82,concrete
oiliness,3.82,concrete
patroller,3.82,concrete
roll over,3.82,concrete
rustiness,3.82,concrete
autographed,3.83,concrete
cordless,3.83,concrete
frizzy,3.83,concrete
gymnastic,3.83,concrete
nasal,3.83,concrete
oily,3.83,concrete
rough,3.83,concrete
soldering,3.83,concrete
spherical,3.83,concrete
thin,3.83,concrete
undersea,3.83,concrete
headfirst,3.83,concrete
up,3.83,concrete
yogi,3.83,concrete
acupuncture,3.83,concrete
backslash,3.83,concrete
bleat,3.83,concrete
bloodshed,3.83,concrete
blotter,3.83,concrete
boss,3.83,concrete
brimstone,3.83,concrete
bushman,3.83,concrete
capful,3.83,concrete
cascade,3.83,concrete
circuit,3.83,concrete
deathbed,3.83,concrete
diabetes,3.83,concrete
discharge,3.83,concrete
electrochemist,3.83,concrete
erosion,3.83,concrete
felon,3.83,concrete
fissure,3.83,concrete
floatation,3.83,concrete
forebrain,3.83,concrete
funeral,3.83,concrete
gamekeeper,3.83,concrete
glare,3.83,concrete
guest,3.83,concrete
headquarter,3.83,concrete
hideout,3.83,concrete
hysterectomy,3.83,concrete
layup,3.83,concrete
lullaby,3.83,concrete
monofilament,3.83,concrete
murderer,3.83,concrete
nonhuman,3.83,concrete
northeast,3.83,concrete
password,3.83,concrete
payer,3.83,concrete
peer,3.83,concrete
picker,3.83,concrete
pneumonia,3.83,concrete
prance,3.83,concrete
psychoanalyst,3.83,concrete
quiver,3.83,concrete
rabies,3.83,concrete
racer,3.83,concrete
sanatorium,3.83,concrete
showpiece,3.83,concrete
sitcom,3.83,concrete
slurp,3.83,concrete
spinner,3.83,concrete
stirrer,3.83,concrete
stockpile,3.83,concrete
strikeout,3.83,concrete
subcontractor,3.83,concrete
sweatbox,3.83,concrete
tendonitis,3.83,concrete
texture,3.83,concrete
tops,3.83,concrete
vanload,3.83,concrete
weather,3.83,concrete
weekend,3.83,concrete
sixth,3.83,concrete
baptize,3.83,concrete
bulldoze,3.83,concrete
coiled,3.83,concrete
cuddle,3.83,concrete
dribble,3.83,concrete
flogging,3.83,concrete
howl,3.83,concrete
kidnap,3.83,concrete
laying,3.83,concrete
lob,3.83,concrete
melting,3.83,concrete
pack,3.83,concrete
paddling,3.83,concrete
reuse,3.83,concrete
shuffle,3.83,concrete
speaking,3.83,concrete
spinning,3.83,concrete
squealing,3.83,concrete
squinted,3.83,concrete
sucking,3.83,concrete
thatch,3.83,concrete
tickled,3.83,concrete
whitening,3.83,concrete
caresser,3.83,concrete
chartroom,3.83,concrete
clamp down,3.83,concrete
craftswoman,3.83,concrete
crustiness,3.83,concrete
gearless,3.83,concrete
glaciered,3.83,concrete
grouts,3.83,concrete
kick off,3.83,concrete
look alike,3.83,concrete
native speaker,3.83,concrete
street name,3.83,concrete
tablemate,3.83,concrete
tennis elbow,3.83,concrete
text editor,3.83,concrete
jaundiced,3.84,concrete
maroon,3.84,concrete
varicose,3.84,concrete
webbed,3.84,concrete
lacy,3.84,concrete
aerialist,3.84,concrete
benchwarmer,3.84,concrete
confection,3.84,concrete
dispenser,3.84,concrete
fireside,3.84,concrete
grabber,3.84,concrete
horseplay,3.84,concrete
hunks,3.84,concrete
ingredient,3.84,concrete
keratin,3.84,concrete
neurobiologist,3.84,concrete
noonday,3.84,concrete
pantomime,3.84,concrete
promoter,3.84,concrete
psoriasis,3.84,concrete
rigger,3.84,concrete
rotor,3.84,concrete
shale,3.84,concrete
south,3.84,concrete
stepper,3.84,concrete
storytelling,3.84,concrete
subtitle,3.84,concrete
sunburst,3.84,concrete
teargas,3.84,concrete
vane,3.84,concrete
winter,3.84,concrete
crystallized,3.84,concrete
filling,3.84,concrete
impale,3.84,concrete
inhale,3.84,concrete
sheathe,3.84,concrete
sketching,3.84,concrete
steal,3.84,concrete
cashback,3.84,concrete
craniologist,3.84,concrete
food additive,3.84,concrete
griller,3.84,concrete
multicolor,3.84,concrete
newswire,3.84,concrete
uncarpeted,3.84,concrete
antiseptic,3.85,concrete
cold,3.85,concrete
crisper,3.85,concrete
curdled,3.85,concrete
gloved,3.85,concrete
meatless,3.85,concrete
southernmost,3.85,concrete
limerick,3.85,concrete
nova,3.85,concrete
boating,3.85,concrete
breaker,3.85,concrete
center,3.85,concrete
cherub,3.85,concrete
circuitry,3.85,concrete
class,3.85,concrete
darkness,3.85,concrete
diamondback,3.85,concrete
dose,3.85,concrete
dressmaking,3.85,concrete
earthling,3.85,concrete
equator,3.85,concrete
fiddlestick,3.85,concrete
grime,3.85,concrete
gust,3.85,concrete
guts,3.85,concrete
headcount,3.85,concrete
homosexual,3.85,concrete
image,3.85,concrete
jig,3.85,concrete
journeyman,3.85,concrete
junkie,3.85,concrete
keystroke,3.85,concrete
menthol,3.85,concrete
moneybags,3.85,concrete
munchkin,3.85,concrete
negotiator,3.85,concrete
nobleman,3.85,concrete
parking,3.85,concrete
penmanship,3.85,concrete
pumice,3.85,concrete
puncture,3.85,concrete
ramrod,3.85,concrete
readout,3.85,concrete
redskin,3.85,concrete
ripple,3.85,concrete
scowl,3.85,concrete
shutdown,3.85,concrete
signage,3.85,concrete
sinker,3.85,concrete
slice,3.85,concrete
snitch,3.85,concrete
spillover,3.85,concrete
spouse,3.85,concrete
stench,3.85,concrete
surveyor,3.85,concrete
telecommuter,3.85,concrete
transvestite,3.85,concrete
tuft,3.85,concrete
universe,3.85,concrete
valance,3.85,concrete
webcast,3.85,concrete
burning,3.85,concrete
decapitate,3.85,concrete
exhume,3.85,concrete
foaming,3.85,concrete
footed,3.85,concrete
hammering,3.85,concrete
knotted,3.85,concrete
nailing,3.85,concrete
poking,3.85,concrete
sewn,3.85,concrete
shine,3.85,concrete
shooting,3.85,concrete
shucking,3.85,concrete
squish,3.85,concrete
stuttering,3.85,concrete
swap,3.85,concrete
tickle,3.85,concrete
vote,3.85,concrete
back end,3.85,concrete
convertor,3.85,concrete
fat cat,3.85,concrete
finless,3.85,concrete
firing line,3.85,concrete
grand slam,3.85,concrete
handwrite,3.85,concrete
hit man,3.85,concrete
microtubule,3.85,concrete
mormon,3.85,concrete
murder suspect,3.85,concrete
nursery rhyme,3.85,concrete
pile up,3.85,concrete
radiography,3.85,concrete
secret service,3.85,concrete
security council,3.85,concrete
spread out,3.85,concrete
tetris,3.85,concrete
chemical,3.86,concrete
florescent,3.86,concrete
fluffy,3.86,concrete
freckled,3.86,concrete
roundabout,3.86,concrete
sharp,3.86,concrete
smashing,3.86,concrete
stillborn,3.86,concrete
thirsty,3.86,concrete
uncooked,3.86,concrete
windowless,3.86,concrete
windy,3.86,concrete
woolen,3.86,concrete
fieldstone,3.86,concrete
riverside,3.86,concrete
abuser,3.86,concrete
aliens,3.86,concrete
app,3.86,concrete
arsenal,3.86,concrete
assignment,3.86,concrete
bail,3.86,concrete
base,3.86,concrete
blotch,3.86,concrete
bootlegger,3.86,concrete
bureaucrat,3.86,concrete
cancer,3.86,concrete
chunk,3.86,concrete
combustion,3.86,concrete
competition,3.86,concrete
conference,3.86,concrete
constructor,3.86,concrete
contact,3.86,concrete
decorator,3.86,concrete
deed,3.86,concrete
display,3.86,concrete
edibles,3.86,concrete
emporium,3.86,concrete
endocrinologist,3.86,concrete
fiancee,3.86,concrete
freemason,3.86,concrete
fulcrum,3.86,concrete
gardening,3.86,concrete
grub,3.86,concrete
height,3.86,concrete
highland,3.86,concrete
household,3.86,concrete
injection,3.86,concrete
intern,3.86,concrete
leap,3.86,concrete
lisp,3.86,concrete
lyrics,3.86,concrete
mainframe,3.86,concrete
moonwalk,3.86,concrete
nighttime,3.86,concrete
ounce,3.86,concrete
pane,3.86,concrete
patrol,3.86,concrete
priestess,3.86,concrete
programmer,3.86,concrete
recipient,3.86,concrete
recital,3.86,concrete
replica,3.86,concrete
ringing,3.86,concrete
scripture,3.86,concrete
sepia,3.86,concrete
signal,3.86,concrete
skit,3.86,concrete
sprite,3.86,concrete
subfloor,3.86,concrete
sulfate,3.86,concrete
sunbelt,3.86,concrete
terminal,3.86,concrete
translator,3.86,concrete
wench,3.86,concrete
wholesaler,3.86,concrete
windburn,3.86,concrete
yellows,3.86,concrete
bounce,3.86,concrete
chapped,3.86,concrete
console,3.86,concrete
dialing,3.86,concrete
dismembered,3.86,concrete
drive,3.86,concrete
flatten,3.86,concrete
frowning,3.86,concrete
gnaw,3.86,concrete
hyperventilate,3.86,concrete
injured,3.86,concrete
itching,3.86,concrete
lay,3.86,concrete
mutilate,3.86,concrete
plated,3.86,concrete
scrub,3.86,concrete
seated,3.86,concrete
smacking,3.86,concrete
snatch,3.86,concrete
spruce,3.86,concrete
stripping,3.86,concrete
tilting,3.86,concrete
touch,3.86,concrete
trimming,3.86,concrete
tuck,3.86,concrete
yell,3.86,concrete
banana republic,3.86,concrete
bank holiday,3.86,concrete
candlewood,3.86,concrete
coffee break,3.86,concrete
country music,3.86,concrete
domestic violence,3.86,concrete
draftswoman,3.86,concrete
hat trick,3.86,concrete
ivory tower,3.86,concrete
job interview,3.86,concrete
knock out,3.86,concrete
lithographer,3.86,concrete
log in,3.86,concrete
megastore,3.86,concrete
motorsport,3.86,concrete
room temperature,3.86,concrete
running mate,3.86,concrete
siamese,3.86,concrete
sickle cell,3.86,concrete
rotten,3.87,concrete
tight,3.87,concrete
fountainhead,3.87,concrete
lima,3.87,concrete
nick,3.87,concrete
agency,3.87,concrete
astrologist,3.87,concrete
brazier,3.87,concrete
exercise,3.87,concrete
hoedown,3.87,concrete
landing,3.87,concrete
launcher,3.87,concrete
livery,3.87,concrete
monocle,3.87,concrete
oxide,3.87,concrete
promenade,3.87,concrete
register,3.87,concrete
smoothness,3.87,concrete
five,3.87,concrete
circumcise,3.87,concrete
mouthing,3.87,concrete
powdering,3.87,concrete
scowling,3.87,concrete
untied,3.87,concrete
walled,3.87,concrete
awardee,3.87,concrete
boatbuilding,3.87,concrete
cryptographist,3.87,concrete
knock over,3.87,concrete
litmus test,3.87,concrete
quartette,3.87,concrete
sheepherding,3.87,concrete
apache,3.88,concrete
backhand,3.88,concrete
frothy,3.88,concrete
haired,3.88,concrete
hilly,3.88,concrete
powdered,3.88,concrete
soft,3.88,concrete
umbilical,3.88,concrete
waxed,3.88,concrete
wigless,3.88,concrete
helm,3.88,concrete
miller,3.88,concrete
toastmaster,3.88,concrete
advertising,3.88,concrete
apostrophe,3.88,concrete
backswing,3.88,concrete
ballad,3.88,concrete
belongings,3.88,concrete
biter,3.88,concrete
bombshell,3.88,concrete
bughouse,3.88,concrete
cannery,3.88,concrete
codebook,3.88,concrete
coinage,3.88,concrete
commodore,3.88,concrete
damsel,3.88,concrete
diesel,3.88,concrete
doodlebug,3.88,concrete
entomologist,3.88,concrete
ether,3.88,concrete
filer,3.88,concrete
flatulence,3.88,concrete
footnote,3.88,concrete
friar,3.88,concrete
gimp,3.88,concrete
gobbler,3.88,concrete
gumshoe,3.88,concrete
herpes,3.88,concrete
hoot,3.88,concrete
junk,3.88,concrete
kicker,3.88,concrete
knocker,3.88,concrete
masque,3.88,concrete
millet,3.88,concrete
minuteman,3.88,concrete
mob,3.88,concrete
nettle,3.88,concrete
numeral,3.88,concrete
observer,3.88,concrete
offender,3.88,concrete
pair,3.88,concrete
parolee,3.88,concrete
pipette,3.88,concrete
pitchman,3.88,concrete
potluck,3.88,concrete
pursuer,3.88,concrete
raffle,3.88,concrete
route,3.88,concrete
rustler,3.88,concrete
sharecropper,3.88,concrete
sliver,3.88,concrete
smeller,3.88,concrete
sneezer,3.88,concrete
spotter,3.88,concrete
squiggle,3.88,concrete
statistician,3.88,concrete
statute,3.88,concrete
stinkweed,3.88,concrete
storyteller,3.88,concrete
striper,3.88,concrete
substation,3.88,concrete
surroundings,3.88,concrete
teamster,3.88,concrete
tester,3.88,concrete
touchdown,3.88,concrete
waitperson,3.88,concrete
sixteen,3.88,concrete
bur,3.88,concrete
bend,3.88,concrete
chirping,3.88,concrete
clapped,3.88,concrete
combed,3.88,concrete
corking,3.88,concrete
crumple,3.88,concrete
dueling,3.88,concrete
flex,3.88,concrete
incinerate,3.88,concrete
marked,3.88,concrete
notarize,3.88,concrete
plough,3.88,concrete
sat,3.88,concrete
shiver,3.88,concrete
simmer,3.88,concrete
smiling,3.88,concrete
spaceport,3.88,concrete
wag,3.88,concrete
watered,3.88,concrete
airpark,3.88,concrete
berryless,3.88,concrete
blockader,3.88,concrete
bubbler,3.88,concrete
cyborg,3.88,concrete
dance music,3.88,concrete
frontline,3.88,concrete
griever,3.88,concrete
heart attack,3.88,concrete
megacity,3.88,concrete
multivalve,3.88,concrete
parabola,3.88,concrete
peeping tom,3.88,concrete
penpal,3.88,concrete
road test,3.88,concrete
speckle,3.88,concrete
squinter,3.88,concrete
unknotted,3.88,concrete
weblog,3.88,concrete
bulletproof,3.89,concrete
coastal,3.89,concrete
contraceptive,3.89,concrete
dimpled,3.89,concrete
leafy,3.89,concrete
prickly,3.89,concrete
sugarless,3.89,concrete
sugary,3.89,concrete
white,3.89,concrete
medusa,3.89,concrete
shearer,3.89,concrete
abductor,3.89,concrete
address,3.89,concrete
administrator,3.89,concrete
biopsy,3.89,concrete
bitters,3.89,concrete
bloke,3.89,concrete
cantina,3.89,concrete
carbonation,3.89,concrete
caricature,3.89,concrete
colonel,3.89,concrete
concierge,3.89,concrete
decay,3.89,concrete
diagnostician,3.89,concrete
dwarfism,3.89,concrete
fee,3.89,concrete
fielder,3.89,concrete
flagship,3.89,concrete
fungicide,3.89,concrete
gala,3.89,concrete
gangway,3.89,concrete
germ,3.89,concrete
governess,3.89,concrete
heiress,3.89,concrete
impound,3.89,concrete
incisor,3.89,concrete
interviewee,3.89,concrete
isle,3.89,concrete
keepsake,3.89,concrete
leader,3.89,concrete
masher,3.89,concrete
messenger,3.89,concrete
metropolis,3.89,concrete
mutt,3.89,concrete
narrator,3.89,concrete
nerve,3.89,concrete
outbuilding,3.89,concrete
pansy,3.89,concrete
party,3.89,concrete
pension,3.89,concrete
pixie,3.89,concrete
posse,3.89,concrete
pothead,3.89,concrete
practitioner,3.89,concrete
reader,3.89,concrete
respiration,3.89,concrete
roadwork,3.89,concrete
runoff,3.89,concrete
siesta,3.89,concrete
sigh,3.89,concrete
simulator,3.89,concrete
sitter,3.89,concrete
slayer,3.89,concrete
snicker,3.89,concrete
spokesperson,3.89,concrete
spring,3.89,concrete
stampede,3.89,concrete
stepparent,3.89,concrete
subdivision,3.89,concrete
substructure,3.89,concrete
tax,3.89,concrete
telethon,3.89,concrete
toxin,3.89,concrete
tracker,3.89,concrete
trader,3.89,concrete
trainee,3.89,concrete
transportation,3.89,concrete
tremor,3.89,concrete
workout,3.89,concrete
wormhole,3.89,concrete
thirtieth,3.89,concrete
boiled,3.89,concrete
chipped,3.89,concrete
circled,3.89,concrete
cramping,3.89,concrete
dripping,3.89,concrete
ducking,3.89,concrete
electroshock,3.89,concrete
fizzle,3.89,concrete
floating,3.89,concrete
folding,3.89,concrete
knead,3.89,concrete
laminate,3.89,concrete
lift,3.89,concrete
mooing,3.89,concrete
snorting,3.89,concrete
soundproofing,3.89,concrete
squeezing,3.89,concrete
stapled,3.89,concrete
swallow,3.89,concrete
tiptoe,3.89,concrete
tumble,3.89,concrete
unbolt,3.89,concrete
unbraid,3.89,concrete
untie,3.89,concrete
cochairman,3.89,concrete
common cold,3.89,concrete
conveyer,3.89,concrete
dinner party,3.89,concrete
electric current,3.89,concrete
embalmment,3.89,concrete
granulator,3.89,concrete
hearthside,3.89,concrete
lacework,3.89,concrete
licensing fee,3.89,concrete
passcode,3.89,concrete
pop music,3.89,concrete
roadshow,3.89,concrete
sales tax,3.89,concrete
santa claus,3.89,concrete
sit up,3.89,concrete
smooth out,3.89,concrete
sound bite,3.89,concrete
tennis club,3.89,concrete
treasure hunt,3.89,concrete
war game,3.89,concrete
woodcut,3.89,concrete
yelper,3.89,concrete
frosty,3.9,concrete
gated,3.9,concrete
hooded,3.9,concrete
jellied,3.9,concrete
motorized,3.9,concrete
phosphorous,3.9,concrete
recycled,3.9,concrete
round,3.9,concrete
unsalted,3.9,concrete
velvety,3.9,concrete
horizontally,3.9,concrete
archer,3.9,concrete
rover,3.9,concrete
rusty,3.9,concrete
bachelorette,3.9,concrete
blast,3.9,concrete
carpool,3.9,concrete
chap,3.9,concrete
client,3.9,concrete
commando,3.9,concrete
congress,3.9,concrete
copy,3.9,concrete
crush,3.9,concrete
date,3.9,concrete
dispatcher,3.9,concrete
distributor,3.9,concrete
divider,3.9,concrete
doodler,3.9,concrete
electricity,3.9,concrete
exhale,3.9,concrete
fatty,3.9,concrete
flapper,3.9,concrete
flight,3.9,concrete
habitat,3.9,concrete
hairstyle,3.9,concrete
headache,3.9,concrete
heap,3.9,concrete
historian,3.9,concrete
hostel,3.9,concrete
jazz,3.9,concrete
kindergarten,3.9,concrete
lawbreaker,3.9,concrete
licensee,3.9,concrete
maker,3.9,concrete
mess,3.9,concrete
navigator,3.9,concrete
nominee,3.9,concrete
pawn,3.9,concrete
plaintiff,3.9,concrete
pollutant,3.9,concrete
press,3.9,concrete
property,3.9,concrete
protrusion,3.9,concrete
putt,3.9,concrete
scum,3.9,concrete
singles,3.9,concrete
snare,3.9,concrete
sonnet,3.9,concrete
spawn,3.9,concrete
speechwriter,3.9,concrete
spillage,3.9,concrete
stickiness,3.9,concrete
tiling,3.9,concrete
tinting,3.9,concrete
torchbearer,3.9,concrete
towhead,3.9,concrete
tramp,3.9,concrete
triglyceride,3.9,concrete
twist,3.9,concrete
underclassman,3.9,concrete
warlock,3.9,concrete
seventh,3.9,concrete
amputate,3.9,concrete
beefcake,3.9,concrete
bleaching,3.9,concrete
cradling,3.9,concrete
defrost,3.9,concrete
kill,3.9,concrete
lifting,3.9,concrete
sawing,3.9,concrete
spin,3.9,concrete
squinting,3.9,concrete
swivel,3.9,concrete
whipping,3.9,concrete
winemaking,3.9,concrete
woof,3.9,concrete
cave in,3.9,concrete
combustor,3.9,concrete
computer programmer,3.9,concrete
garden party,3.9,concrete
gnaw at,3.9,concrete
hot spot,3.9,concrete
news bulletin,3.9,concrete
opinion poll,3.9,concrete
sasquatch,3.9,concrete
school district,3.9,concrete
spaceflight,3.9,concrete
tetrachloride,3.9,concrete
webserver,3.9,concrete
pickled,3.91,concrete
busman,3.91,concrete
cabby,3.91,concrete
doughboy,3.91,concrete
handhold,3.91,concrete
payment,3.91,concrete
pigsty,3.91,concrete
prick,3.91,concrete
gilding,3.91,concrete
whittling,3.91,concrete
applauder,3.91,concrete
handpainted,3.91,concrete
hornbill,3.91,concrete
rapunzel,3.91,concrete
threader,3.91,concrete
timberwork,3.91,concrete
two step,3.91,concrete
braless,3.92,concrete
bright,3.92,concrete
deepwater,3.92,concrete
fleshless,3.92,concrete
forkful,3.92,concrete
hardboiled,3.92,concrete
metacarpal,3.92,concrete
subtotal,3.92,concrete
taut,3.92,concrete
dell,3.92,concrete
shipman,3.92,concrete
shogun,3.92,concrete
abode,3.92,concrete
ace,3.92,concrete
backbend,3.92,concrete
baroness,3.92,concrete
bedside,3.92,concrete
blog,3.92,concrete
bookie,3.92,concrete
bricklaying,3.92,concrete
bulge,3.92,concrete
bully,3.92,concrete
chartreuse,3.92,concrete
clapper,3.92,concrete
comedienne,3.92,concrete
cryptogram,3.92,concrete
day,3.92,concrete
deposit,3.92,concrete
dermatitis,3.92,concrete
doppelganger,3.92,concrete
edema,3.92,concrete
endoskeleton,3.92,concrete
firmness,3.92,concrete
fishmonger,3.92,concrete
flounder,3.92,concrete
fluorite,3.92,concrete
gallon,3.92,concrete
gap,3.92,concrete
gatherer,3.92,concrete
gonorrhea,3.92,concrete
gridiron,3.92,concrete
groupie,3.92,concrete
halfpenny,3.92,concrete
hangout,3.92,concrete
hombre,3.92,concrete
indentation,3.92,concrete
landscaper,3.92,concrete
luncheon,3.92,concrete
lye,3.92,concrete
mahjong,3.92,concrete
millstone,3.92,concrete
moonshiner,3.92,concrete
motorcade,3.92,concrete
pattern,3.92,concrete
pew,3.92,concrete
posteriors,3.92,concrete
radon,3.92,concrete
refrigeration,3.92,concrete
report,3.92,concrete
scrawl,3.92,concrete
shovelful,3.92,concrete
shuffler,3.92,concrete
softwood,3.92,concrete
solicitor,3.92,concrete
soloist,3.92,concrete
stoma,3.92,concrete
theatergoer,3.92,concrete
thrush,3.92,concrete
tresses,3.92,concrete
tsar,3.92,concrete
tubful,3.92,concrete
upperclassman,3.92,concrete
vandal,3.92,concrete
washerwoman,3.92,concrete
wedding,3.92,concrete
winker,3.92,concrete
yearling,3.92,concrete
cast,3.92,concrete
meow,3.92,concrete
roping,3.92,concrete
safecracking,3.92,concrete
singe,3.92,concrete
skinned,3.92,concrete
soaking,3.92,concrete
spay,3.92,concrete
tied,3.92,concrete
twirl,3.92,concrete
visit,3.92,concrete
aerator,3.92,concrete
air travel,3.92,concrete
alderwoman,3.92,concrete
backslap,3.92,concrete
bating,3.92,concrete
buddhist,3.92,concrete
coiler,3.92,concrete
eastcoast,3.92,concrete
electrocardiography,3.92,concrete
fingerer,3.92,concrete
investment firm,3.92,concrete
jazzercise,3.92,concrete
jobholder,3.92,concrete
mammography,3.92,concrete
marrowbone,3.92,concrete
supercenter,3.92,concrete
telephone call,3.92,concrete
unclothed,3.92,concrete
hairdress,3.93,concrete
anesthetic,3.93,concrete
balding,3.93,concrete
bovine,3.93,concrete
fecal,3.93,concrete
frilly,3.93,concrete
glittering,3.93,concrete
greased,3.93,concrete
handheld,3.93,concrete
inflated,3.93,concrete
interstate,3.93,concrete
laminated,3.93,concrete
moldy,3.93,concrete
northeastern,3.93,concrete
outdoor,3.93,concrete
pink,3.93,concrete
salty,3.93,concrete
scrambled,3.93,concrete
sculptured,3.93,concrete
slim,3.93,concrete
strapless,3.93,concrete
volcanic,3.93,concrete
watermarked,3.93,concrete
watery,3.93,concrete
quack,3.93,concrete
carol,3.93,concrete
jimmy,3.93,concrete
titanic,3.93,concrete
advertiser,3.93,concrete
airfare,3.93,concrete
airstream,3.93,concrete
allergen,3.93,concrete
archduke,3.93,concrete
archery,3.93,concrete
archives,3.93,concrete
arrest,3.93,concrete
auction,3.93,concrete
blackjack,3.93,concrete
blockage,3.93,concrete
blubber,3.93,concrete
bodybuilding,3.93,concrete
bombing,3.93,concrete
bookwork,3.93,concrete
burial,3.93,concrete
burr,3.93,concrete
caption,3.93,concrete
carat,3.93,concrete
carnation,3.93,concrete
cartoonist,3.93,concrete
case,3.93,concrete
choppers,3.93,concrete
constrictor,3.93,concrete
couple,3.93,concrete
data,3.93,concrete
daycare,3.93,concrete
diaphragm,3.93,concrete
drone,3.93,concrete
dude,3.93,concrete
embalmer,3.93,concrete
examination,3.93,concrete
execution,3.93,concrete
exit,3.93,concrete
flop,3.93,concrete
font,3.93,concrete
fugitive,3.93,concrete
gangster,3.93,concrete
grappler,3.93,concrete
gruel,3.93,concrete
guideline,3.93,concrete
halves,3.93,concrete
hayride,3.93,concrete
header,3.93,concrete
hitch,3.93,concrete
hobgoblin,3.93,concrete
homeowner,3.93,concrete
hospice,3.93,concrete
insulator,3.93,concrete
intercourse,3.93,concrete
itinerary,3.93,concrete
joker,3.93,concrete
lamination,3.93,concrete
lifter,3.93,concrete
lodger,3.93,concrete
malaria,3.93,concrete
masquerader,3.93,concrete
matriarch,3.93,concrete
matron,3.93,concrete
module,3.93,concrete
navy,3.93,concrete
newsreader,3.93,concrete
offspring,3.93,concrete
orbit,3.93,concrete
pal,3.93,concrete
pixel,3.93,concrete
plainclothes,3.93,concrete
plumage,3.93,concrete
pocketful,3.93,concrete
ref,3.93,concrete
refrigerant,3.93,concrete
rescuer,3.93,concrete
retiree,3.93,concrete
robbery,3.93,concrete
row,3.93,concrete
scavenger,3.93,concrete
scene,3.93,concrete
searcher,3.93,concrete
shipboard,3.93,concrete
shipper,3.93,concrete
shootout,3.93,concrete
sideline,3.93,concrete
smiley,3.93,concrete
socialite,3.93,concrete
sportswriter,3.93,concrete
stalker,3.93,concrete
sterling,3.93,concrete
subcontinent,3.93,concrete
swirl,3.93,concrete
syphilis,3.93,concrete
tachometer,3.93,concrete
tailgate,3.93,concrete
telephoto,3.93,concrete
tenderizer,3.93,concrete
test,3.93,concrete
ticker,3.93,concrete
timekeeper,3.93,concrete
top,3.93,concrete
unbutton,3.93,concrete
upslope,3.93,concrete
upwind,3.93,concrete
valedictorian,3.93,concrete
voter,3.93,concrete
wad,3.93,concrete
whites,3.93,concrete
wind,3.93,concrete
eleven,3.93,concrete
he,3.93,concrete
I,3.93,concrete
bartend,3.93,concrete
biting,3.93,concrete
blacksmithing,3.93,concrete
bloodied,3.93,concrete
bouncing,3.93,concrete
breaking,3.93,concrete
buried,3.93,concrete
burnt,3.93,concrete
chew,3.93,concrete
cracked,3.93,concrete
cried,3.93,concrete
digging,3.93,concrete
disrobe,3.93,concrete
drown,3.93,concrete
dump,3.93,concrete
flushing,3.93,concrete
glide,3.93,concrete
licking,3.93,concrete
recite,3.93,concrete
recline,3.93,concrete
scorched,3.93,concrete
sew,3.93,concrete
slaying,3.93,concrete
smelt,3.93,concrete
squeaking,3.93,concrete
squirt,3.93,concrete
tinted,3.93,concrete
trim,3.93,concrete
unscrew,3.93,concrete
wail,3.93,concrete
wiggle,3.93,concrete
air attack,3.93,concrete
best friend,3.93,concrete
camp out,3.93,concrete
chokehold,3.93,concrete
deep freeze,3.93,concrete
electric power,3.93,concrete
file name,3.93,concrete
front runner,3.93,concrete
high wind,3.93,concrete
iconographer,3.93,concrete
jet stream,3.93,concrete
make love,3.93,concrete
nose dive,3.93,concrete
petty cash,3.93,concrete
photometer,3.93,concrete
photoshop,3.93,concrete
physiotherapist,3.93,concrete
precious metal,3.93,concrete
press conference,3.93,concrete
pull down,3.93,concrete
sex offender,3.93,concrete
spring cleaning,3.93,concrete
stillbirth,3.93,concrete
subpanel,3.93,concrete
switch on,3.93,concrete
trade union,3.93,concrete
turn over,3.93,concrete
voice over,3.93,concrete
waiting list,3.93,concrete
wooliness,3.93,concrete
workingwoman,3.93,concrete
slippery,3.94,concrete
weight,3.94,concrete
stationary,3.95,concrete
strangulation,3.95,concrete
underline,3.95,concrete
hooknose,3.95,concrete
cursive,3.96,concrete
diagonal,3.96,concrete
equestrian,3.96,concrete
feathered,3.96,concrete
flaming,3.96,concrete
furry,3.96,concrete
fuzzy,3.96,concrete
hind,3.96,concrete
humpbacked,3.96,concrete
juicy,3.96,concrete
pyrotechnic,3.96,concrete
stormy,3.96,concrete
woolly,3.96,concrete
bareback,3.96,concrete
offstage,3.96,concrete
herder,3.96,concrete
ironman,3.96,concrete
playbill,3.96,concrete
pruner,3.96,concrete
throughway,3.96,concrete
tom,3.96,concrete
alum,3.96,concrete
antipasto,3.96,concrete
antiseptics,3.96,concrete
archipelago,3.96,concrete
arsonist,3.96,concrete
assailant,3.96,concrete
baldness,3.96,concrete
beam,3.96,concrete
beech,3.96,concrete
bibliography,3.96,concrete
biologist,3.96,concrete
blackface,3.96,concrete
brains,3.96,concrete
bristle,3.96,concrete
brushwood,3.96,concrete
bunghole,3.96,concrete
caller,3.96,concrete
capacitor,3.96,concrete
cardiogram,3.96,concrete
carload,3.96,concrete
caster,3.96,concrete
cataloger,3.96,concrete
chanter,3.96,concrete
checkout,3.96,concrete
circumference,3.96,concrete
clang,3.96,concrete
collard,3.96,concrete
concourse,3.96,concrete
condenser,3.96,concrete
convent,3.96,concrete
core,3.96,concrete
counterfeiter,3.96,concrete
cowl,3.96,concrete
democrat,3.96,concrete
depositor,3.96,concrete
dojo,3.96,concrete
drainage,3.96,concrete
dummy,3.96,concrete
electrometer,3.96,concrete
embassy,3.96,concrete
faculty,3.96,concrete
fauna,3.96,concrete
fighter,3.96,concrete
firetrap,3.96,concrete
footsteps,3.96,concrete
frontiersman,3.96,concrete
gentlewoman,3.96,concrete
glade,3.96,concrete
glucose,3.96,concrete
grad,3.96,concrete
hatchway,3.96,concrete
helium,3.96,concrete
hepatitis,3.96,concrete
hitter,3.96,concrete
hombres,3.96,concrete
hunting,3.96,concrete
imprint,3.96,concrete
innards,3.96,concrete
junction,3.96,concrete
jurist,3.96,concrete
knothole,3.96,concrete
knuckleball,3.96,concrete
lockjaw,3.96,concrete
longship,3.96,concrete
lounge,3.96,concrete
lumbar,3.96,concrete
marathon,3.96,concrete
milliliter,3.96,concrete
mouthful,3.96,concrete
oncologist,3.96,concrete
packer,3.96,concrete
paragraph,3.96,concrete
peasant,3.96,concrete
pest,3.96,concrete
playsuit,3.96,concrete
pogo,3.96,concrete
precipitation,3.96,concrete
presenter,3.96,concrete
pricks,3.96,concrete
prizefight,3.96,concrete
protester,3.96,concrete
razorback,3.96,concrete
sensor,3.96,concrete
soapbox,3.96,concrete
sociologist,3.96,concrete
sterilizer,3.96,concrete
strongman,3.96,concrete
suction,3.96,concrete
superconductor,3.96,concrete
sweepings,3.96,concrete
thunderclap,3.96,concrete
tinder,3.96,concrete
toilette,3.96,concrete
tracheotomy,3.96,concrete
transporter,3.96,concrete
typewrite,3.96,concrete
wages,3.96,concrete
waxwork,3.96,concrete
widower,3.96,concrete
windbreak,3.96,concrete
yeti,3.96,concrete
eighteen,3.96,concrete
brace,3.96,concrete
caramelize,3.96,concrete
carving,3.96,concrete
driving,3.96,concrete
flocking,3.96,concrete
framed,3.96,concrete
freeze,3.96,concrete
froze,3.96,concrete
furnished,3.96,concrete
laughing,3.96,concrete
limping,3.96,concrete
melt,3.96,concrete
pampers,3.96,concrete
rot,3.96,concrete
screaming,3.96,concrete
shatter,3.96,concrete
shedding,3.96,concrete
split,3.96,concrete
suckle,3.96,concrete
tangle,3.96,concrete
toss,3.96,concrete
unzip,3.96,concrete
aircraftman,3.96,concrete
bandsman,3.96,concrete
bibliographer,3.96,concrete
black sheep,3.96,concrete
catcall,3.96,concrete
chamber music,3.96,concrete
chatroom,3.96,concrete
child support,3.96,concrete
church service,3.96,concrete
clip art,3.96,concrete
coursework,3.96,concrete
crumpling,3.96,concrete
drugmaker,3.96,concrete
fault line,3.96,concrete
floodway,3.96,concrete
high commissioner,3.96,concrete
high water,3.96,concrete
homeworker,3.96,concrete
kidnaper,3.96,concrete
low tide,3.96,concrete
lower case,3.96,concrete
mincer,3.96,concrete
moistener,3.96,concrete
nanometer,3.96,concrete
news conference,3.96,concrete
payee,3.96,concrete
photoengraver,3.96,concrete
phytoplankton,3.96,concrete
pooper,3.96,concrete
postcode,3.96,concrete
schoolfellow,3.96,concrete
seeder,3.96,concrete
seismographer,3.96,concrete
shadowbox,3.96,concrete
soundbite,3.96,concrete
spheroid,3.96,concrete
tearstain,3.96,concrete
wake-up call,3.96,concrete
walkthrough,3.96,concrete
west end,3.96,concrete
wikipedia,3.96,concrete
wildland,3.96,concrete
workgroup,3.96,concrete
wreathe,3.96,concrete
xerox,3.96,concrete
collarless,3.97,concrete
deceased,3.97,concrete
hexagonal,3.97,concrete
pointy,3.97,concrete
springy,3.97,concrete
steroid,3.97,concrete
unbuckled,3.97,concrete
aboard,3.97,concrete
downhill,3.97,concrete
baptizer,3.97,concrete
bookmaker,3.97,concrete
bottleneck,3.97,concrete
builder,3.97,concrete
coating,3.97,concrete
compress,3.97,concrete
consultant,3.97,concrete
device,3.97,concrete
disguise,3.97,concrete
earthquake,3.97,concrete
essay,3.97,concrete
foamy,3.97,concrete
hurdle,3.97,concrete
incline,3.97,concrete
leprechaun,3.97,concrete
membrane,3.97,concrete
merchandiser,3.97,concrete
message,3.97,concrete
metalworking,3.97,concrete
oceanographer,3.97,concrete
ogre,3.97,concrete
orgasm,3.97,concrete
refugee,3.97,concrete
scent,3.97,concrete
shanty,3.97,concrete
shriek,3.97,concrete
sorter,3.97,concrete
stockholder,3.97,concrete
stocks,3.97,concrete
stroll,3.97,concrete
swarm,3.97,concrete
trio,3.97,concrete
ultrasound,3.97,concrete
one,3.97,concrete
beat,3.97,concrete
choke,3.97,concrete
crumpled,3.97,concrete
draw,3.97,concrete
flip,3.97,concrete
grind,3.97,concrete
overfill,3.97,concrete
pull,3.97,concrete
seize,3.97,concrete
shelled,3.97,concrete
shoot,3.97,concrete
shouting,3.97,concrete
show,3.97,concrete
strut,3.97,concrete
stutter,3.97,concrete
ticking,3.97,concrete
undress,3.97,concrete
unscrewing,3.97,concrete
wrapping,3.97,concrete
birdwatching,3.97,concrete
break apart,3.97,concrete
carbon dioxide,3.97,concrete
criminal record,3.97,concrete
folk song,3.97,concrete
herdswoman,3.97,concrete
plug in,3.97,concrete
product line,3.97,concrete
radio news,3.97,concrete
stomach flu,3.97,concrete
bipedal,4.0,concrete
cloudy,4.0,concrete
colored,4.0,concrete
comic,4.0,concrete
crimson,4.0,concrete
evergreen,4.0,concrete
featherless,4.0,concrete
frosted,4.0,concrete
horned,4.0,concrete
invertebrate,4.0,concrete
mashed,4.0,concrete
mauve,4.0,concrete
meatpacking,4.0,concrete
military,4.0,concrete
moist,4.0,concrete
paraplegic,4.0,concrete
pastel,4.0,concrete
plump,4.0,concrete
reclining,4.0,concrete
solar,4.0,concrete
sweet,4.0,concrete
thick,4.0,concrete
typewritten,4.0,concrete
unpeeled,4.0,concrete
freckly,4.0,concrete
till,4.0,concrete
arbor,4.0,concrete
morocco,4.0,concrete
woodman,4.0,concrete
affidavit,4.0,concrete
aircraftsman,4.0,concrete
airline,4.0,concrete
allergist,4.0,concrete
amulet,4.0,concrete
animator,4.0,concrete
annex,4.0,concrete
anthropologist,4.0,concrete
applicant,4.0,concrete
archdeacon,4.0,concrete
asterisk,4.0,concrete
audiologist,4.0,concrete
auto,4.0,concrete
avenue,4.0,concrete
backache,4.0,concrete
banquet,4.0,concrete
battle,4.0,concrete
battlefront,4.0,concrete
battlewagon,4.0,concrete
beep,4.0,concrete
bingo,4.0,concrete
borehole,4.0,concrete
bottler,4.0,concrete
breadbasket,4.0,concrete
broadside,4.0,concrete
bunkmate,4.0,concrete
bunting,4.0,concrete
butterball,4.0,concrete
camping,4.0,concrete
cellblock,4.0,concrete
centerline,4.0,concrete
chant,4.0,concrete
chaperon,4.0,concrete
clipping,4.0,concrete
clump,4.0,concrete
counterweight,4.0,concrete
craftsman,4.0,concrete
crawler,4.0,concrete
crimp,4.0,concrete
crucifixion,4.0,concrete
crusher,4.0,concrete
dander,4.0,concrete
database,4.0,concrete
demonstrator,4.0,concrete
dietitian,4.0,concrete
dueler,4.0,concrete
duke,4.0,concrete
ebony,4.0,concrete
educator,4.0,concrete
evaporator,4.0,concrete
executive,4.0,concrete
exterior,4.0,concrete
flank,4.0,concrete
footrace,4.0,concrete
forum,4.0,concrete
foursome,4.0,concrete
fullback,4.0,concrete
gamer,4.0,concrete
gauge,4.0,concrete
glaze,4.0,concrete
godparent,4.0,concrete
gram,4.0,concrete
grower,4.0,concrete
gunslinger,4.0,concrete
halfback,4.0,concrete
handmaid,4.0,concrete
harvest,4.0,concrete
hayseed,4.0,concrete
homepage,4.0,concrete
horticulturist,4.0,concrete
housing,4.0,concrete
inductee,4.0,concrete
infantry,4.0,concrete
infield,4.0,concrete
injury,4.0,concrete
innkeeper,4.0,concrete
interrogator,4.0,concrete
irrigation,4.0,concrete
lancer,4.0,concrete
license,4.0,concrete
lodge,4.0,concrete
lovemaking,4.0,concrete
lube,4.0,concrete
massacre,4.0,concrete
median,4.0,concrete
melatonin,4.0,concrete
menstruation,4.0,concrete
militia,4.0,concrete
moonrise,4.0,concrete
mount,4.0,concrete
natives,4.0,concrete
neuroscientist,4.0,concrete
ninepin,4.0,concrete
node,4.0,concrete
nuke,4.0,concrete
nutritionist,4.0,concrete
orator,4.0,concrete
organist,4.0,concrete
pageant,4.0,concrete
panhandler,4.0,concrete
partridge,4.0,concrete
pectoral,4.0,concrete
picket,4.0,concrete
pincer,4.0,concrete
pinch,4.0,concrete
pinup,4.0,concrete
pitch,4.0,concrete
playlist,4.0,concrete
plume,4.0,concrete
poacher,4.0,concrete
portfolio,4.0,concrete
prescription,4.0,concrete
processor,4.0,concrete
prompter,4.0,concrete
protractor,4.0,concrete
purr,4.0,concrete
pyrotechnics,4.0,concrete
raptor,4.0,concrete
recharger,4.0,concrete
recruiter,4.0,concrete
regiment,4.0,concrete
retainer,4.0,concrete
rig,4.0,concrete
salve,4.0,concrete
scalper,4.0,concrete
scout,4.0,concrete
sediment,4.0,concrete
shock,4.0,concrete
silverback,4.0,concrete
sister,4.0,concrete
snarl,4.0,concrete
spectrograph,4.0,concrete
spectroscope,4.0,concrete
spire,4.0,concrete
starship,4.0,concrete
steering,4.0,concrete
stepfather,4.0,concrete
storefront,4.0,concrete
stud,4.0,concrete
supercomputer,4.0,concrete
thresher,4.0,concrete
tinplate,4.0,concrete
tint,4.0,concrete
totem,4.0,concrete
townsman,4.0,concrete
transmission,4.0,concrete
trekker,4.0,concrete
trooper,4.0,concrete
troupe,4.0,concrete
turd,4.0,concrete
tyke,4.0,concrete
undercoating,4.0,concrete
vise,4.0,concrete
washwoman,4.0,concrete
wasteland,4.0,concrete
wingspan,4.0,concrete
blistered,4.0,concrete
bloom,4.0,concrete
bumping,4.0,concrete
call,4.0,concrete
chirp,4.0,concrete
churn,4.0,concrete
collide,4.0,concrete
crunching,4.0,concrete
cry,4.0,concrete
dug,4.0,concrete
engrave,4.0,concrete
filmgoer,4.0,concrete
foodstuff,4.0,concrete
hoist,4.0,concrete
knelt,4.0,concrete
knotting,4.0,concrete
mince,4.0,concrete
mincing,4.0,concrete
mooned,4.0,concrete
nodding,4.0,concrete
ooze,4.0,concrete
overcook,4.0,concrete
panting,4.0,concrete
pierced,4.0,concrete
pluck,4.0,concrete
pollinate,4.0,concrete
racing,4.0,concrete
resume,4.0,concrete
sever,4.0,concrete
slam,4.0,concrete
sowing,4.0,concrete
stuffed,4.0,concrete
swerve,4.0,concrete
thumping,4.0,concrete
topping,4.0,concrete
varnishing,4.0,concrete
vibrate,4.0,concrete
washed,4.0,concrete
wipe,4.0,concrete
wring,4.0,concrete
zigzagged,4.0,concrete
arm twisting,4.0,concrete
ballooner,4.0,concrete
bling,4.0,concrete
cat burglar,4.0,concrete
center stage,4.0,concrete
chirographer,4.0,concrete
chop off,4.0,concrete
El Nino,4.0,concrete
ellipse,4.0,concrete
embroiderer,4.0,concrete
fine print,4.0,concrete
fire drill,4.0,concrete
give birth,4.0,concrete
glycerine,4.0,concrete
headshot,4.0,concrete
horse racing,4.0,concrete
kung fu,4.0,concrete
lacquering,4.0,concrete
law enforcement,4.0,concrete
market town,4.0,concrete
megabit,4.0,concrete
nerve gas,4.0,concrete
operating system,4.0,concrete
pressure point,4.0,concrete
roadman,4.0,concrete
rock music,4.0,concrete
safe house,4.0,concrete
saltiness,4.0,concrete
shemale,4.0,concrete
shock absorber,4.0,concrete
shrewmouse,4.0,concrete
splashboard,4.0,concrete
supreme court,4.0,concrete
tinwork,4.0,concrete
underbody,4.0,concrete
wageworker,4.0,concrete
water softener,4.0,concrete
waterlog,4.0,concrete
yachter,4.0,concrete
zipfile,4.0,concrete
aboveground,4.03,concrete
blind,4.03,concrete
metallic,4.03,concrete
salted,4.03,concrete
march,4.03,concrete
bonsai,4.03,concrete
broker,4.03,concrete
chorus,4.03,concrete
clergy,4.03,concrete
creamery,4.03,concrete
cruise,4.03,concrete
diameter,4.03,concrete
expressway,4.03,concrete
foothold,4.03,concrete
fracture,4.03,concrete
fragrance,4.03,concrete
gambler,4.03,concrete
gingivitis,4.03,concrete
grandparent,4.03,concrete
grandstand,4.03,concrete
halo,4.03,concrete
hijacker,4.03,concrete
hoodlum,4.03,concrete
joust,4.03,concrete
jumper,4.03,concrete
masturbation,4.03,concrete
migrant,4.03,concrete
mining,4.03,concrete
nap,4.03,concrete
nebula,4.03,concrete
outfield,4.03,concrete
pharmacist,4.03,concrete
pickpocket,4.03,concrete
poem,4.03,concrete
polygraph,4.03,concrete
resident,4.03,concrete
retailer,4.03,concrete
riser,4.03,concrete
sideshow,4.03,concrete
slum,4.03,concrete
sportscast,4.03,concrete
structure,4.03,concrete
twine,4.03,concrete
wintergreen,4.03,concrete
blinked,4.03,concrete
broil,4.03,concrete
click,4.03,concrete
crouching,4.03,concrete
dive,4.03,concrete
dressing,4.03,concrete
hanging,4.03,concrete
napping,4.03,concrete
pave,4.03,concrete
printed,4.03,concrete
slapping,4.03,concrete
sneeze,4.03,concrete
foster family,4.03,concrete
hyperlink,4.03,concrete
inscriber,4.03,concrete
orchestrator,4.03,concrete
upper case,4.03,concrete
war room,4.03,concrete
blinder,4.04,concrete
ceramic,4.04,concrete
crispy,4.04,concrete
cupful,4.04,concrete
freezing,4.04,concrete
glazed,4.04,concrete
lounger,4.04,concrete
minced,4.04,concrete
oval,4.04,concrete
overcast,4.04,concrete
pebbled,4.04,concrete
purple,4.04,concrete
scarlet,4.04,concrete
serrated,4.04,concrete
smoky,4.04,concrete
stinging,4.04,concrete
striped,4.04,concrete
stubbly,4.04,concrete
burgundy,4.04,concrete
stockman,4.04,concrete
tripper,4.04,concrete
adaptor,4.04,concrete
ammonium,4.04,concrete
aquifer,4.04,concrete
armada,4.04,concrete
arrestee,4.04,concrete
atomizer,4.04,concrete
attacker,4.04,concrete
ballet,4.04,concrete
battleground,4.04,concrete
beachside,4.04,concrete
bloodstream,4.04,concrete
bordello,4.04,concrete
brawler,4.04,concrete
breezeway,4.04,concrete
bureau,4.04,concrete
caffeine,4.04,concrete
calico,4.04,concrete
checker,4.04,concrete
childbirth,4.04,concrete
cluster,4.04,concrete
collection,4.04,concrete
comedian,4.04,concrete
contusion,4.04,concrete
cornball,4.04,concrete
cornerstone,4.04,concrete
costumer,4.04,concrete
county,4.04,concrete
cowlick,4.04,concrete
crescent,4.04,concrete
crisps,4.04,concrete
cummerbund,4.04,concrete
curling,4.04,concrete
cyan,4.04,concrete
dealership,4.04,concrete
defenseman,4.04,concrete
director,4.04,concrete
diskette,4.04,concrete
electroplate,4.04,concrete
enclosure,4.04,concrete
ethyl,4.04,concrete
explorer,4.04,concrete
firstborn,4.04,concrete
geezer,4.04,concrete
geode,4.04,concrete
gremlin,4.04,concrete
grille,4.04,concrete
guard,4.04,concrete
gymnastics,4.04,concrete
haze,4.04,concrete
headline,4.04,concrete
hymn,4.04,concrete
incense,4.04,concrete
jailbird,4.04,concrete
journalist,4.04,concrete
largemouth,4.04,concrete
longneck,4.04,concrete
lookout,4.04,concrete
luau,4.04,concrete
marcher,4.04,concrete
masturbator,4.04,concrete
mogul,4.04,concrete
motocross,4.04,concrete
muslin,4.04,concrete
narcotic,4.04,concrete
ornament,4.04,concrete
orphan,4.04,concrete
outpost,4.04,concrete
paperhanger,4.04,concrete
parishioner,4.04,concrete
parkland,4.04,concrete
passerby,4.04,concrete
pedicurist,4.04,concrete
percussionist,4.04,concrete
performer,4.04,concrete
pinprick,4.04,concrete
pioneer,4.04,concrete
polyp,4.04,concrete
quartermaster,4.04,concrete
rayon,4.04,concrete
receptor,4.04,concrete
rumba,4.04,concrete
schilling,4.04,concrete
scribe,4.04,concrete
seismologist,4.04,concrete
sentry,4.04,concrete
skinhead,4.04,concrete
slat,4.04,concrete
slush,4.04,concrete
solarium,4.04,concrete
speedball,4.04,concrete
stance,4.04,concrete
strait,4.04,concrete
suntan,4.04,concrete
swatter,4.04,concrete
synthesizer,4.04,concrete
tabernacle,4.04,concrete
takeout,4.04,concrete
televangelist,4.04,concrete
topside,4.04,concrete
underbelly,4.04,concrete
uppercut,4.04,concrete
varmint,4.04,concrete
veneer,4.04,concrete
ventilator,4.04,concrete
voicemail,4.04,concrete
webbing,4.04,concrete
whittler,4.04,concrete
yachting,4.04,concrete
yen,4.04,concrete
eight,4.04,concrete
nine,4.04,concrete
aircrew,4.04,concrete
belted,4.04,concrete
breastfeed,4.04,concrete
buttonhook,4.04,concrete
carry,4.04,concrete
clawed,4.04,concrete
corrode,4.04,concrete
crumble,4.04,concrete
decking,4.04,concrete
etch,4.04,concrete
fall,4.04,concrete
fingerprinting,4.04,concrete
flog,4.04,concrete
flooded,4.04,concrete
forge,4.04,concrete
framing,4.04,concrete
ignite,4.04,concrete
juggle,4.04,concrete
maul,4.04,concrete
paragliding,4.04,concrete
peddle,4.04,concrete
penciled,4.04,concrete
rise,4.04,concrete
rolling,4.04,concrete
secrete,4.04,concrete
shortening,4.04,concrete
shove,4.04,concrete
snuff,4.04,concrete
sow,4.04,concrete
standing,4.04,concrete
throw,4.04,concrete
tilt,4.04,concrete
windsurf,4.04,concrete
written,4.04,concrete
acid test,4.04,concrete
airfreight,4.04,concrete
amino acid,4.04,concrete
banjoist,4.04,concrete
belowground,4.04,concrete
bluecoat,4.04,concrete
cabinetmaking,4.04,concrete
call girl,4.04,concrete
car park,4.04,concrete
chopping block,4.04,concrete
classman,4.04,concrete
combat zone,4.04,concrete
deskwork,4.04,concrete
district attorney,4.04,concrete
double bass,4.04,concrete
estate agent,4.04,concrete
foster parent,4.04,concrete
gloveless,4.04,concrete
grassless,4.04,concrete
hardbound,4.04,concrete
helpdesk,4.04,concrete
home builder,4.04,concrete
instrumentalist,4.04,concrete
kaleidoscopic,4.04,concrete
lap dancing,4.04,concrete
leafless,4.04,concrete
milker,4.04,concrete
night shift,4.04,concrete
partygoer,4.04,concrete
pass around,4.04,concrete
pectin,4.04,concrete
physical exertion,4.04,concrete
plower,4.04,concrete
pull over,4.04,concrete
rioter,4.04,concrete
sanskrit,4.04,concrete
scoop up,4.04,concrete
skype,4.04,concrete
state attorney,4.04,concrete
trelliswork,4.04,concrete
trojan horse,4.04,concrete
username,4.04,concrete
village green,4.04,concrete
bioluminescent,4.05,concrete
birdshot,4.05,concrete
chicory,4.05,concrete
flan,4.05,concrete
greenback,4.05,concrete
shingled,4.05,concrete
acidometer,4.05,concrete
hymnist,4.05,concrete
blob,4.06,concrete
bathing,4.07,concrete
blooming,4.07,concrete
breaded,4.07,concrete
bronzed,4.07,concrete
creaky,4.07,concrete
dead,4.07,concrete
dorsal,4.07,concrete
earless,4.07,concrete
green,4.07,concrete
hieroglyphic,4.07,concrete
legless,4.07,concrete
pubic,4.07,concrete
spiky,4.07,concrete
stagehand,4.07,concrete
tabloid,4.07,concrete
taller,4.07,concrete
triangular,4.07,concrete
underground,4.07,concrete
downstage,4.07,concrete
dill,4.07,concrete
galleria,4.07,concrete
pincher,4.07,concrete
sandy,4.07,concrete
agriculturalist,4.07,concrete
assistant,4.07,concrete
astrophysicist,4.07,concrete
autobiographer,4.07,concrete
automaker,4.07,concrete
backside,4.07,concrete
beekeeping,4.07,concrete
blemish,4.07,concrete
blower,4.07,concrete
botanist,4.07,concrete
breeches,4.07,concrete
brew,4.07,concrete
cadmium,4.07,concrete
calcium,4.07,concrete
cardholder,4.07,concrete
cartload,4.07,concrete
chlorophyll,4.07,concrete
chopper,4.07,concrete
compacter,4.07,concrete
copywriter,4.07,concrete
creature,4.07,concrete
crossbones,4.07,concrete
cutter,4.07,concrete
deodorizer,4.07,concrete
deputy,4.07,concrete
derby,4.07,concrete
diffuser,4.07,concrete
dollop,4.07,concrete
dosage,4.07,concrete
elixir,4.07,concrete
embankment,4.07,concrete
excavator,4.07,concrete
fisheye,4.07,concrete
flat,4.07,concrete
flatfoot,4.07,concrete
floater,4.07,concrete
galley,4.07,concrete
gateway,4.07,concrete
glob,4.07,concrete
governor,4.07,concrete
hairdo,4.07,concrete
hairdressing,4.07,concrete
halogen,4.07,concrete
herringbone,4.07,concrete
hippie,4.07,concrete
homestead,4.07,concrete
hypnotist,4.07,concrete
incision,4.07,concrete
jaywalker,4.07,concrete
kilometer,4.07,concrete
lance,4.07,concrete
laxative,4.07,concrete
length,4.07,concrete
litterbug,4.07,concrete
magnesium,4.07,concrete
marinade,4.07,concrete
milking,4.07,concrete
moisture,4.07,concrete
mommy,4.07,concrete
neon,4.07,concrete
nightcaps,4.07,concrete
novelist,4.07,concrete
outboard,4.07,concrete
parallelogram,4.07,concrete
portside,4.07,concrete
powwow,4.07,concrete
pricking,4.07,concrete
punter,4.07,concrete
quad,4.07,concrete
redcoat,4.07,concrete
relic,4.07,concrete
rider,4.07,concrete
roundness,4.07,concrete
scion,4.07,concrete
scooper,4.07,concrete
shellac,4.07,concrete
showplace,4.07,concrete
shrew,4.07,concrete
skid,4.07,concrete
slope,4.07,concrete
spasm,4.07,concrete
spectator,4.07,concrete
stepdaughter,4.07,concrete
steward,4.07,concrete
straightedge,4.07,concrete
sulfite,4.07,concrete
sweatshop,4.07,concrete
syllabus,4.07,concrete
taste,4.07,concrete
taxman,4.07,concrete
teal,4.07,concrete
tonsillitis,4.07,concrete
tradesman,4.07,concrete
transcript,4.07,concrete
traveler,4.07,concrete
turbocharger,4.07,concrete
undertaker,4.07,concrete
vacationer,4.07,concrete
warhead,4.07,concrete
waterworks,4.07,concrete
whirlwind,4.07,concrete
witness,4.07,concrete
wreck,4.07,concrete
baste,4.07,concrete
basting,4.07,concrete
breathe,4.07,concrete
buttered,4.07,concrete
climbing,4.07,concrete
flashing,4.07,concrete
float,4.07,concrete
flossing,4.07,concrete
gulping,4.07,concrete
handwritten,4.07,concrete
hissing,4.07,concrete
kicking,4.07,concrete
lacing,4.07,concrete
nuzzle,4.07,concrete
peeled,4.07,concrete
pointing,4.07,concrete
rattle,4.07,concrete
shake,4.07,concrete
skip,4.07,concrete
sledding,4.07,concrete
snowshoeing,4.07,concrete
spill,4.07,concrete
sprouting,4.07,concrete
squeak,4.07,concrete
stab,4.07,concrete
strike,4.07,concrete
switch,4.07,concrete
talk,4.07,concrete
tattooing,4.07,concrete
walk,4.07,concrete
wired,4.07,concrete
barelegged,4.07,concrete
battle cry,4.07,concrete
best man,4.07,concrete
blood plasma,4.07,concrete
chicken run,4.07,concrete
comfort food,4.07,concrete
cupbearer,4.07,concrete
double glazing,4.07,concrete
electrocardiograph,4.07,concrete
face lift,4.07,concrete
fangless,4.07,concrete
federal agency,4.07,concrete
film maker,4.07,concrete
ground level,4.07,concrete
hexagram,4.07,concrete
hydrometer,4.07,concrete
ice cold,4.07,concrete
jobseeker,4.07,concrete
mailserver,4.07,concrete
millwork,4.07,concrete
nerve cell,4.07,concrete
openmouthed,4.07,concrete
power company,4.07,concrete
pulpwood,4.07,concrete
reseller,4.07,concrete
short story,4.07,concrete
shut off,4.07,concrete
small town,4.07,concrete
stockkeeper,4.07,concrete
upholsterer,4.07,concrete
upside down,4.07,concrete
wedgie,4.07,concrete
weeder,4.07,concrete
woodcrafter,4.07,concrete
world war,4.07,concrete
bloody,4.08,concrete
starry,4.08,concrete
sugared,4.08,concrete
alcove,4.08,concrete
arugula,4.08,concrete
asshole,4.08,concrete
banquette,4.08,concrete
bisque,4.08,concrete
bog,4.08,concrete
bower,4.08,concrete
canvass,4.08,concrete
cavalry,4.08,concrete
clubwoman,4.08,concrete
codeine,4.08,concrete
coitus,4.08,concrete
color,4.08,concrete
confectioner,4.08,concrete
decathlon,4.08,concrete
flatland,4.08,concrete
gulf,4.08,concrete
gull,4.08,concrete
harpist,4.08,concrete
heartbeat,4.08,concrete
hemoglobin,4.08,concrete
henchman,4.08,concrete
herbivore,4.08,concrete
hieroglyphics,4.08,concrete
highball,4.08,concrete
housecleaning,4.08,concrete
inlet,4.08,concrete
kindergartener,4.08,concrete
midfielder,4.08,concrete
musketeer,4.08,concrete
pageboy,4.08,concrete
phosphate,4.08,concrete
plainclothesman,4.08,concrete
polyethylene,4.08,concrete
pourer,4.08,concrete
primrose,4.08,concrete
resin,4.08,concrete
scapula,4.08,concrete
scratcher,4.08,concrete
sealant,4.08,concrete
shaman,4.08,concrete
smooches,4.08,concrete
software,4.08,concrete
squaw,4.08,concrete
stimulant,4.08,concrete
stylist,4.08,concrete
survey,4.08,concrete
telecast,4.08,concrete
timetable,4.08,concrete
tropics,4.08,concrete
tumbler,4.08,concrete
turtlehead,4.08,concrete
watershed,4.08,concrete
workbox,4.08,concrete
yodeler,4.08,concrete
blinks,4.08,concrete
dipping,4.08,concrete
frown,4.08,concrete
galloping,4.08,concrete
gnawing,4.08,concrete
repaint,4.08,concrete
scorch,4.08,concrete
yelling,4.08,concrete
accelerometer,4.08,concrete
air transport,4.08,concrete
copyreader,4.08,concrete
copyrighter,4.08,concrete
engineless,4.08,concrete
fan mail,4.08,concrete
flash flood,4.08,concrete
frontman,4.08,concrete
greenbelt,4.08,concrete
in labor,4.08,concrete
morse code,4.08,concrete
nobel prize,4.08,concrete
nurseryman,4.08,concrete
pieceworker,4.08,concrete
pothook,4.08,concrete
safehouse,4.08,concrete
spit out,4.08,concrete
stereograph,4.08,concrete
subflooring,4.08,concrete
waterscape,4.08,concrete
wickerwork,4.08,concrete
workmate,4.08,concrete
bicuspid,4.09,concrete
fluorine,4.09,concrete
amethyst,4.09,concrete
cramp,4.09,concrete
flathead,4.09,concrete
frappe,4.09,concrete
grandbaby,4.09,concrete
groan,4.09,concrete
hydrosulfide,4.09,concrete
mastectomy,4.09,concrete
sculptor,4.09,concrete
swordplay,4.09,concrete
clementine,4.09,concrete
plastic surgery,4.09,concrete
skywalk,4.09,concrete
weatherglass,4.09,concrete
bifocal,4.1,concrete
waxy,4.1,concrete
inland,4.1,concrete
marina,4.1,concrete
pelt,4.1,concrete
accessory,4.1,concrete
bump,4.1,concrete
capital,4.1,concrete
collector,4.1,concrete
daylight,4.1,concrete
employee,4.1,concrete
fastener,4.1,concrete
flasher,4.1,concrete
flavorings,4.1,concrete
fragment,4.1,concrete
greens,4.1,concrete
hash,4.1,concrete
housework,4.1,concrete
inbox,4.1,concrete
infection,4.1,concrete
ironing,4.1,concrete
kin,4.1,concrete
king,4.1,concrete
landmark,4.1,concrete
leprosy,4.1,concrete
liposuction,4.1,concrete
literature,4.1,concrete
measurer,4.1,concrete
melanoma,4.1,concrete
midsection,4.1,concrete
mumps,4.1,concrete
neurologist,4.1,concrete
nicotine,4.1,concrete
nomad,4.1,concrete
perch,4.1,concrete
photography,4.1,concrete
rigging,4.1,concrete
schoolwork,4.1,concrete
sex,4.1,concrete
stargazer,4.1,concrete
strand,4.1,concrete
stroke,4.1,concrete
superhero,4.1,concrete
superwoman,4.1,concrete
tango,4.1,concrete
technician,4.1,concrete
tide,4.1,concrete
tonic,4.1,concrete
turf,4.1,concrete
baking,4.1,concrete
barehanded,4.1,concrete
breathing,4.1,concrete
cremate,4.1,concrete
explode,4.1,concrete
flying,4.1,concrete
grinding,4.1,concrete
hurl,4.1,concrete
lead,4.1,concrete
rinse,4.1,concrete
scribble,4.1,concrete
scribbling,4.1,concrete
slip,4.1,concrete
slipping,4.1,concrete
snap,4.1,concrete
stare,4.1,concrete
tucking,4.1,concrete
twitter,4.1,concrete
yank,4.1,concrete
backspace,4.1,concrete
belly dancing,4.1,concrete
boot camp,4.1,concrete
breath test,4.1,concrete
businesspeople,4.1,concrete
chess match,4.1,concrete
foster child,4.1,concrete
herbicide,4.1,concrete
log off,4.1,concrete
myspace,4.1,concrete
spit up,4.1,concrete
wind power,4.1,concrete
corded,4.11,concrete
eyeless,4.11,concrete
fried,4.11,concrete
grey,4.11,concrete
manicured,4.11,concrete
minty,4.11,concrete
multicolored,4.11,concrete
perforated,4.11,concrete
quadriplegic,4.11,concrete
rectangular,4.11,concrete
sockless,4.11,concrete
sole,4.11,concrete
topless,4.11,concrete
home,4.11,concrete
admiral,4.11,concrete
air,4.11,concrete
baseman,4.11,concrete
canola,4.11,concrete
chromosome,4.11,concrete
chronometer,4.11,concrete
company,4.11,concrete
cornucopia,4.11,concrete
disinfectant,4.11,concrete
ecosystem,4.11,concrete
estate,4.11,concrete
fairy,4.11,concrete
fare,4.11,concrete
formula,4.11,concrete
garnish,4.11,concrete
geographer,4.11,concrete
herd,4.11,concrete
herdsman,4.11,concrete
hives,4.11,concrete
husband,4.11,concrete
hyphen,4.11,concrete
insole,4.11,concrete
invader,4.11,concrete
kneeler,4.11,concrete
knickknack,4.11,concrete
lap,4.11,concrete
mammoth,4.11,concrete
manicurist,4.11,concrete
meningitis,4.11,concrete
midterm,4.11,concrete
minstrel,4.11,concrete
mum,4.11,concrete
newspaperwoman,4.11,concrete
noisemaker,4.11,concrete
overpass,4.11,concrete
paparazzi,4.11,concrete
petitioner,4.11,concrete
photojournalist,4.11,concrete
pointer,4.11,concrete
pornography,4.11,concrete
prisoner,4.11,concrete
publicist,4.11,concrete
scroll,4.11,concrete
settler,4.11,concrete
shaker,4.11,concrete
sledge,4.11,concrete
soprano,4.11,concrete
spokesman,4.11,concrete
steamer,4.11,concrete
target,4.11,concrete
tournament,4.11,concrete
trespasser,4.11,concrete
triceratops,4.11,concrete
turncoat,4.11,concrete
twilight,4.11,concrete
watercolorist,4.11,concrete
wigmaker,4.11,concrete
workman,4.11,concrete
you,4.11,concrete
braiding,4.11,concrete
broken,4.11,concrete
burn,4.11,concrete
buttoned,4.11,concrete
catch,4.11,concrete
check,4.11,concrete
climb,4.11,concrete
convict,4.11,concrete
cutting,4.11,concrete
dragged,4.11,concrete
fritter,4.11,concrete
hit,4.11,concrete
hugging,4.11,concrete
jab,4.11,concrete
leapfrog,4.11,concrete
leatherneck,4.11,concrete
notched,4.11,concrete
pinching,4.11,concrete
trot,4.11,concrete
unlock,4.11,concrete
wrap,4.11,concrete
basecamp,4.11,concrete
caucasian,4.11,concrete
death camp,4.11,concrete
dig up,4.11,concrete
driving school,4.11,concrete
front entrance,4.11,concrete
leatherwork,4.11,concrete
leatherworking,4.11,concrete
main course,4.11,concrete
olympics,4.11,concrete
powertrain,4.11,concrete
public figure,4.11,concrete
scarlet fever,4.11,concrete
taekwondo,4.11,concrete
talk show,4.11,concrete
task force,4.11,concrete
treasure trove,4.11,concrete
weatherproofing,4.11,concrete
yacht club,4.11,concrete
silky,4.12,concrete
unpaved,4.12,concrete
wastewater,4.12,concrete
barker,4.12,concrete
birch,4.12,concrete
mailer,4.12,concrete
polygon,4.12,concrete
potter,4.12,concrete
barrette,4.12,concrete
busload,4.12,concrete
clinician,4.12,concrete
coach,4.12,concrete
coachman,4.12,concrete
crawlers,4.12,concrete
cryptograph,4.12,concrete
dot,4.12,concrete
duffel,4.12,concrete
falconer,4.12,concrete
fiesta,4.12,concrete
garnets,4.12,concrete
grinder,4.12,concrete
group,4.12,concrete
handyman,4.12,concrete
headmaster,4.12,concrete
hobo,4.12,concrete
hostess,4.12,concrete
hotbox,4.12,concrete
hothouse,4.12,concrete
hummer,4.12,concrete
huntress,4.12,concrete
junkman,4.12,concrete
marksman,4.12,concrete
matting,4.12,concrete
moderator,4.12,concrete
muff,4.12,concrete
nitroglycerin,4.12,concrete
orb,4.12,concrete
outfit,4.12,concrete
periwinkle,4.12,concrete
petition,4.12,concrete
polyester,4.12,concrete
posy,4.12,concrete
potty,4.12,concrete
sanitizer,4.12,concrete
schooner,4.12,concrete
scoliosis,4.12,concrete
scrubwoman,4.12,concrete
sickroom,4.12,concrete
sidesaddle,4.12,concrete
skittle,4.12,concrete
streamer,4.12,concrete
strudel,4.12,concrete
swordswoman,4.12,concrete
tempura,4.12,concrete
transistor,4.12,concrete
varnish,4.12,concrete
windbreaker,4.12,concrete
windsurfing,4.12,concrete
woodworking,4.12,concrete
crotchet,4.12,concrete
wheelbase,4.12,concrete
zippered,4.12,concrete
armed forces,4.12,concrete
bowleg,4.12,concrete
bramble,4.12,concrete
conifer,4.12,concrete
folic acid,4.12,concrete
handwash,4.12,concrete
heart rate,4.12,concrete
logrolling,4.12,concrete
microbrew,4.12,concrete
open door,4.12,concrete
penalty kick,4.12,concrete
radiotelegraph,4.12,concrete
redshirt,4.12,concrete
roofless,4.12,concrete
snowline,4.12,concrete
stockbreeder,4.12,concrete
sunburnt,4.12,concrete
townscape,4.12,concrete
whole milk,4.12,concrete
windflower,4.12,concrete
youth hostel,4.12,concrete
swelling,4.13,concrete
centimeter,4.13,concrete
circumcision,4.13,concrete
curler,4.13,concrete
dogfight,4.13,concrete
douche,4.13,concrete
folksong,4.13,concrete
initials,4.13,concrete
laugher,4.13,concrete
lithium,4.13,concrete
mobster,4.13,concrete
nudity,4.13,concrete
sprinter,4.13,concrete
tripwire,4.13,concrete
viewer,4.13,concrete
voice,4.13,concrete
wife,4.13,concrete
diving,4.13,concrete
fold,4.13,concrete
paddled,4.13,concrete
pucker,4.13,concrete
whispered,4.13,concrete
bombsite,4.13,concrete
cold sweat,4.13,concrete
cough up,4.13,concrete
dust bowl,4.13,concrete
french kiss,4.13,concrete
groundball,4.13,concrete
root canal,4.13,concrete
chalky,4.14,concrete
crusty,4.14,concrete
naval,4.14,concrete
skintight,4.14,concrete
tanned,4.14,concrete
toeless,4.14,concrete
whiskered,4.14,concrete
clockwise,4.14,concrete
refold,4.14,concrete
arc,4.14,concrete
bleacher,4.14,concrete
angler,4.14,concrete
archbishop,4.14,concrete
award,4.14,concrete
backfield,4.14,concrete
bacteria,4.14,concrete
baron,4.14,concrete
chemicals,4.14,concrete
columnist,4.14,concrete
committee,4.14,concrete
cooler,4.14,concrete
cryptologist,4.14,concrete
czar,4.14,concrete
depot,4.14,concrete
dietician,4.14,concrete
drip,4.14,concrete
dwelling,4.14,concrete
etching,4.14,concrete
exterminator,4.14,concrete
facilities,4.14,concrete
filth,4.14,concrete
flap,4.14,concrete
froth,4.14,concrete
gangbang,4.14,concrete
gland,4.14,concrete
godfather,4.14,concrete
harness,4.14,concrete
headquarters,4.14,concrete
hibachi,4.14,concrete
hike,4.14,concrete
hug,4.14,concrete
hugger,4.14,concrete
intersection,4.14,concrete
intruder,4.14,concrete
karate,4.14,concrete
kilogram,4.14,concrete
knitting,4.14,concrete
manager,4.14,concrete
match,4.14,concrete
monarch,4.14,concrete
north,4.14,concrete
piece,4.14,concrete
pulpit,4.14,concrete
redness,4.14,concrete
reel,4.14,concrete
reverend,4.14,concrete
rucksack,4.14,concrete
safari,4.14,concrete
shooter,4.14,concrete
slaveholder,4.14,concrete
smog,4.14,concrete
son,4.14,concrete
splitter,4.14,concrete
spore,4.14,concrete
sprint,4.14,concrete
spy,4.14,concrete
statehouse,4.14,concrete
tab,4.14,concrete
taxpayer,4.14,concrete
tribe,4.14,concrete
typeset,4.14,concrete
unicyclist,4.14,concrete
vial,4.14,concrete
forty,4.14,concrete
batting,4.14,concrete
belch,4.14,concrete
caress,4.14,concrete
chained,4.14,concrete
drilling,4.14,concrete
drinking,4.14,concrete
eating,4.14,concrete
fasten,4.14,concrete
folded,4.14,concrete
mudpack,4.14,concrete
pour,4.14,concrete
rattles,4.14,concrete
riding,4.14,concrete
skipping,4.14,concrete
sniffing,4.14,concrete
civil servant,4.14,concrete
daisy chain,4.14,concrete
dry cleaning,4.14,concrete
firebrick,4.14,concrete
flowchart,4.14,concrete
natural gas,4.14,concrete
pop out,4.14,concrete
short list,4.14,concrete
tea party,4.14,concrete
travel agency,4.14,concrete
centerfold,4.15,concrete
infomercial,4.15,concrete
leftover,4.15,concrete
eastward,4.15,concrete
laurel,4.15,concrete
leach,4.15,concrete
porter,4.15,concrete
rosette,4.15,concrete
advisor,4.15,concrete
borax,4.15,concrete
catwalk,4.15,concrete
commentator,4.15,concrete
congregation,4.15,concrete
contract,4.15,concrete
cosmetician,4.15,concrete
dampness,4.15,concrete
distiller,4.15,concrete
draftsman,4.15,concrete
endoscopy,4.15,concrete
gasp,4.15,concrete
gazette,4.15,concrete
gorge,4.15,concrete
gut,4.15,concrete
heartworm,4.15,concrete
henna,4.15,concrete
inscription,4.15,concrete
lawmaker,4.15,concrete
limp,4.15,concrete
linesman,4.15,concrete
matchwood,4.15,concrete
memorabilia,4.15,concrete
neurosurgery,4.15,concrete
parentheses,4.15,concrete
player,4.15,concrete
pornographer,4.15,concrete
postscript,4.15,concrete
record,4.15,concrete
renter,4.15,concrete
retriever,4.15,concrete
roulette,4.15,concrete
sailorman,4.15,concrete
scoop,4.15,concrete
scrap,4.15,concrete
shantytown,4.15,concrete
strobe,4.15,concrete
suture,4.15,concrete
talisman,4.15,concrete
teammate,4.15,concrete
traps,4.15,concrete
vapor,4.15,concrete
warbler,4.15,concrete
whore,4.15,concrete
feeding,4.15,concrete
piercing,4.15,concrete
scrape,4.15,concrete
sidestep,4.15,concrete
wince,4.15,concrete
woodcraft,4.15,concrete
yawning,4.15,concrete
bailsman,4.15,concrete
block diagram,4.15,concrete
committeeman,4.15,concrete
computer program,4.15,concrete
fall asleep,4.15,concrete
flying carpet,4.15,concrete
fortune teller,4.15,concrete
guestlist,4.15,concrete
gunlock,4.15,concrete
main road,4.15,concrete
meadowland,4.15,concrete
mineralogist,4.15,concrete
minus sign,4.15,concrete
newssheet,4.15,concrete
next door,4.15,concrete
organ donor,4.15,concrete
sandblast,4.15,concrete
scaleless,4.15,concrete
sportsperson,4.15,concrete
stand up,4.15,concrete
state department,4.15,concrete
sunny-side up,4.15,concrete
videographer,4.15,concrete
violinmaking,4.15,concrete
whole wheat,4.15,concrete
furrier,4.16,concrete
stutterer,4.16,concrete
pat,4.16,concrete
peck,4.16,concrete
telecaster,4.16,concrete
boilerplate,4.16,concrete
colonoscopy,4.16,concrete
curbstone,4.16,concrete
defecation,4.16,concrete
dialer,4.16,concrete
electrocardiogram,4.16,concrete
gangrene,4.16,concrete
ingredients,4.16,concrete
maestro,4.16,concrete
movers,4.16,concrete
organism,4.16,concrete
polystyrene,4.16,concrete
potboiler,4.16,concrete
psychotherapist,4.16,concrete
puree,4.16,concrete
splicer,4.16,concrete
squire,4.16,concrete
suite,4.16,concrete
swashbuckler,4.16,concrete
teen,4.16,concrete
trowel,4.16,concrete
vermouth,4.16,concrete
zombie,4.16,concrete
bitten,4.16,concrete
clap,4.16,concrete
lunge,4.16,concrete
roll,4.16,concrete
scratch,4.16,concrete
stand,4.16,concrete
whittle,4.16,concrete
antlered,4.16,concrete
hammerer,4.16,concrete
plainswoman,4.16,concrete
saddlecloth,4.16,concrete
scriber,4.16,concrete
softcover,4.16,concrete
wedding day,4.16,concrete
forehand,4.17,concrete
unshelled,4.17,concrete
barfly,4.17,concrete
deckhand,4.17,concrete
indoors,4.17,concrete
rocky,4.17,concrete
art,4.17,concrete
aunt,4.17,concrete
backstop,4.17,concrete
barmaid,4.17,concrete
bassist,4.17,concrete
breakwater,4.17,concrete
buckskin,4.17,concrete
bulkhead,4.17,concrete
businessperson,4.17,concrete
bystander,4.17,concrete
cardiograph,4.17,concrete
carnivore,4.17,concrete
colors,4.17,concrete
contestant,4.17,concrete
counter,4.17,concrete
country,4.17,concrete
curbside,4.17,concrete
eclipse,4.17,concrete
ejaculation,4.17,concrete
entertainer,4.17,concrete
estuary,4.17,concrete
executioner,4.17,concrete
fixture,4.17,concrete
fortuneteller,4.17,concrete
foxhunt,4.17,concrete
foxhunting,4.17,concrete
fuchsia,4.17,concrete
funds,4.17,concrete
gallop,4.17,concrete
grin,4.17,concrete
hieroglyph,4.17,concrete
hobbit,4.17,concrete
hydrochloride,4.17,concrete
ironworks,4.17,concrete
minesweeper,4.17,concrete
mucous,4.17,concrete
opiate,4.17,concrete
oxbow,4.17,concrete
plasma,4.17,concrete
porkpie,4.17,concrete
print,4.17,concrete
product,4.17,concrete
puppeteer,4.17,concrete
quintet,4.17,concrete
radium,4.17,concrete
riptide,4.17,concrete
riveter,4.17,concrete
sarcophagi,4.17,concrete
sealer,4.17,concrete
sip,4.17,concrete
soles,4.17,concrete
sunbath,4.17,concrete
sundown,4.17,concrete
telegrapher,4.17,concrete
ton,4.17,concrete
toner,4.17,concrete
trough,4.17,concrete
twin,4.17,concrete
warrior,4.17,concrete
watcher,4.17,concrete
welding,4.17,concrete
werewolf,4.17,concrete
witch,4.17,concrete
drag,4.17,concrete
feed,4.17,concrete
grinning,4.17,concrete
humming,4.17,concrete
newt,4.17,concrete
rinsing,4.17,concrete
sailing,4.17,concrete
shout,4.17,concrete
sniff,4.17,concrete
sunburned,4.17,concrete
tickling,4.17,concrete
aerographer,4.17,concrete
beauty queen,4.17,concrete
calibrator,4.17,concrete
chitlins,4.17,concrete
craftsperson,4.17,concrete
ebay,4.17,concrete
log book,4.17,concrete
macrame,4.17,concrete
pagenumber,4.17,concrete
PIN number,4.17,concrete
secret police,4.17,concrete
theme song,4.17,concrete
village idiot,4.17,concrete
whooping cough,4.17,concrete
duplex,4.18,concrete
longhaired,4.18,concrete
sweaty,4.18,concrete
hillbilly,4.18,concrete
pinky,4.18,concrete
acre,4.18,concrete
amphetamine,4.18,concrete
buggy,4.18,concrete
caregiver,4.18,concrete
channel,4.18,concrete
connector,4.18,concrete
cosmologist,4.18,concrete
cowpox,4.18,concrete
curtsy,4.18,concrete
fart,4.18,concrete
footstep,4.18,concrete
glasswork,4.18,concrete
hogtie,4.18,concrete
lactose,4.18,concrete
massage,4.18,concrete
metalworker,4.18,concrete
microprocessor,4.18,concrete
obituary,4.18,concrete
ovary,4.18,concrete
painkiller,4.18,concrete
pimp,4.18,concrete
prizefighter,4.18,concrete
proctologist,4.18,concrete
senorita,4.18,concrete
shank,4.18,concrete
snort,4.18,concrete
spam,4.18,concrete
spiral,4.18,concrete
steppingstone,4.18,concrete
tannery,4.18,concrete
trainload,4.18,concrete
vampire,4.18,concrete
two,4.18,concrete
gingko,4.18,concrete
bucktoothed,4.18,concrete
lubricate,4.18,concrete
masturbate,4.18,concrete
slashed,4.18,concrete
snoring,4.18,concrete
spitting,4.18,concrete
weeping,4.18,concrete
weld,4.18,concrete
woodcarving,4.18,concrete
backwoodsman,4.18,concrete
fashion designer,4.18,concrete
footless,4.18,concrete
humerus,4.18,concrete
marine corps,4.18,concrete
scoopful,4.18,concrete
water supply,4.18,concrete
automotive,4.19,concrete
baked,4.19,concrete
bowlegged,4.19,concrete
dewy,4.19,concrete
genital,4.19,concrete
khaki,4.19,concrete
sequined,4.19,concrete
downstream,4.19,concrete
angus,4.19,concrete
brazil,4.19,concrete
ford,4.19,concrete
adobe,4.19,concrete
backbone,4.19,concrete
backstreet,4.19,concrete
bandstand,4.19,concrete
brooch,4.19,concrete
captain,4.19,concrete
cent,4.19,concrete
cesspool,4.19,concrete
chronograph,4.19,concrete
churchman,4.19,concrete
cooking,4.19,concrete
cremator,4.19,concrete
critter,4.19,concrete
cubbyhole,4.19,concrete
curd,4.19,concrete
dockside,4.19,concrete
druggist,4.19,concrete
flyer,4.19,concrete
fundraiser,4.19,concrete
garb,4.19,concrete
glossary,4.19,concrete
grenadine,4.19,concrete
groundsman,4.19,concrete
guardroom,4.19,concrete
haymaker,4.19,concrete
hobbyhorse,4.19,concrete
inmate,4.19,concrete
islander,4.19,concrete
jugular,4.19,concrete
lottery,4.19,concrete
merchantman,4.19,concrete
microbe,4.19,concrete
morsel,4.19,concrete
nickelodeon,4.19,concrete
noggin,4.19,concrete
passkey,4.19,concrete
piles,4.19,concrete
polisher,4.19,concrete
prosthesis,4.19,concrete
pulse,4.19,concrete
roaster,4.19,concrete
router,4.19,concrete
sassafras,4.19,concrete
schoolmistress,4.19,concrete
scouts,4.19,concrete
separator,4.19,concrete
shipload,4.19,concrete
silencer,4.19,concrete
splash,4.19,concrete
stock,4.19,concrete
sty,4.19,concrete
template,4.19,concrete
tetanus,4.19,concrete
tollhouse,4.19,concrete
wagonload,4.19,concrete
whistling,4.19,concrete
wholegrain,4.19,concrete
wounds,4.19,concrete
bambino,4.19,concrete
barking,4.19,concrete
bathe,4.19,concrete
groping,4.19,concrete
gulp,4.19,concrete
howling,4.19,concrete
lightening,4.19,concrete
precipitate,4.19,concrete
sawed,4.19,concrete
scabbed,4.19,concrete
spearhead,4.19,concrete
steer,4.19,concrete
tossing,4.19,concrete
unplug,4.19,concrete
waterskiing,4.19,concrete
wept,4.19,concrete
birth control,4.19,concrete
blueray,4.19,concrete
classwork,4.19,concrete
cowfish,4.19,concrete
dead wood,4.19,concrete
fancy dress,4.19,concrete
figure skating,4.19,concrete
nervous system,4.19,concrete
polltaker,4.19,concrete
secondary school,4.19,concrete
silkweed,4.19,concrete
stereoscope,4.19,concrete
webdeveloper,4.19,concrete
woolworker,4.19,concrete
sunny,4.2,concrete
mason,4.2,concrete
tater,4.2,concrete
benzene,4.2,concrete
boilermaker,4.2,concrete
bouillon,4.2,concrete
carrier,4.2,concrete
chancellor,4.2,concrete
clot,4.2,concrete
contractor,4.2,concrete
cutlass,4.2,concrete
dinghy,4.2,concrete
forelimb,4.2,concrete
goulash,4.2,concrete
hitcher,4.2,concrete
laceration,4.2,concrete
liner,4.2,concrete
loafer,4.2,concrete
manes,4.2,concrete
mascot,4.2,concrete
month,4.2,concrete
moviemaker,4.2,concrete
mutant,4.2,concrete
peak,4.2,concrete
pilaf,4.2,concrete
poker,4.2,concrete
pterodactyl,4.2,concrete
rafting,4.2,concrete
seltzer,4.2,concrete
snaggletooth,4.2,concrete
tribeswoman,4.2,concrete
triggerman,4.2,concrete
truckload,4.2,concrete
vaporizer,4.2,concrete
vocalist,4.2,concrete
yodel,4.2,concrete
boil,4.2,concrete
fight,4.2,concrete
glowing,4.2,concrete
singing,4.2,concrete
stroking,4.2,concrete
surfboarding,4.2,concrete
tarred,4.2,concrete
weave,4.2,concrete
acid rain,4.2,concrete
baby sitter,4.2,concrete
cardiac arrest,4.2,concrete
crossbowman,4.2,concrete
dead end,4.2,concrete
electrical shock,4.2,concrete
ghost writer,4.2,concrete
journeywoman,4.2,concrete
loo,4.2,concrete
supply ship,4.2,concrete
whitewall,4.2,concrete
cubical,4.21,concrete
houseguest,4.21,concrete
padded,4.21,concrete
seedless,4.21,concrete
mark,4.21,concrete
panama,4.21,concrete
pompadour,4.21,concrete
balsam,4.21,concrete
bishop,4.21,concrete
booby,4.21,concrete
bum,4.21,concrete
cadet,4.21,concrete
canoeing,4.21,concrete
carpeting,4.21,concrete
cerebrum,4.21,concrete
citrus,4.21,concrete
coast,4.21,concrete
colander,4.21,concrete
conditioner,4.21,concrete
cunt,4.21,concrete
daybreak,4.21,concrete
dermatologist,4.21,concrete
detective,4.21,concrete
digits,4.21,concrete
dipper,4.21,concrete
doodle,4.21,concrete
dossier,4.21,concrete
drizzle,4.21,concrete
drumbeat,4.21,concrete
drumming,4.21,concrete
electrician,4.21,concrete
enamel,4.21,concrete
fairway,4.21,concrete
filings,4.21,concrete
freight,4.21,concrete
gatekeeper,4.21,concrete
gateman,4.21,concrete
greeter,4.21,concrete
grotto,4.21,concrete
guidepost,4.21,concrete
hamper,4.21,concrete
harvester,4.21,concrete
headlock,4.21,concrete
heroine,4.21,concrete
hip,4.21,concrete
kernel,4.21,concrete
landmass,4.21,concrete
landscaping,4.21,concrete
lesbian,4.21,concrete
light,4.21,concrete
lodgings,4.21,concrete
loiterer,4.21,concrete
magician,4.21,concrete
moleskin,4.21,concrete
nanny,4.21,concrete
nougat,4.21,concrete
novel,4.21,concrete
operator,4.21,concrete
pincers,4.21,concrete
platelet,4.21,concrete
propellant,4.21,concrete
prostate,4.21,concrete
puss,4.21,concrete
ranger,4.21,concrete
rower,4.21,concrete
saber,4.21,concrete
semicircle,4.21,concrete
shard,4.21,concrete
shoeshine,4.21,concrete
sodium,4.21,concrete
spot,4.21,concrete
squeezer,4.21,concrete
stake,4.21,concrete
summit,4.21,concrete
sunshine,4.21,concrete
superintendent,4.21,concrete
symphony,4.21,concrete
townspeople,4.21,concrete
troops,4.21,concrete
tundra,4.21,concrete
typeface,4.21,concrete
underpass,4.21,concrete
warhorse,4.21,concrete
workingman,4.21,concrete
fourteenth,4.21,concrete
bake,4.21,concrete
blowing,4.21,concrete
crushed,4.21,concrete
defecate,4.21,concrete
drop,4.21,concrete
fisting,4.21,concrete
hoofed,4.21,concrete
huddle,4.21,concrete
knitted,4.21,concrete
laugh,4.21,concrete
longhair,4.21,concrete
push,4.21,concrete
shrug,4.21,concrete
sightseer,4.21,concrete
skydive,4.21,concrete
smooch,4.21,concrete
soak,4.21,concrete
spank,4.21,concrete
torn,4.21,concrete
air conditioning,4.21,concrete
air crew,4.21,concrete
antarctic,4.21,concrete
body building,4.21,concrete
boiling point,4.21,concrete
bookstall,4.21,concrete
cargo area,4.21,concrete
curser,4.21,concrete
footsore,4.21,concrete
ghost town,4.21,concrete
hairiness,4.21,concrete
letterpress,4.21,concrete
lie down,4.21,concrete
national anthem,4.21,concrete
neckpiece,4.21,concrete
open fire,4.21,concrete
pilates,4.21,concrete
rear end,4.21,concrete
rising tide,4.21,concrete
strawboard,4.21,concrete
time machine,4.21,concrete
trombonist,4.21,concrete
whitebeard,4.21,concrete
caged,4.22,concrete
icy,4.22,concrete
scaly,4.22,concrete
pop,4.22,concrete
bevel,4.22,concrete
fisher,4.22,concrete
iceman,4.22,concrete
android,4.22,concrete
antiques,4.22,concrete
breastfeeding,4.22,concrete
bundle,4.22,concrete
carbon,4.22,concrete
cayenne,4.22,concrete
codpiece,4.22,concrete
conveyor,4.22,concrete
cooker,4.22,concrete
cosmetologist,4.22,concrete
drainer,4.22,concrete
electromagnet,4.22,concrete
erection,4.22,concrete
handclasp,4.22,concrete
hatchery,4.22,concrete
heifer,4.22,concrete
homemaker,4.22,concrete
hooch,4.22,concrete
jawbreaker,4.22,concrete
labyrinth,4.22,concrete
landlady,4.22,concrete
laughter,4.22,concrete
lubricator,4.22,concrete
marathoner,4.22,concrete
mead,4.22,concrete
minister,4.22,concrete
mistress,4.22,concrete
paddock,4.22,concrete
printing,4.22,concrete
pushbutton,4.22,concrete
roadside,4.22,concrete
saddleback,4.22,concrete
silica,4.22,concrete
stationmaster,4.22,concrete
stickman,4.22,concrete
tot,4.22,concrete
transcriber,4.22,concrete
vacuum,4.22,concrete
weenie,4.22,concrete
barkeep,4.22,concrete
cockfighting,4.22,concrete
dip,4.22,concrete
embroider,4.22,concrete
engraved,4.22,concrete
insulated,4.22,concrete
poke,4.22,concrete
write,4.22,concrete
cableway,4.22,concrete
chainmail,4.22,concrete
chalkstone,4.22,concrete
death row,4.22,concrete
floodlighting,4.22,concrete
haemorrhage,4.22,concrete
pornstar,4.22,concrete
prize winner,4.22,concrete
side order,4.22,concrete
water skiing,4.22,concrete
dirty,4.23,concrete
grilled,4.23,concrete
nightshade,4.23,concrete
aerosol,4.23,concrete
alchemist,4.23,concrete
analyst,4.23,concrete
autograph,4.23,concrete
battleaxe,4.23,concrete
brim,4.23,concrete
brothel,4.23,concrete
choreographer,4.23,concrete
cuttlefish,4.23,concrete
cyst,4.23,concrete
defroster,4.23,concrete
deliveryman,4.23,concrete
ducktail,4.23,concrete
eczema,4.23,concrete
entrance,4.23,concrete
family,4.23,concrete
fructose,4.23,concrete
generator,4.23,concrete
glaucoma,4.23,concrete
grail,4.23,concrete
lyre,4.23,concrete
mausoleum,4.23,concrete
midriff,4.23,concrete
notch,4.23,concrete
nub,4.23,concrete
pecker,4.23,concrete
plaid,4.23,concrete
polish,4.23,concrete
potassium,4.23,concrete
rotisserie,4.23,concrete
scraper,4.23,concrete
scuba,4.23,concrete
sculptress,4.23,concrete
shortstop,4.23,concrete
skeet,4.23,concrete
sludge,4.23,concrete
snorer,4.23,concrete
stepmother,4.23,concrete
sunray,4.23,concrete
textile,4.23,concrete
wink,4.23,concrete
workhouse,4.23,concrete
zinfandel,4.23,concrete
cover,4.23,concrete
shave,4.23,concrete
sleeping,4.23,concrete
texting,4.23,concrete
board meeting,4.23,concrete
bowel movement,4.23,concrete
center field,4.23,concrete
eyeshade,4.23,concrete
holy water,4.23,concrete
mouse click,4.23,concrete
pipe fitter,4.23,concrete
red flag,4.23,concrete
room service,4.23,concrete
sulphur,4.23,concrete
touch down,4.23,concrete
videoconference,4.23,concrete
dishwashing,4.24,concrete
red,4.24,concrete
seamed,4.24,concrete
treeless,4.24,concrete
unshaven,4.24,concrete
garnet,4.24,concrete
gosling,4.24,concrete
machinist,4.24,concrete
anemone,4.24,concrete
artist,4.24,concrete
behead,4.24,concrete
brine,4.24,concrete
camouflage,4.24,concrete
canner,4.24,concrete
caretaker,4.24,concrete
cattleman,4.24,concrete
chasm,4.24,concrete
chemist,4.24,concrete
clinic,4.24,concrete
condensation,4.24,concrete
conservatory,4.24,concrete
counselor,4.24,concrete
crop,4.24,concrete
croquette,4.24,concrete
daddy,4.24,concrete
dusk,4.24,concrete
dyke,4.24,concrete
edge,4.24,concrete
flatiron,4.24,concrete
granny,4.24,concrete
greenroom,4.24,concrete
guerrilla,4.24,concrete
headhunter,4.24,concrete
hygienist,4.24,concrete
lamplighter,4.24,concrete
liter,4.24,concrete
maiden,4.24,concrete
methadone,4.24,concrete
pickup,4.24,concrete
plumbing,4.24,concrete
proprietor,4.24,concrete
prosecutor,4.24,concrete
prowler,4.24,concrete
publisher,4.24,concrete
questionnaire,4.24,concrete
roundhouse,4.24,concrete
scabies,4.24,concrete
scientist,4.24,concrete
scoutmaster,4.24,concrete
sequin,4.24,concrete
springboard,4.24,concrete
streaker,4.24,concrete
suede,4.24,concrete
tablespoonful,4.24,concrete
throttle,4.24,concrete
townswoman,4.24,concrete
uncle,4.24,concrete
vaccination,4.24,concrete
villager,4.24,concrete
wound,4.24,concrete
cycling,4.24,concrete
knock,4.24,concrete
sweating,4.24,concrete
watering,4.24,concrete
armhole,4.24,concrete
blood test,4.24,concrete
bolo tie,4.24,concrete
city council,4.24,concrete
decimal point,4.24,concrete
drawing board,4.24,concrete
inkstand,4.24,concrete
insurance policy,4.24,concrete
madame,4.24,concrete
plasterwork,4.24,concrete
steelmaker,4.24,concrete
swordstick,4.24,concrete
upholster,4.24,concrete
civilian,4.25,concrete
handmade,4.25,concrete
marine,4.25,concrete
octagonal,4.25,concrete
quilted,4.25,concrete
snowy,4.25,concrete
unshaved,4.25,concrete
outside,4.25,concrete
airman,4.25,concrete
plowman,4.25,concrete
thunderbird,4.25,concrete
acid,4.25,concrete
antacid,4.25,concrete
antiperspirant,4.25,concrete
appendix,4.25,concrete
bandmaster,4.25,concrete
birthstone,4.25,concrete
blockade,4.25,concrete
bottom,4.25,concrete
cookout,4.25,concrete
coolant,4.25,concrete
countrywoman,4.25,concrete
currency,4.25,concrete
decapitation,4.25,concrete
directory,4.25,concrete
editor,4.25,concrete
foxtrot,4.25,concrete
girlfriend,4.25,concrete
gyroscope,4.25,concrete
huckleberry,4.25,concrete
humidifier,4.25,concrete
machine,4.25,concrete
magnetometer,4.25,concrete
memo,4.25,concrete
mutton,4.25,concrete
physiologist,4.25,concrete
pike,4.25,concrete
punt,4.25,concrete
pushcart,4.25,concrete
samba,4.25,concrete
smallpox,4.25,concrete
spark,4.25,concrete
stonework,4.25,concrete
tag,4.25,concrete
tomboy,4.25,concrete
urchin,4.25,concrete
visitor,4.25,concrete
wiretap,4.25,concrete
workspace,4.25,concrete
buttress,4.25,concrete
clench,4.25,concrete
juggling,4.25,concrete
amniotic fluid,4.25,concrete
bronchia,4.25,concrete
distress signal,4.25,concrete
flow chart,4.25,concrete
jump shot,4.25,concrete
law court,4.25,concrete
mastercard,4.25,concrete
music school,4.25,concrete
postal service,4.25,concrete
pricelist,4.25,concrete
real estate,4.25,concrete
sailplane,4.25,concrete
savings account,4.25,concrete
side dish,4.25,concrete
smart card,4.25,concrete
teeterboard,4.25,concrete
toss out,4.25,concrete
traffic jam,4.25,concrete
tv station,4.25,concrete
wildfowl,4.25,concrete
bloodshot,4.26,concrete
thorny,4.26,concrete
toothless,4.26,concrete
bellflower,4.26,concrete
snowfield,4.26,concrete
appendage,4.26,concrete
applicator,4.26,concrete
author,4.26,concrete
bloomers,4.26,concrete
blossom,4.26,concrete
browser,4.26,concrete
bullion,4.26,concrete
cashbook,4.26,concrete
chief,4.26,concrete
childbed,4.26,concrete
conductor,4.26,concrete
corrosion,4.26,concrete
councilman,4.26,concrete
curveball,4.26,concrete
doggy,4.26,concrete
drake,4.26,concrete
fang,4.26,concrete
field,4.26,concrete
flipper,4.26,concrete
goods,4.26,concrete
grandchild,4.26,concrete
hacienda,4.26,concrete
headcheese,4.26,concrete
hostage,4.26,concrete
houseboy,4.26,concrete
instructor,4.26,concrete
italics,4.26,concrete
loon,4.26,concrete
loop,4.26,concrete
material,4.26,concrete
micrometer,4.26,concrete
mosaic,4.26,concrete
newscast,4.26,concrete
newsman,4.26,concrete
panel,4.26,concrete
paparazzo,4.26,concrete
physicist,4.26,concrete
porn,4.26,concrete
props,4.26,concrete
pueblo,4.26,concrete
racket,4.26,concrete
supervisor,4.26,concrete
surface,4.26,concrete
thicket,4.26,concrete
tiller,4.26,concrete
tranquilizers,4.26,concrete
valet,4.26,concrete
wildlife,4.26,concrete
glassmaking,4.26,concrete
punctured,4.26,concrete
slouching,4.26,concrete
swipe,4.26,concrete
wrapped,4.26,concrete
booby trap,4.26,concrete
cabinetwork,4.26,concrete
cha cha,4.26,concrete
choirmaster,4.26,concrete
exclamation mark,4.26,concrete
foster mother,4.26,concrete
front end,4.26,concrete
grand jury,4.26,concrete
heptagon,4.26,concrete
internet site,4.26,concrete
paperboard,4.26,concrete
quartzite,4.26,concrete
road show,4.26,concrete
sawtooth,4.26,concrete
starflower,4.26,concrete
gunmetal,4.27,concrete
carver,4.27,concrete
alternator,4.27,concrete
anesthesiologist,4.27,concrete
artilleryman,4.27,concrete
astronomer,4.27,concrete
bedmate,4.27,concrete
beerhouse,4.27,concrete
bong,4.27,concrete
boutique,4.27,concrete
breaststroke,4.27,concrete
bridle,4.27,concrete
brushstroke,4.27,concrete
chevron,4.27,concrete
cockpit,4.27,concrete
crouch,4.27,concrete
dowel,4.27,concrete
filament,4.27,concrete
haircutting,4.27,concrete
holograph,4.27,concrete
hubby,4.27,concrete
insignia,4.27,concrete
instrument,4.27,concrete
karaoke,4.27,concrete
knoll,4.27,concrete
laundrywoman,4.27,concrete
mallard,4.27,concrete
metronome,4.27,concrete
mugger,4.27,concrete
nitroglycerine,4.27,concrete
panfry,4.27,concrete
pathologist,4.27,concrete
peelings,4.27,concrete
phosphorus,4.27,concrete
poison,4.27,concrete
pollywog,4.27,concrete
seacoast,4.27,concrete
seawall,4.27,concrete
serum,4.27,concrete
sinus,4.27,concrete
storywriter,4.27,concrete
swat,4.27,concrete
taxidermist,4.27,concrete
teaspoonful,4.27,concrete
terrain,4.27,concrete
umpire,4.27,concrete
warden,4.27,concrete
zirconium,4.27,concrete
crawl,4.27,concrete
gurgling,4.27,concrete
running,4.27,concrete
shaking,4.27,concrete
bank statement,4.27,concrete
electric shock,4.27,concrete
hand pump,4.27,concrete
hate mail,4.27,concrete
inside out,4.27,concrete
medical care,4.27,concrete
nursing school,4.27,concrete
phone line,4.27,concrete
private parts,4.27,concrete
road construction,4.27,concrete
rockstar,4.27,concrete
snowpack,4.27,concrete
abdominal,4.28,concrete
bobsledder,4.28,concrete
nude,4.28,concrete
shoeless,4.28,concrete
ambassador,4.28,concrete
archway,4.28,concrete
blaze,4.28,concrete
brie,4.28,concrete
calligrapher,4.28,concrete
casing,4.28,concrete
chaperone,4.28,concrete
clerk,4.28,concrete
coworker,4.28,concrete
delicatessen,4.28,concrete
engraving,4.28,concrete
entree,4.28,concrete
gear,4.28,concrete
groundsheet,4.28,concrete
hammerhead,4.28,concrete
handclap,4.28,concrete
helmsman,4.28,concrete
jujitsu,4.28,concrete
laborer,4.28,concrete
lacquer,4.28,concrete
lacrosse,4.28,concrete
lad,4.28,concrete
lark,4.28,concrete
leak,4.28,concrete
lifesaver,4.28,concrete
logroller,4.28,concrete
lynching,4.28,concrete
marketplace,4.28,concrete
marshland,4.28,concrete
microbiologist,4.28,concrete
niece,4.28,concrete
ninja,4.28,concrete
opera,4.28,concrete
overbite,4.28,concrete
parlor,4.28,concrete
pathway,4.28,concrete
peashooter,4.28,concrete
polymer,4.28,concrete
prostitute,4.28,concrete
salespeople,4.28,concrete
screenwriter,4.28,concrete
seascape,4.28,concrete
semiconductor,4.28,concrete
spanking,4.28,concrete
sparerib,4.28,concrete
steersman,4.28,concrete
thunderbolt,4.28,concrete
torchlight,4.28,concrete
troll,4.28,concrete
tutor,4.28,concrete
whiteout,4.28,concrete
inject,4.28,concrete
leaping,4.28,concrete
tackle,4.28,concrete
unlocking,4.28,concrete
breast cancer,4.28,concrete
carriageway,4.28,concrete
cover girl,4.28,concrete
easter bunny,4.28,concrete
fire brigade,4.28,concrete
football league,4.28,concrete
knitwork,4.28,concrete
line dancing,4.28,concrete
new moon,4.28,concrete
piano tuner,4.28,concrete
private eye,4.28,concrete
south pole,4.28,concrete
spiderman,4.28,concrete
webmanager,4.28,concrete
capillary,4.29,concrete
dark,4.29,concrete
decimal,4.29,concrete
freshwater,4.29,concrete
pimpled,4.29,concrete
pygmy,4.29,concrete
redheaded,4.29,concrete
wrinkled,4.29,concrete
digger,4.29,concrete
lakeside,4.29,concrete
weaver,4.29,concrete
academy,4.29,concrete
airbase,4.29,concrete
alloy,4.29,concrete
applause,4.29,concrete
arsenic,4.29,concrete
audience,4.29,concrete
autopsy,4.29,concrete
border,4.29,concrete
chord,4.29,concrete
coonhound,4.29,concrete
cowhand,4.29,concrete
dad,4.29,concrete
dictator,4.29,concrete
dividers,4.29,concrete
duckweed,4.29,concrete
gas,4.29,concrete
hermit,4.29,concrete
hull,4.29,concrete
juror,4.29,concrete
kibble,4.29,concrete
kidnapper,4.29,concrete
landowner,4.29,concrete
modem,4.29,concrete
momma,4.29,concrete
newswoman,4.29,concrete
nutshell,4.29,concrete
oxen,4.29,concrete
petrol,4.29,concrete
pita,4.29,concrete
repairer,4.29,concrete
scythe,4.29,concrete
seating,4.29,concrete
slab,4.29,concrete
sprig,4.29,concrete
starch,4.29,concrete
stationery,4.29,concrete
swastika,4.29,concrete
tan,4.29,concrete
tap,4.29,concrete
terracotta,4.29,concrete
toddler,4.29,concrete
underclothing,4.29,concrete
uranium,4.29,concrete
watchdog,4.29,concrete
wetland,4.29,concrete
wrecker,4.29,concrete
xylophonist,4.29,concrete
knocking,4.29,concrete
muscled,4.29,concrete
walking,4.29,concrete
wheeze,4.29,concrete
clubfooted,4.29,concrete
cut into,4.29,concrete
dayroom,4.29,concrete
dockhand,4.29,concrete
electrical engineer,4.29,concrete
fiberboard,4.29,concrete
handgrip,4.29,concrete
handwoven,4.29,concrete
light beam,4.29,concrete
mardi gras,4.29,concrete
rainy day,4.29,concrete
scratch out,4.29,concrete
stock exchange,4.29,concrete
undercover agent,4.29,concrete
water polo,4.29,concrete
webbrowser,4.29,concrete
woodenware,4.29,concrete
euro,4.3,concrete
giant,4.3,concrete
yellow,4.3,concrete
finch,4.3,concrete
jack,4.3,concrete
phoenix,4.3,concrete
alleyway,4.3,concrete
arches,4.3,concrete
athlete,4.3,concrete
bale,4.3,concrete
brigade,4.3,concrete
bunk,4.3,concrete
bushel,4.3,concrete
caveman,4.3,concrete
centerpieces,4.3,concrete
chef,4.3,concrete
clipper,4.3,concrete
clips,4.3,concrete
cop,4.3,concrete
devilfish,4.3,concrete
echocardiogram,4.3,concrete
elf,4.3,concrete
emblem,4.3,concrete
entranceway,4.3,concrete
exerciser,4.3,concrete
fawn,4.3,concrete
feast,4.3,concrete
fishing,4.3,concrete
frame,4.3,concrete
fuel,4.3,concrete
golfing,4.3,concrete
grandson,4.3,concrete
grip,4.3,concrete
grocer,4.3,concrete
growl,4.3,concrete
hardtop,4.3,concrete
homeroom,4.3,concrete
horseman,4.3,concrete
investor,4.3,concrete
jaundice,4.3,concrete
laminator,4.3,concrete
mama,4.3,concrete
mercenary,4.3,concrete
miner,4.3,concrete
mite,4.3,concrete
mortician,4.3,concrete
negro,4.3,concrete
nightie,4.3,concrete
palette,4.3,concrete
parachutist,4.3,concrete
paw,4.3,concrete
plasterer,4.3,concrete
plutonium,4.3,concrete
post,4.3,concrete
protestor,4.3,concrete
pulp,4.3,concrete
rattrap,4.3,concrete
reflector,4.3,concrete
resort,4.3,concrete
sextant,4.3,concrete
shipwreck,4.3,concrete
silo,4.3,concrete
spectrogram,4.3,concrete
stack,4.3,concrete
steelworks,4.3,concrete
stenographer,4.3,concrete
stinger,4.3,concrete
subsoil,4.3,concrete
taxis,4.3,concrete
thug,4.3,concrete
tigress,4.3,concrete
token,4.3,concrete
trap,4.3,concrete
wicker,4.3,concrete
wrinkle,4.3,concrete
zoologist,4.3,concrete
absinthe,4.3,concrete
bleeding,4.3,concrete
charbroil,4.3,concrete
dancing,4.3,concrete
escort,4.3,concrete
hunchbacked,4.3,concrete
scratching,4.3,concrete
shaved,4.3,concrete
squint,4.3,concrete
ball game,4.3,concrete
bank account,4.3,concrete
bar graph,4.3,concrete
bicycle race,4.3,concrete
central heating,4.3,concrete
crosshair,4.3,concrete
cymbalist,4.3,concrete
dancehall,4.3,concrete
fullscreen,4.3,concrete
head teacher,4.3,concrete
hen house,4.3,concrete
home buyer,4.3,concrete
horserace,4.3,concrete
patrolwoman,4.3,concrete
portrait painter,4.3,concrete
snake charmer,4.3,concrete
spare parts,4.3,concrete
sweetmeat,4.3,concrete
underskirt,4.3,concrete
waterweed,4.3,concrete
word game,4.3,concrete
acrylic,4.31,concrete
bottled,4.31,concrete
hot,4.31,concrete
sunlit,4.31,concrete
backstage,4.31,concrete
capitol,4.31,concrete
hutch,4.31,concrete
napoleon,4.31,concrete
alphabet,4.31,concrete
artillery,4.31,concrete
bass,4.31,concrete
bridgework,4.31,concrete
butane,4.31,concrete
causeway,4.31,concrete
cellist,4.31,concrete
chairlady,4.31,concrete
chairman,4.31,concrete
choker,4.31,concrete
cleft,4.31,concrete
commander,4.31,concrete
constellation,4.31,concrete
court,4.31,concrete
daytime,4.31,concrete
furnishings,4.31,concrete
goop,4.31,concrete
grocery,4.31,concrete
hiccup,4.31,concrete
hockey,4.31,concrete
hornpipe,4.31,concrete
housemate,4.31,concrete
implant,4.31,concrete
lapdog,4.31,concrete
leaflet,4.31,concrete
letterhead,4.31,concrete
lunch,4.31,concrete
mainland,4.31,concrete
merchant,4.31,concrete
music,4.31,concrete
obstetrician,4.31,concrete
outdoorsman,4.31,concrete
outlet,4.31,concrete
overhang,4.31,concrete
panelist,4.31,concrete
perm,4.31,concrete
plateau,4.31,concrete
porthole,4.31,concrete
pregnancy,4.31,concrete
pump,4.31,concrete
robber,4.31,concrete
rocker,4.31,concrete
shop,4.31,concrete
smuggler,4.31,concrete
stewardess,4.31,concrete
sultan,4.31,concrete
sweeper,4.31,concrete
torturer,4.31,concrete
track,4.31,concrete
trainer,4.31,concrete
trigger,4.31,concrete
watercress,4.31,concrete
whirlybird,4.31,concrete
cum,4.31,concrete
bootstrap,4.31,concrete
ejaculate,4.31,concrete
gargle,4.31,concrete
gurgle,4.31,concrete
kneel,4.31,concrete
plowing,4.31,concrete
run,4.31,concrete
sliced,4.31,concrete
vomiting,4.31,concrete
army officer,4.31,concrete
balance sheet,4.31,concrete
blot out,4.31,concrete
bondswoman,4.31,concrete
cable television,4.31,concrete
centerstage,4.31,concrete
chronologist,4.31,concrete
gold mine,4.31,concrete
irrigator,4.31,concrete
legume,4.31,concrete
packager,4.31,concrete
public servant,4.31,concrete
red card,4.31,concrete
rinse off,4.31,concrete
ski run,4.31,concrete
Vice President,4.31,concrete
vice squad,4.31,concrete
water vapor,4.31,concrete
grassy,4.32,concrete
muddy,4.32,concrete
mustached,4.32,concrete
rainy,4.32,concrete
roundtable,4.32,concrete
uncircumcised,4.32,concrete
ascot,4.32,concrete
savanna,4.32,concrete
accelerator,4.32,concrete
avalanche,4.32,concrete
bachelor,4.32,concrete
baklava,4.32,concrete
bottlenose,4.32,concrete
caddy,4.32,concrete
calligraphy,4.32,concrete
cinematographer,4.32,concrete
classmate,4.32,concrete
clicker,4.32,concrete
cyanide,4.32,concrete
drapery,4.32,concrete
dungeon,4.32,concrete
fireball,4.32,concrete
foal,4.32,concrete
glider,4.32,concrete
grillwork,4.32,concrete
hunchback,4.32,concrete
judo,4.32,concrete
loft,4.32,concrete
methane,4.32,concrete
oilskin,4.32,concrete
ophthalmologist,4.32,concrete
picnicker,4.32,concrete
pooch,4.32,concrete
pullover,4.32,concrete
rapist,4.32,concrete
ringmaster,4.32,concrete
sherry,4.32,concrete
shoplifter,4.32,concrete
skier,4.32,concrete
smirk,4.32,concrete
smokehouse,4.32,concrete
snapdragon,4.32,concrete
socket,4.32,concrete
sportswoman,4.32,concrete
squat,4.32,concrete
station,4.32,concrete
stepsister,4.32,concrete
stockbroker,4.32,concrete
swampland,4.32,concrete
talc,4.32,concrete
thumbscrew,4.32,concrete
transceiver,4.32,concrete
treasure,4.32,concrete
urination,4.32,concrete
writer,4.32,concrete
bookend,4.32,concrete
clapping,4.32,concrete
cook,4.32,concrete
dance,4.32,concrete
hail,4.32,concrete
mow,4.32,concrete
oxblood,4.32,concrete
scream,4.32,concrete
smoking,4.32,concrete
stitch,4.32,concrete
unbuttoned,4.32,concrete
weightlifting,4.32,concrete
bannister,4.32,concrete
bargraph,4.32,concrete
boatwoman,4.32,concrete
boy scout,4.32,concrete
cesarean section,4.32,concrete
dry mouth,4.32,concrete
fanlight,4.32,concrete
field hospital,4.32,concrete
foreign office,4.32,concrete
fuel cell,4.32,concrete
groundcover,4.32,concrete
hot pants,4.32,concrete
hot potato,4.32,concrete
jawline,4.32,concrete
mudguard,4.32,concrete
nosepiece,4.32,concrete
ropewalk,4.32,concrete
scrollbar,4.32,concrete
tribal chief,4.32,concrete
wipe off,4.32,concrete
word processor,4.32,concrete
barefooted,4.33,concrete
hashish,4.33,concrete
jeweled,4.33,concrete
mummified,4.33,concrete
paralegal,4.33,concrete
pleated,4.33,concrete
puffy,4.33,concrete
back,4.33,concrete
upstairs,4.33,concrete
brewer,4.33,concrete
fanny,4.33,concrete
gill,4.33,concrete
preschooler,4.33,concrete
article,4.33,concrete
backstairs,4.33,concrete
blacksnake,4.33,concrete
blowjob,4.33,concrete
boater,4.33,concrete
bowels,4.33,concrete
breastbone,4.33,concrete
briefs,4.33,concrete
cartoon,4.33,concrete
cellulose,4.33,concrete
chaplain,4.33,concrete
chromium,4.33,concrete
committeewoman,4.33,concrete
contortionist,4.33,concrete
controller,4.33,concrete
cottonwood,4.33,concrete
cursor,4.33,concrete
dunghill,4.33,concrete
epinephrine,4.33,concrete
festival,4.33,concrete
frostbite,4.33,concrete
granddad,4.33,concrete
graveside,4.33,concrete
gully,4.33,concrete
hauler,4.33,concrete
insulation,4.33,concrete
jackknife,4.33,concrete
jetliner,4.33,concrete
kayaker,4.33,concrete
lady,4.33,concrete
leaseholder,4.33,concrete
leech,4.33,concrete
ligament,4.33,concrete
marmot,4.33,concrete
matador,4.33,concrete
medalist,4.33,concrete
mixer,4.33,concrete
paddleball,4.33,concrete
phrasebook,4.33,concrete
politician,4.33,concrete
postmark,4.33,concrete
psychologist,4.33,concrete
rugby,4.33,concrete
savannah,4.33,concrete
seabed,4.33,concrete
shit,4.33,concrete
signalman,4.33,concrete
silicone,4.33,concrete
slobber,4.33,concrete
songwriter,4.33,concrete
square,4.33,concrete
stepchild,4.33,concrete
streetwalker,4.33,concrete
superhighway,4.33,concrete
supermodel,4.33,concrete
tsunami,4.33,concrete
walkway,4.33,concrete
watercolor,4.33,concrete
widow,4.33,concrete
winemaker,4.33,concrete
me,4.33,concrete
choking,4.33,concrete
circumcised,4.33,concrete
crocheting,4.33,concrete
dig,4.33,concrete
flab,4.33,concrete
kick,4.33,concrete
leisurewear,4.33,concrete
rub,4.33,concrete
thrown,4.33,concrete
whisk,4.33,concrete
wrestle,4.33,concrete
biochip,4.33,concrete
book fair,4.33,concrete
card game,4.33,concrete
catch fire,4.33,concrete
coastland,4.33,concrete
cowcatcher,4.33,concrete
factory worker,4.33,concrete
glassblower,4.33,concrete
home run,4.33,concrete
license number,4.33,concrete
mailing list,4.33,concrete
microfossil,4.33,concrete
police academy,4.33,concrete
pondweed,4.33,concrete
rubberstamp,4.33,concrete
serving dish,4.33,concrete
shipmaster,4.33,concrete
sign language,4.33,concrete
street fighter,4.33,concrete
sunday school,4.33,concrete
tailpiece,4.33,concrete
ticktacktoe,4.33,concrete
tour guide,4.33,concrete
triathlete,4.33,concrete
video recording,4.33,concrete
frozen,4.34,concrete
airway,4.34,concrete
blowhole,4.34,concrete
boner,4.34,concrete
choir,4.34,concrete
clockmaker,4.34,concrete
clone,4.34,concrete
conquistador,4.34,concrete
continent,4.34,concrete
coroner,4.34,concrete
decoy,4.34,concrete
greenery,4.34,concrete
gunfighter,4.34,concrete
handshaking,4.34,concrete
hickory,4.34,concrete
landscape,4.34,concrete
lecturer,4.34,concrete
mate,4.34,concrete
microwave,4.34,concrete
parasite,4.34,concrete
passenger,4.34,concrete
psychiatrist,4.34,concrete
residence,4.34,concrete
root,4.34,concrete
shackle,4.34,concrete
shroud,4.34,concrete
soundtrack,4.34,concrete
staple,4.34,concrete
starlight,4.34,concrete
surgery,4.34,concrete
teenager,4.34,concrete
thunder,4.34,concrete
troop,4.34,concrete
waistline,4.34,concrete
whaler,4.34,concrete
burp,4.34,concrete
sing,4.34,concrete
strangle,4.34,concrete
swab,4.34,concrete
whisper,4.34,concrete
winking,4.34,concrete
battle flag,4.34,concrete
board member,4.34,concrete
civil engineer,4.34,concrete
hard copy,4.34,concrete
line drawing,4.34,concrete
photofinisher,4.34,concrete
small print,4.34,concrete
cheerio,4.35,concrete
adhesive,4.35,concrete
aisle,4.35,concrete
amber,4.35,concrete
bayberry,4.35,concrete
birthmark,4.35,concrete
broadcaster,4.35,concrete
businesswoman,4.35,concrete
camp,4.35,concrete
chemotherapy,4.35,concrete
clef,4.35,concrete
compasses,4.35,concrete
concert,4.35,concrete
condominium,4.35,concrete
dick,4.35,concrete
dogcatcher,4.35,concrete
emperor,4.35,concrete
fingerboard,4.35,concrete
gallows,4.35,concrete
gunner,4.35,concrete
hologram,4.35,concrete
logjam,4.35,concrete
lotus,4.35,concrete
meadowlark,4.35,concrete
monk,4.35,concrete
pallbearer,4.35,concrete
poolroom,4.35,concrete
powderpuff,4.35,concrete
roadster,4.35,concrete
shaver,4.35,concrete
submariner,4.35,concrete
sweathouse,4.35,concrete
willow,4.35,concrete
winery,4.35,concrete
yachtsman,4.35,concrete
rawhide,4.35,concrete
wash,4.35,concrete
air force,4.35,concrete
beestings,4.35,concrete
clubroom,4.35,concrete
dairymaid,4.35,concrete
heating system,4.35,concrete
labrador,4.35,concrete
leatherworker,4.35,concrete
rap music,4.35,concrete
safety net,4.35,concrete
youtube,4.35,concrete
beardless,4.36,concrete
indigo,4.36,concrete
acrobatics,4.36,concrete
amphitheater,4.36,concrete
armory,4.36,concrete
bandit,4.36,concrete
bloodworm,4.36,concrete
booty,4.36,concrete
breath,4.36,concrete
buyer,4.36,concrete
catalogue,4.36,concrete
chalet,4.36,concrete
copperplate,4.36,concrete
cough,4.36,concrete
coverall,4.36,concrete
crew,4.36,concrete
denims,4.36,concrete
diagram,4.36,concrete
digs,4.36,concrete
ember,4.36,concrete
feeder,4.36,concrete
fjord,4.36,concrete
flake,4.36,concrete
flier,4.36,concrete
gunboat,4.36,concrete
housekeeper,4.36,concrete
hump,4.36,concrete
illustration,4.36,concrete
infantryman,4.36,concrete
landslide,4.36,concrete
ledger,4.36,concrete
legionnaire,4.36,concrete
linseed,4.36,concrete
maraschino,4.36,concrete
mayflower,4.36,concrete
mincemeat,4.36,concrete
orifice,4.36,concrete
pedicure,4.36,concrete
penthouse,4.36,concrete
pockmark,4.36,concrete
poet,4.36,concrete
quadriceps,4.36,concrete
quadruplet,4.36,concrete
receptionist,4.36,concrete
risotto,4.36,concrete
scrapheap,4.36,concrete
shakers,4.36,concrete
shepherdess,4.36,concrete
snack,4.36,concrete
spigot,4.36,concrete
staff,4.36,concrete
stalagmite,4.36,concrete
subbasement,4.36,concrete
timepiece,4.36,concrete
triplet,4.36,concrete
turnstile,4.36,concrete
ventricle,4.36,concrete
watchmaker,4.36,concrete
woodshop,4.36,concrete
world,4.36,concrete
braided,4.36,concrete
sneezing,4.36,concrete
tiptoeing,4.36,concrete
bar chart,4.36,concrete
chipmaker,4.36,concrete
christmas gift,4.36,concrete
cordon bleu,4.36,concrete
dairywoman,4.36,concrete
desk officer,4.36,concrete
drumhead,4.36,concrete
fence line,4.36,concrete
fig leaf,4.36,concrete
hoofmark,4.36,concrete
houseroom,4.36,concrete
light source,4.36,concrete
nailfile,4.36,concrete
postbag,4.36,concrete
purchase order,4.36,concrete
roundworm,4.36,concrete
sales staff,4.36,concrete
sandpit,4.36,concrete
snakefish,4.36,concrete
soap opera,4.36,concrete
stealth bomber,4.36,concrete
woodworker,4.36,concrete
bloodstained,4.37,concrete
flatbed,4.37,concrete
joint,4.37,concrete
preschool,4.37,concrete
badger,4.37,concrete
bunkhouse,4.37,concrete
caddie,4.37,concrete
caravan,4.37,concrete
carmaker,4.37,concrete
caseworker,4.37,concrete
caterer,4.37,concrete
clip,4.37,concrete
composer,4.37,concrete
electronics,4.37,concrete
fluoride,4.37,concrete
footpad,4.37,concrete
footprint,4.37,concrete
foreman,4.37,concrete
fumigator,4.37,concrete
fuzz,4.37,concrete
gag,4.37,concrete
granddaughter,4.37,concrete
groundwater,4.37,concrete
igniter,4.37,concrete
inch,4.37,concrete
insulin,4.37,concrete
investigator,4.37,concrete
invoice,4.37,concrete
jailhouse,4.37,concrete
jambalaya,4.37,concrete
laryngitis,4.37,concrete
mayor,4.37,concrete
microfilm,4.37,concrete
nook,4.37,concrete
paramedics,4.37,concrete
pastor,4.37,concrete
pawnbroker,4.37,concrete
peepshow,4.37,concrete
pennant,4.37,concrete
pigpen,4.37,concrete
pilothouse,4.37,concrete
pine,4.37,concrete
postage,4.37,concrete
puffball,4.37,concrete
quarry,4.37,concrete
rapper,4.37,concrete
roadhouse,4.37,concrete
sap,4.37,concrete
sibling,4.37,concrete
spitball,4.37,concrete
suppository,4.37,concrete
sweatband,4.37,concrete
thief,4.37,concrete
topaz,4.37,concrete
transmitter,4.37,concrete
urethra,4.37,concrete
vestibule,4.37,concrete
web,4.37,concrete
wheelie,4.37,concrete
whimper,4.37,concrete
womb,4.37,concrete
fry,4.37,concrete
horsewhip,4.37,concrete
lodging,4.37,concrete
squatting,4.37,concrete
stall,4.37,concrete
carbon copy,4.37,concrete
hindquarter,4.37,concrete
honeypot,4.37,concrete
housepainter,4.37,concrete
line coach,4.37,concrete
mug shot,4.37,concrete
nose job,4.37,concrete
parasail,4.37,concrete
quintuplet,4.37,concrete
reverse gear,4.37,concrete
self-rising flour,4.37,concrete
shampooer,4.37,concrete
shorebird,4.37,concrete
television program,4.37,concrete
typescript,4.37,concrete
feline,4.38,concrete
undercooked,4.38,concrete
vertebrate,4.38,concrete
foothill,4.38,concrete
patty,4.38,concrete
bangle,4.38,concrete
beacon,4.38,concrete
blacksmith,4.38,concrete
boob,4.38,concrete
bouncer,4.38,concrete
braid,4.38,concrete
cataract,4.38,concrete
centrifuge,4.38,concrete
corsage,4.38,concrete
dew,4.38,concrete
doorkeeper,4.38,concrete
filmmaker,4.38,concrete
glycerol,4.38,concrete
goblin,4.38,concrete
griddle,4.38,concrete
groundskeeper,4.38,concrete
handset,4.38,concrete
harem,4.38,concrete
hatband,4.38,concrete
hearth,4.38,concrete
heron,4.38,concrete
jade,4.38,concrete
lakeshore,4.38,concrete
lesion,4.38,concrete
lighting,4.38,concrete
loin,4.38,concrete
looter,4.38,concrete
mariner,4.38,concrete
mathematician,4.38,concrete
mechanic,4.38,concrete
millimeter,4.38,concrete
neuropsychologist,4.38,concrete
origami,4.38,concrete
oriole,4.38,concrete
ovum,4.38,concrete
pant,4.38,concrete
playbook,4.38,concrete
potion,4.38,concrete
projectile,4.38,concrete
puffin,4.38,concrete
romaine,4.38,concrete
rook,4.38,concrete
salesperson,4.38,concrete
saltine,4.38,concrete
shred,4.38,concrete
shutter,4.38,concrete
silversmith,4.38,concrete
slave,4.38,concrete
sleepwalker,4.38,concrete
superstore,4.38,concrete
teat,4.38,concrete
teller,4.38,concrete
tinsmith,4.38,concrete
tote,4.38,concrete
tubing,4.38,concrete
tungsten,4.38,concrete
turnpike,4.38,concrete
visa,4.38,concrete
wrestling,4.38,concrete
wristlet,4.38,concrete
curl,4.38,concrete
flooding,4.38,concrete
kneeling,4.38,concrete
towing,4.38,concrete
usher,4.38,concrete
chess player,4.38,concrete
chihuahua,4.38,concrete
chimney sweep,4.38,concrete
coralroot,4.38,concrete
crewmate,4.38,concrete
dropbox,4.38,concrete
facebook,4.38,concrete
hitman,4.38,concrete
landform,4.38,concrete
masked ball,4.38,concrete
picketer,4.38,concrete
relay race,4.38,concrete
repair shop,4.38,concrete
security guard,4.38,concrete
skeleton key,4.38,concrete
soundboard,4.38,concrete
tap dancing,4.38,concrete
television station,4.38,concrete
tradesperson,4.38,concrete
newborn,4.39,concrete
downtown,4.39,concrete
nighthawk,4.39,concrete
skipper,4.39,concrete
ballgame,4.39,concrete
batwing,4.39,concrete
bellboy,4.39,concrete
beluga,4.39,concrete
bluebonnet,4.39,concrete
bridegroom,4.39,concrete
brow,4.39,concrete
bungee,4.39,concrete
charger,4.39,concrete
chateau,4.39,concrete
cleric,4.39,concrete
compressor,4.39,concrete
crewman,4.39,concrete
dragon,4.39,concrete
earnings,4.39,concrete
gash,4.39,concrete
grandpa,4.39,concrete
gumbo,4.39,concrete
gynecologist,4.39,concrete
harpooner,4.39,concrete
headstone,4.39,concrete
jackal,4.39,concrete
lithograph,4.39,concrete
lockbox,4.39,concrete
maidservant,4.39,concrete
manicure,4.39,concrete
masseur,4.39,concrete
netting,4.39,concrete
nurse,4.39,concrete
percolator,4.39,concrete
pinkie,4.39,concrete
punch,4.39,concrete
quartet,4.39,concrete
sailcloth,4.39,concrete
scale,4.39,concrete
scriptwriter,4.39,concrete
sparks,4.39,concrete
stag,4.39,concrete
steps,4.39,concrete
talker,4.39,concrete
tenderloin,4.39,concrete
undershorts,4.39,concrete
windsock,4.39,concrete
wrapper,4.39,concrete
yourself,4.39,concrete
blink,4.39,concrete
boiling,4.39,concrete
carjack,4.39,concrete
chauffer,4.39,concrete
molding,4.39,concrete
snore,4.39,concrete
beer belly,4.39,concrete
cabinetmaker,4.39,concrete
crew cut,4.39,concrete
fast food,4.39,concrete
flatten out,4.39,concrete
hot rod,4.39,concrete
morning star,4.39,concrete
pole dancing,4.39,concrete
press release,4.39,concrete
scorebook,4.39,concrete
screen saver,4.39,concrete
sonic boom,4.39,concrete
prosthetic,4.4,concrete
roast,4.4,concrete
tartar,4.4,concrete
steed,4.4,concrete
tong,4.4,concrete
adult,4.4,concrete
aircraft,4.4,concrete
alehouse,4.4,concrete
azalea,4.4,concrete
bedroll,4.4,concrete
brownstone,4.4,concrete
chambermaid,4.4,concrete
cocktail,4.4,concrete
coral,4.4,concrete
drill,4.4,concrete
dust,4.4,concrete
gashes,4.4,concrete
hardwood,4.4,concrete
librarian,4.4,concrete
logo,4.4,concrete
magnifier,4.4,concrete
midget,4.4,concrete
mom,4.4,concrete
oilcloth,4.4,concrete
pigment,4.4,concrete
piping,4.4,concrete
president,4.4,concrete
sewing,4.4,concrete
stub,4.4,concrete
warlord,4.4,concrete
waterline,4.4,concrete
waterway,4.4,concrete
winch,4.4,concrete
zinc,4.4,concrete
bleed,4.4,concrete
chime,4.4,concrete
dusting,4.4,concrete
tapping,4.4,concrete
artbook,4.4,concrete
backlight,4.4,concrete
basinet,4.4,concrete
basketball team,4.4,concrete
blood clot,4.4,concrete
bullseye,4.4,concrete
knifeboard,4.4,concrete
power station,4.4,concrete
rock star,4.4,concrete
sandfish,4.4,concrete
stylebook,4.4,concrete
beaded,4.41,concrete
blond,4.41,concrete
soapy,4.41,concrete
woodcutting,4.41,concrete
carpenter,4.41,concrete
curly,4.41,concrete
hunter,4.41,concrete
mountaineer,4.41,concrete
woodhouse,4.41,concrete
accountant,4.41,concrete
albino,4.41,concrete
asylum,4.41,concrete
ballpoint,4.41,concrete
barrier,4.41,concrete
batter,4.41,concrete
biographer,4.41,concrete
blackfish,4.41,concrete
blush,4.41,concrete
bridesmaid,4.41,concrete
brunch,4.41,concrete
chairwoman,4.41,concrete
clasp,4.41,concrete
clothespin,4.41,concrete
coattail,4.41,concrete
crossroad,4.41,concrete
curve,4.41,concrete
daybed,4.41,concrete
distillery,4.41,concrete
document,4.41,concrete
dorm,4.41,concrete
espresso,4.41,concrete
file,4.41,concrete
flagstaff,4.41,concrete
flutist,4.41,concrete
geologist,4.41,concrete
glycerin,4.41,concrete
gristle,4.41,concrete
groomer,4.41,concrete
horseback,4.41,concrete
iodine,4.41,concrete
item,4.41,concrete
juniper,4.41,concrete
kickoff,4.41,concrete
lettering,4.41,concrete
lieutenant,4.41,concrete
lining,4.41,concrete
logos,4.41,concrete
marshal,4.41,concrete
mesh,4.41,concrete
mineral,4.41,concrete
mole,4.41,concrete
needlework,4.41,concrete
newsagent,4.41,concrete
nightcap,4.41,concrete
nights,4.41,concrete
paintwork,4.41,concrete
paneling,4.41,concrete
path,4.41,concrete
paycheck,4.41,concrete
pedestrian,4.41,concrete
pictograph,4.41,concrete
port,4.41,concrete
publication,4.41,concrete
riverfront,4.41,concrete
screenplay,4.41,concrete
seawater,4.41,concrete
shortcake,4.41,concrete
spackle,4.41,concrete
splinter,4.41,concrete
stickball,4.41,concrete
sting,4.41,concrete
turquoise,4.41,concrete
typist,4.41,concrete
wedge,4.41,concrete
windstorm,4.41,concrete
dropkick,4.41,concrete
floss,4.41,concrete
knit,4.41,concrete
shelve,4.41,concrete
splashing,4.41,concrete
stomp,4.41,concrete
big brother,4.41,concrete
call center,4.41,concrete
control panel,4.41,concrete
cropland,4.41,concrete
dial tone,4.41,concrete
disaster area,4.41,concrete
film star,4.41,concrete
geophysicist,4.41,concrete
loan shark,4.41,concrete
pen pal,4.41,concrete
production line,4.41,concrete
ready meal,4.41,concrete
shorefront,4.41,concrete
sports shirt,4.41,concrete
stegosaur,4.41,concrete
stepping stone,4.41,concrete
stoneworker,4.41,concrete
sulphuric acid,4.41,concrete
summer camp,4.41,concrete
television show,4.41,concrete
urinary tract,4.41,concrete
web browser,4.41,concrete
workpeople,4.41,concrete
headless,4.42,concrete
solid,4.42,concrete
walker,4.42,concrete
acetone,4.42,concrete
appendectomy,4.42,concrete
artwork,4.42,concrete
bellhop,4.42,concrete
blowpipe,4.42,concrete
booth,4.42,concrete
bricklayer,4.42,concrete
cabbie,4.42,concrete
clarinetist,4.42,concrete
clove,4.42,concrete
cuckoo,4.42,concrete
freighter,4.42,concrete
geisha,4.42,concrete
glasshouse,4.42,concrete
hermaphrodite,4.42,concrete
musician,4.42,concrete
newsboy,4.42,concrete
opal,4.42,concrete
paratroops,4.42,concrete
penitentiary,4.42,concrete
plantain,4.42,concrete
pore,4.42,concrete
prosthetics,4.42,concrete
rubbers,4.42,concrete
schnauzer,4.42,concrete
seaman,4.42,concrete
sideboard,4.42,concrete
skiing,4.42,concrete
spearman,4.42,concrete
stylus,4.42,concrete
sunbird,4.42,concrete
tang,4.42,concrete
thumbhole,4.42,concrete
tomcat,4.42,concrete
whistle,4.42,concrete
wrestler,4.42,concrete
yardman,4.42,concrete
goggle,4.42,concrete
dog show,4.42,concrete
footcloth,4.42,concrete
glassmaker,4.42,concrete
grayfish,4.42,concrete
harvestman,4.42,concrete
lapboard,4.42,concrete
lotus position,4.42,concrete
plexiglass,4.42,concrete
portabella,4.42,concrete
ropewalker,4.42,concrete
webfoot,4.42,concrete
woodbin,4.42,concrete
workwoman,4.42,concrete
aquamarine,4.43,concrete
shirtless,4.43,concrete
downstairs,4.43,concrete
parkway,4.43,concrete
antibiotic,4.43,concrete
assassin,4.43,concrete
baggage,4.43,concrete
ballpark,4.43,concrete
banker,4.43,concrete
bedchamber,4.43,concrete
bodybuilder,4.43,concrete
bookseller,4.43,concrete
bracket,4.43,concrete
breakfast,4.43,concrete
bronzer,4.43,concrete
brook,4.43,concrete
brother,4.43,concrete
catapult,4.43,concrete
chauffeur,4.43,concrete
circus,4.43,concrete
citizen,4.43,concrete
clothing,4.43,concrete
cockfight,4.43,concrete
crematorium,4.43,concrete
crevice,4.43,concrete
engraver,4.43,concrete
entryway,4.43,concrete
excrement,4.43,concrete
firelight,4.43,concrete
fistfight,4.43,concrete
flannel,4.43,concrete
floodgate,4.43,concrete
flooring,4.43,concrete
gang,4.43,concrete
gauntlet,4.43,concrete
glitter,4.43,concrete
grounds,4.43,concrete
headwaiter,4.43,concrete
hem,4.43,concrete
housewife,4.43,concrete
kimono,4.43,concrete
lioness,4.43,concrete
list,4.43,concrete
lumberman,4.43,concrete
medic,4.43,concrete
minefield,4.43,concrete
moneylender,4.43,concrete
moonlight,4.43,concrete
nosebleed,4.43,concrete
oboe,4.43,concrete
octagon,4.43,concrete
orthodontist,4.43,concrete
oxcart,4.43,concrete
pad,4.43,concrete
papa,4.43,concrete
penicillin,4.43,concrete
peppermint,4.43,concrete
pharaoh,4.43,concrete
pilgrim,4.43,concrete
pint,4.43,concrete
polo,4.43,concrete
quarter,4.43,concrete
quiz,4.43,concrete
recipe,4.43,concrete
recorder,4.43,concrete
referee,4.43,concrete
rod,4.43,concrete
seamstress,4.43,concrete
shirtfront,4.43,concrete
shopkeeper,4.43,concrete
signature,4.43,concrete
skyline,4.43,concrete
sons,4.43,concrete
sorbet,4.43,concrete
spoonful,4.43,concrete
stew,4.43,concrete
sulfur,4.43,concrete
tennis,4.43,concrete
timestamp,4.43,concrete
trapezoid,4.43,concrete
typewriting,4.43,concrete
watchtower,4.43,concrete
waterfowl,4.43,concrete
waterwheel,4.43,concrete
welt,4.43,concrete
wizard,4.43,concrete
woodwind,4.43,concrete
locked,4.43,concrete
ocelot,4.43,concrete
snowboarding,4.43,concrete
swim,4.43,concrete
airshaft,4.43,concrete
bone marrow,4.43,concrete
dessertspoon,4.43,concrete
farmworker,4.43,concrete
fleabite,4.43,concrete
general manager,4.43,concrete
hockey player,4.43,concrete
ironsmith,4.43,concrete
landside,4.43,concrete
meat thermometer,4.43,concrete
nuclear weapon,4.43,concrete
observation post,4.43,concrete
picket line,4.43,concrete
police force,4.43,concrete
primary school,4.43,concrete
side street,4.43,concrete
skipping rope,4.43,concrete
stage director,4.43,concrete
stir fry,4.43,concrete
tennis match,4.43,concrete
trapshooting,4.43,concrete
tree line,4.43,concrete
trifocals,4.43,concrete
witness box,4.43,concrete
rusted,4.44,concrete
zeppelin,4.44,concrete
almanac,4.44,concrete
ammonia,4.44,concrete
anthrax,4.44,concrete
attendant,4.44,concrete
baldhead,4.44,concrete
bistro,4.44,concrete
bluebook,4.44,concrete
brake,4.44,concrete
briar,4.44,concrete
burglar,4.44,concrete
catcher,4.44,concrete
cell,4.44,concrete
circle,4.44,concrete
dishpan,4.44,concrete
drummer,4.44,concrete
enema,4.44,concrete
fencer,4.44,concrete
flattop,4.44,concrete
follicle,4.44,concrete
gallery,4.44,concrete
gasket,4.44,concrete
guestroom,4.44,concrete
hematologist,4.44,concrete
hemline,4.44,concrete
horizon,4.44,concrete
insecticide,4.44,concrete
lawman,4.44,concrete
limeade,4.44,concrete
lobe,4.44,concrete
nape,4.44,concrete
nebulizer,4.44,concrete
oasis,4.44,concrete
obsidian,4.44,concrete
packaging,4.44,concrete
papyrus,4.44,concrete
pedal,4.44,concrete
platinum,4.44,concrete
plaza,4.44,concrete
pressboard,4.44,concrete
prince,4.44,concrete
saffron,4.44,concrete
shopper,4.44,concrete
shot,4.44,concrete
showgirl,4.44,concrete
sphere,4.44,concrete
sportsman,4.44,concrete
steelworker,4.44,concrete
stepstool,4.44,concrete
swimming,4.44,concrete
twister,4.44,concrete
underbrush,4.44,concrete
velvet,4.44,concrete
ventriloquist,4.44,concrete
viewfinder,4.44,concrete
wormwood,4.44,concrete
yellowtail,4.44,concrete
bite,4.44,concrete
cross,4.44,concrete
eat,4.44,concrete
goldenrod,4.44,concrete
punching,4.44,concrete
ragweed,4.44,concrete
sleep,4.44,concrete
washing,4.44,concrete
airshow,4.44,concrete
art school,4.44,concrete
bank loan,4.44,concrete
body odor,4.44,concrete
braille,4.44,concrete
centerfield,4.44,concrete
drop-down menu,4.44,concrete
eyelet,4.44,concrete
glassworks,4.44,concrete
grammar school,4.44,concrete
grandkid,4.44,concrete
hemstitch,4.44,concrete
jadestone,4.44,concrete
nightclothes,4.44,concrete
noticeboard,4.44,concrete
pistol grip,4.44,concrete
radiobroadcast,4.44,concrete
rainspout,4.44,concrete
ringlet,4.44,concrete
roman numeral,4.44,concrete
rulebook,4.44,concrete
superjet,4.44,concrete
watchcase,4.44,concrete
wireworker,4.44,concrete
tush,4.45,concrete
male,4.45,concrete
dean,4.45,concrete
pentagon,4.45,concrete
whitewater,4.45,concrete
airbrush,4.45,concrete
airliner,4.45,concrete
antibiotics,4.45,concrete
archaeologist,4.45,concrete
bait,4.45,concrete
blinker,4.45,concrete
bomber,4.45,concrete
bowler,4.45,concrete
bucketful,4.45,concrete
chiffon,4.45,concrete
cilantro,4.45,concrete
coastguard,4.45,concrete
crease,4.45,concrete
crucifix,4.45,concrete
dairy,4.45,concrete
darkroom,4.45,concrete
droplet,4.45,concrete
dwarf,4.45,concrete
fencing,4.45,concrete
gizzard,4.45,concrete
groomsman,4.45,concrete
gypsy,4.45,concrete
ironwork,4.45,concrete
jowl,4.45,concrete
kindergartner,4.45,concrete
makeup,4.45,concrete
manual,4.45,concrete
maze,4.45,concrete
nugget,4.45,concrete
paste,4.45,concrete
pileup,4.45,concrete
poolside,4.45,concrete
prize,4.45,concrete
queen,4.45,concrete
repairman,4.45,concrete
riot,4.45,concrete
rotator,4.45,concrete
sangria,4.45,concrete
seafront,4.45,concrete
siren,4.45,concrete
sixpence,4.45,concrete
sky,4.45,concrete
slot,4.45,concrete
souvenir,4.45,concrete
specimen,4.45,concrete
storyboard,4.45,concrete
sunlight,4.45,concrete
thistle,4.45,concrete
vegetation,4.45,concrete
veil,4.45,concrete
vertebra,4.45,concrete
woodwork,4.45,concrete
cottontail,4.45,concrete
arrest warrant,4.45,concrete
eelworm,4.45,concrete
glassworker,4.45,concrete
green card,4.45,concrete
hospital ward,4.45,concrete
polling station,4.45,concrete
precious stone,4.45,concrete
salvation army,4.45,concrete
tea tray,4.45,concrete
throw up,4.45,concrete
warning light,4.45,concrete
woodcraftsman,4.45,concrete
wet,4.46,concrete
wooded,4.46,concrete
cheddar,4.46,concrete
coop,4.46,concrete
nightingale,4.46,concrete
acrobat,4.46,concrete
ad,4.46,concrete
backstroke,4.46,concrete
barman,4.46,concrete
beachfront,4.46,concrete
beadwork,4.46,concrete
bedrock,4.46,concrete
bile,4.46,concrete
birth,4.46,concrete
carcass,4.46,concrete
cavalryman,4.46,concrete
clubfoot,4.46,concrete
cobalt,4.46,concrete
cog,4.46,concrete
compost,4.46,concrete
condor,4.46,concrete
convertible,4.46,concrete
cosmonaut,4.46,concrete
dawn,4.46,concrete
desktop,4.46,concrete
duchess,4.46,concrete
dune,4.46,concrete
emcee,4.46,concrete
eyewear,4.46,concrete
firebox,4.46,concrete
flaxseed,4.46,concrete
floodwater,4.46,concrete
footbath,4.46,concrete
gin,4.46,concrete
gyro,4.46,concrete
hairline,4.46,concrete
hangman,4.46,concrete
hatch,4.46,concrete
inks,4.46,concrete
jaws,4.46,concrete
label,4.46,concrete
laboratory,4.46,concrete
lanyard,4.46,concrete
lectern,4.46,concrete
legwarmer,4.46,concrete
mansions,4.46,concrete
maple,4.46,concrete
metalwork,4.46,concrete
moonshine,4.46,concrete
packet,4.46,concrete
pesto,4.46,concrete
pictogram,4.46,concrete
placard,4.46,concrete
plow,4.46,concrete
prop,4.46,concrete
pussy,4.46,concrete
radiometer,4.46,concrete
retina,4.46,concrete
rockslide,4.46,concrete
salesgirl,4.46,concrete
seaside,4.46,concrete
sewer,4.46,concrete
shilling,4.46,concrete
skewer,4.46,concrete
song,4.46,concrete
spade,4.46,concrete
speck,4.46,concrete
sportswear,4.46,concrete
starlet,4.46,concrete
stemware,4.46,concrete
stockade,4.46,concrete
strainer,4.46,concrete
tentacle,4.46,concrete
toymaker,4.46,concrete
trail,4.46,concrete
trench,4.46,concrete
triceps,4.46,concrete
turbines,4.46,concrete
turbojet,4.46,concrete
vasectomy,4.46,concrete
venison,4.46,concrete
veterinarian,4.46,concrete
whalebone,4.46,concrete
widescreen,4.46,concrete
woman,4.46,concrete
wreckage,4.46,concrete
saw,4.46,concrete
urinate,4.46,concrete
yawn,4.46,concrete
beechnut,4.46,concrete
blood transfusion,4.46,concrete
bonefish,4.46,concrete
bookbinding,4.46,concrete
box office,4.46,concrete
cardstock,4.46,concrete
cocktail party,4.46,concrete
dining hall,4.46,concrete
drum roll,4.46,concrete
green light,4.46,concrete
high tide,4.46,concrete
knucklebone,4.46,concrete
laser beam,4.46,concrete
meteoroid,4.46,concrete
mystery novel,4.46,concrete
news agency,4.46,concrete
peace pipe,4.46,concrete
pork belly,4.46,concrete
pushchair,4.46,concrete
radiographer,4.46,concrete
ranchland,4.46,concrete
reception room,4.46,concrete
salesroom,4.46,concrete
seedbed,4.46,concrete
seedcase,4.46,concrete
sitemap,4.46,concrete
smartcard,4.46,concrete
snake pit,4.46,concrete
soccer player,4.46,concrete
soda fountain,4.46,concrete
streusel,4.46,concrete
sudoku,4.46,concrete
tax bill,4.46,concrete
typographer,4.46,concrete
prism,4.47,concrete
alarm,4.47,concrete
attire,4.47,concrete
backgammon,4.47,concrete
bronze,4.47,concrete
businessman,4.47,concrete
chow,4.47,concrete
farmyard,4.47,concrete
filmstrip,4.47,concrete
hayloft,4.47,concrete
interviewer,4.47,concrete
junkyard,4.47,concrete
kit,4.47,concrete
lifeguard,4.47,concrete
litter,4.47,concrete
medics,4.47,concrete
nudge,4.47,concrete
reptile,4.47,concrete
sandblaster,4.47,concrete
sandlot,4.47,concrete
scrabble,4.47,concrete
shingles,4.47,concrete
shrine,4.47,concrete
sorcerer,4.47,concrete
tendon,4.47,concrete
crawling,4.47,concrete
body part,4.47,concrete
falling star,4.47,concrete
probation officer,4.47,concrete
return ticket,4.47,concrete
search warrant,4.47,concrete
slide projector,4.47,concrete
stripteaser,4.47,concrete
tv show,4.47,concrete
web site,4.47,concrete
worksite,4.47,concrete
hairy,4.48,concrete
saline,4.48,concrete
sudsy,4.48,concrete
potbelly,4.48,concrete
brown,4.48,concrete
bud,4.48,concrete
mars,4.48,concrete
violet,4.48,concrete
abscess,4.48,concrete
angleworm,4.48,concrete
artery,4.48,concrete
auntie,4.48,concrete
backdrop,4.48,concrete
bladder,4.48,concrete
block,4.48,concrete
booze,4.48,concrete
bran,4.48,concrete
brickwork,4.48,concrete
brig,4.48,concrete
brushfire,4.48,concrete
butterfat,4.48,concrete
cadaver,4.48,concrete
calf,4.48,concrete
candlelight,4.48,concrete
cardiologist,4.48,concrete
casebook,4.48,concrete
cash,4.48,concrete
catheter,4.48,concrete
cathouse,4.48,concrete
chart,4.48,concrete
checkmark,4.48,concrete
chop,4.48,concrete
cloakroom,4.48,concrete
column,4.48,concrete
congresswoman,4.48,concrete
corset,4.48,concrete
countryside,4.48,concrete
crossword,4.48,concrete
cyclone,4.48,concrete
deejay,4.48,concrete
driller,4.48,concrete
droppings,4.48,concrete
drug,4.48,concrete
eatery,4.48,concrete
exam,4.48,concrete
faucet,4.48,concrete
fax,4.48,concrete
foil,4.48,concrete
forepaw,4.48,concrete
foxhound,4.48,concrete
gatehouse,4.48,concrete
goalie,4.48,concrete
grindstone,4.48,concrete
gunman,4.48,concrete
handball,4.48,concrete
hatchback,4.48,concrete
hearts,4.48,concrete
hibiscus,4.48,concrete
honeysuckle,4.48,concrete
hopscotch,4.48,concrete
hound,4.48,concrete
housecleaner,4.48,concrete
ibuprofen,4.48,concrete
jailer,4.48,concrete
juicer,4.48,concrete
laryngoscope,4.48,concrete
leftovers,4.48,concrete
lentil,4.48,concrete
lifeboat,4.48,concrete
marrow,4.48,concrete
menswear,4.48,concrete
monsoon,4.48,concrete
mortar,4.48,concrete
mountainside,4.48,concrete
moviegoer,4.48,concrete
mulberry,4.48,concrete
needlepoint,4.48,concrete
negligee,4.48,concrete
nephew,4.48,concrete
newsreel,4.48,concrete
nursery,4.48,concrete
observatory,4.48,concrete
ore,4.48,concrete
parchment,4.48,concrete
pasties,4.48,concrete
pedestal,4.48,concrete
peeler,4.48,concrete
peony,4.48,concrete
phlegm,4.48,concrete
pinball,4.48,concrete
planking,4.48,concrete
platform,4.48,concrete
platoon,4.48,concrete
putty,4.48,concrete
rack,4.48,concrete
ridge,4.48,concrete
rind,4.48,concrete
rotunda,4.48,concrete
sarcophagus,4.48,concrete
satinwood,4.48,concrete
schnapps,4.48,concrete
septum,4.48,concrete
sheath,4.48,concrete
shipment,4.48,concrete
sinkhole,4.48,concrete
slime,4.48,concrete
snot,4.48,concrete
snowcap,4.48,concrete
sonogram,4.48,concrete
spaceship,4.48,concrete
spectrometer,4.48,concrete
stitching,4.48,concrete
sunbeam,4.48,concrete
sweetener,4.48,concrete
sycamore,4.48,concrete
tibia,4.48,concrete
trachea,4.48,concrete
trinket,4.48,concrete
undergarment,4.48,concrete
vermin,4.48,concrete
vitamin,4.48,concrete
whitefish,4.48,concrete
wigwam,4.48,concrete
wombat,4.48,concrete
workplace,4.48,concrete
crying,4.48,concrete
kiss,4.48,concrete
plastering,4.48,concrete
salute,4.48,concrete
slide,4.48,concrete
basketwork,4.48,concrete
big wheel,4.48,concrete
boxing match,4.48,concrete
burglar alarm,4.48,concrete
cabinetry,4.48,concrete
center fielder,4.48,concrete
chevy,4.48,concrete
corner shop,4.48,concrete
deep water,4.48,concrete
dehydrator,4.48,concrete
drug dealer,4.48,concrete
factsheet,4.48,concrete
film clip,4.48,concrete
fishingrod,4.48,concrete
foster home,4.48,concrete
gatepost,4.48,concrete
graniteware,4.48,concrete
gun carriage,4.48,concrete
hard drugs,4.48,concrete
hotel room,4.48,concrete
kettledrummer,4.48,concrete
microfiber,4.48,concrete
mortarboard,4.48,concrete
photoengraving,4.48,concrete
prime minister,4.48,concrete
schoolman,4.48,concrete
servicewoman,4.48,concrete
staffroom,4.48,concrete
steelwork,4.48,concrete
tape measure,4.48,concrete
taste bud,4.48,concrete
text file,4.48,concrete
waiting room,4.48,concrete
weathervane,4.48,concrete
afghan,4.5,concrete
binocular,4.5,concrete
naked,4.5,concrete
batman,4.5,concrete
ivy,4.5,concrete
artifact,4.5,concrete
axle,4.5,concrete
backdoor,4.5,concrete
backroom,4.5,concrete
bailiff,4.5,concrete
balloonist,4.5,concrete
boardinghouse,4.5,concrete
booger,4.5,concrete
cacti,4.5,concrete
cavity,4.5,concrete
chlorine,4.5,concrete
chrome,4.5,concrete
clavicle,4.5,concrete
cleat,4.5,concrete
climber,4.5,concrete
cranium,4.5,concrete
crepe,4.5,concrete
crutch,4.5,concrete
diary,4.5,concrete
dinner,4.5,concrete
drape,4.5,concrete
fedora,4.5,concrete
fiber,4.5,concrete
flare,4.5,concrete
flares,4.5,concrete
floodplain,4.5,concrete
foxhole,4.5,concrete
fryer,4.5,concrete
game,4.5,concrete
gardener,4.5,concrete
goalkeeper,4.5,concrete
hangar,4.5,concrete
harbormaster,4.5,concrete
holly,4.5,concrete
homework,4.5,concrete
hooker,4.5,concrete
hosiery,4.5,concrete
hyacinth,4.5,concrete
icecap,4.5,concrete
icehouse,4.5,concrete
infielder,4.5,concrete
juggler,4.5,concrete
lagoon,4.5,concrete
landline,4.5,concrete
larynx,4.5,concrete
laser,4.5,concrete
line,4.5,concrete
loom,4.5,concrete
loot,4.5,concrete
lynx,4.5,concrete
mahogany,4.5,concrete
mermaid,4.5,concrete
milepost,4.5,concrete
mime,4.5,concrete
morphine,4.5,concrete
muscle,4.5,concrete
muscleman,4.5,concrete
neckerchief,4.5,concrete
newscaster,4.5,concrete
newspaperman,4.5,concrete
nursemaid,4.5,concrete
ointment,4.5,concrete
overcoat,4.5,concrete
oxtail,4.5,concrete
photocopy,4.5,concrete
plantation,4.5,concrete
pouch,4.5,concrete
primate,4.5,concrete
primates,4.5,concrete
puck,4.5,concrete
quilter,4.5,concrete
rattler,4.5,concrete
ringworm,4.5,concrete
samurai,4.5,concrete
sarong,4.5,concrete
schoolboy,4.5,concrete
seam,4.5,concrete
sesame,4.5,concrete
shavings,4.5,concrete
sheriff,4.5,concrete
smile,4.5,concrete
smudge,4.5,concrete
speechmaker,4.5,concrete
spray,4.5,concrete
stateroom,4.5,concrete
steam,4.5,concrete
stilt,4.5,concrete
store,4.5,concrete
storeroom,4.5,concrete
stream,4.5,concrete
sunglass,4.5,concrete
swine,4.5,concrete
tack,4.5,concrete
thumbnail,4.5,concrete
tip,4.5,concrete
topsail,4.5,concrete
tourniquet,4.5,concrete
transponder,4.5,concrete
trident,4.5,concrete
undercoat,4.5,concrete
vendor,4.5,concrete
vitamins,4.5,concrete
vulva,4.5,concrete
wallboard,4.5,concrete
whitetail,4.5,concrete
woofer,4.5,concrete
bodysurf,4.5,concrete
crank,4.5,concrete
ditch,4.5,concrete
painted,4.5,concrete
rivet,4.5,concrete
snowdrop,4.5,concrete
armed services,4.5,concrete
aspartame,4.5,concrete
blank check,4.5,concrete
booklist,4.5,concrete
border patrol,4.5,concrete
bronchoscope,4.5,concrete
bus fare,4.5,concrete
coppersmith,4.5,concrete
crash helmet,4.5,concrete
crewmember,4.5,concrete
crown jewel,4.5,concrete
defense attorney,4.5,concrete
disc jockey,4.5,concrete
driveshaft,4.5,concrete
film director,4.5,concrete
floor plan,4.5,concrete
harpsichordist,4.5,concrete
ironware,4.5,concrete
junk food,4.5,concrete
milk chocolate,4.5,concrete
minicomputer,4.5,concrete
mudflow,4.5,concrete
panama hat,4.5,concrete
pavestone,4.5,concrete
periodic table,4.5,concrete
photocell,4.5,concrete
photomap,4.5,concrete
ribbonfish,4.5,concrete
riflescope,4.5,concrete
rock group,4.5,concrete
scuba diving,4.5,concrete
stick figure,4.5,concrete
walkman,4.5,concrete
weather station,4.5,concrete
wire cutters,4.5,concrete
work permit,4.5,concrete
mist,4.51,concrete
backrest,4.52,concrete
blonde,4.52,concrete
farmhand,4.52,concrete
fat,4.52,concrete
hairless,4.52,concrete
axel,4.52,concrete
barb,4.52,concrete
mercury,4.52,concrete
skylark,4.52,concrete
whitehead,4.52,concrete
abacus,4.52,concrete
afro,4.52,concrete
announcer,4.52,concrete
armoire,4.52,concrete
asbestos,4.52,concrete
attorney,4.52,concrete
barbecue,4.52,concrete
bark,4.52,concrete
bathroom,4.52,concrete
boiler,4.52,concrete
brontosaurus,4.52,concrete
bullfight,4.52,concrete
canopy,4.52,concrete
capsule,4.52,concrete
carjacker,4.52,concrete
carpetbag,4.52,concrete
carwash,4.52,concrete
chairlift,4.52,concrete
chickadee,4.52,concrete
cocaine,4.52,concrete
conch,4.52,concrete
copper,4.52,concrete
crabgrass,4.52,concrete
crest,4.52,concrete
crowd,4.52,concrete
cutlet,4.52,concrete
deadbolt,4.52,concrete
diarrhea,4.52,concrete
digit,4.52,concrete
diorama,4.52,concrete
doorjamb,4.52,concrete
explosion,4.52,concrete
father,4.52,concrete
fishery,4.52,concrete
fishmeal,4.52,concrete
flatware,4.52,concrete
footballer,4.52,concrete
foyer,4.52,concrete
funnel,4.52,concrete
gal,4.52,concrete
golf,4.52,concrete
grater,4.52,concrete
gunfight,4.52,concrete
gunnysack,4.52,concrete
handshake,4.52,concrete
heart,4.52,concrete
hexagon,4.52,concrete
horseshit,4.52,concrete
housemaid,4.52,concrete
inkwell,4.52,concrete
keyboardist,4.52,concrete
knitter,4.52,concrete
larva,4.52,concrete
lavender,4.52,concrete
lubricant,4.52,concrete
merchandise,4.52,concrete
mortuary,4.52,concrete
motherboard,4.52,concrete
mudslide,4.52,concrete
nameplate,4.52,concrete
night,4.52,concrete
noose,4.52,concrete
nut,4.52,concrete
oceanfront,4.52,concrete
padding,4.52,concrete
painter,4.52,concrete
peddler,4.52,concrete
permafrost,4.52,concrete
pewter,4.52,concrete
picture,4.52,concrete
pigskin,4.52,concrete
pus,4.52,concrete
radiologist,4.52,concrete
receipts,4.52,concrete
roommate,4.52,concrete
rust,4.52,concrete
sapling,4.52,concrete
saxophonist,4.52,concrete
scrubber,4.52,concrete
sewage,4.52,concrete
sextuplet,4.52,concrete
shipmate,4.52,concrete
silver,4.52,concrete
sling,4.52,concrete
snapper,4.52,concrete
spittle,4.52,concrete
sportscaster,4.52,concrete
spreadsheet,4.52,concrete
steroids,4.52,concrete
stuntman,4.52,concrete
sturgeon,4.52,concrete
suckerfish,4.52,concrete
tailgater,4.52,concrete
tapestry,4.52,concrete
teacher,4.52,concrete
tentmaker,4.52,concrete
therapist,4.52,concrete
thundercloud,4.52,concrete
toiletry,4.52,concrete
tostada,4.52,concrete
towline,4.52,concrete
triangle,4.52,concrete
vermicelli,4.52,concrete
vest,4.52,concrete
vinaigrette,4.52,concrete
waltz,4.52,concrete
wastepaper,4.52,concrete
website,4.52,concrete
wienie,4.52,concrete
beading,4.52,concrete
bullfighting,4.52,concrete
cornrow,4.52,concrete
dial,4.52,concrete
dunk,4.52,concrete
honk,4.52,concrete
jump,4.52,concrete
kissing,4.52,concrete
lick,4.52,concrete
outerwear,4.52,concrete
quilting,4.52,concrete
spike,4.52,concrete
back door,4.52,concrete
blood bank,4.52,concrete
boarding house,4.52,concrete
bouillon cube,4.52,concrete
brass knuckles,4.52,concrete
bungee jumping,4.52,concrete
cleft palate,4.52,concrete
cowlicks,4.52,concrete
drillhole,4.52,concrete
exhaust pipe,4.52,concrete
eyehole,4.52,concrete
face powder,4.52,concrete
field marshal,4.52,concrete
fire door,4.52,concrete
fish meal,4.52,concrete
fishing net,4.52,concrete
forecaster,4.52,concrete
fresh food,4.52,concrete
gearwheel,4.52,concrete
giftshop,4.52,concrete
greengrocery,4.52,concrete
hearthstone,4.52,concrete
high school,4.52,concrete
home office,4.52,concrete
house party,4.52,concrete
jurywoman,4.52,concrete
lunar eclipse,4.52,concrete
managing editor,4.52,concrete
markswoman,4.52,concrete
merlot,4.52,concrete
milky way,4.52,concrete
minilab,4.52,concrete
nursery school,4.52,concrete
oak tree,4.52,concrete
petri dish,4.52,concrete
pharmacologist,4.52,concrete
pie chart,4.52,concrete
polling place,4.52,concrete
pushpin,4.52,concrete
quarryman,4.52,concrete
race horse,4.52,concrete
safety harness,4.52,concrete
scratchboard,4.52,concrete
sheepshearer,4.52,concrete
sweetbread,4.52,concrete
tradeswoman,4.52,concrete
washhouse,4.52,concrete
workbag,4.52,concrete
yule log,4.52,concrete
attic,4.53,concrete
bowel,4.53,concrete
calfskin,4.53,concrete
cobbler,4.53,concrete
crack,4.53,concrete
guesthouse,4.53,concrete
hiker,4.53,concrete
lighter,4.53,concrete
mannequin,4.53,concrete
medication,4.53,concrete
model,4.53,concrete
net,4.53,concrete
printout,4.53,concrete
quiche,4.53,concrete
shellfish,4.53,concrete
slideshow,4.53,concrete
snorkeler,4.53,concrete
spades,4.53,concrete
temple,4.53,concrete
tornado,4.53,concrete
yoga,4.53,concrete
clamp,4.53,concrete
hatchling,4.53,concrete
atom bomb,4.53,concrete
beauty salon,4.53,concrete
cell membrane,4.53,concrete
high five,4.53,concrete
traindriver,4.54,concrete
sphincter,4.54,concrete
iris,4.54,concrete
viola,4.54,concrete
actress,4.54,concrete
altarpiece,4.54,concrete
antifreeze,4.54,concrete
battlefield,4.54,concrete
bayou,4.54,concrete
bedbug,4.54,concrete
bootlace,4.54,concrete
bra,4.54,concrete
buckwheat,4.54,concrete
cellmate,4.54,concrete
cellophane,4.54,concrete
cinder,4.54,concrete
cloud,4.54,concrete
coastline,4.54,concrete
cognac,4.54,concrete
commode,4.54,concrete
constable,4.54,concrete
corral,4.54,concrete
dike,4.54,concrete
dinette,4.54,concrete
dustbin,4.54,concrete
farmer,4.54,concrete
fender,4.54,concrete
ginseng,4.54,concrete
grandma,4.54,concrete
grandniece,4.54,concrete
gravedigger,4.54,concrete
groom,4.54,concrete
hedge,4.54,concrete
knickers,4.54,concrete
locksmith,4.54,concrete
logbook,4.54,concrete
logger,4.54,concrete
maypole,4.54,concrete
midshipman,4.54,concrete
mint,4.54,concrete
money,4.54,concrete
mosque,4.54,concrete
newsroom,4.54,concrete
parade,4.54,concrete
pesticide,4.54,concrete
reefer,4.54,concrete
sage,4.54,concrete
sauerkraut,4.54,concrete
scorekeeper,4.54,concrete
secretary,4.54,concrete
seismograph,4.54,concrete
shadow,4.54,concrete
shoemaker,4.54,concrete
showroom,4.54,concrete
skullcap,4.54,concrete
snuffbox,4.54,concrete
spice,4.54,concrete
statuette,4.54,concrete
stubble,4.54,concrete
summerhouse,4.54,concrete
sunset,4.54,concrete
surgeon,4.54,concrete
suspender,4.54,concrete
synagogue,4.54,concrete
testes,4.54,concrete
tidewater,4.54,concrete
undercarriage,4.54,concrete
veranda,4.54,concrete
vinyl,4.54,concrete
woodcutter,4.54,concrete
workshop,4.54,concrete
allspice,4.54,concrete
brush,4.54,concrete
step,4.54,concrete
swing,4.54,concrete
weep,4.54,concrete
bikini line,4.54,concrete
breadbin,4.54,concrete
breakdance,4.54,concrete
churchwoman,4.54,concrete
dry cleaner,4.54,concrete
estate car,4.54,concrete
exhibition hall,4.54,concrete
fieldsman,4.54,concrete
firing pin,4.54,concrete
grillroom,4.54,concrete
horseweed,4.54,concrete
itunes,4.54,concrete
lifevest,4.54,concrete
office staff,4.54,concrete
pebblestone,4.54,concrete
postbox,4.54,concrete
question mark,4.54,concrete
radiotherapist,4.54,concrete
ranchman,4.54,concrete
roadworks,4.54,concrete
soundman,4.54,concrete
sparring partner,4.54,concrete
spinning wheel,4.54,concrete
toolbar,4.54,concrete
venus,4.54,concrete
water glass,4.54,concrete
wood pulp,4.54,concrete
workboat,4.54,concrete
pigtailed,4.55,concrete
auctioneer,4.55,concrete
billiard,4.55,concrete
boxing,4.55,concrete
campsite,4.55,concrete
cellulite,4.55,concrete
chain,4.55,concrete
dockworker,4.55,concrete
dockyard,4.55,concrete
dumbwaiter,4.55,concrete
footgear,4.55,concrete
footman,4.55,concrete
fuse,4.55,concrete
gills,4.55,concrete
grid,4.55,concrete
hickey,4.55,concrete
housetops,4.55,concrete
infirmary,4.55,concrete
intestine,4.55,concrete
jasmine,4.55,concrete
lionfish,4.55,concrete
marsupial,4.55,concrete
microcomputer,4.55,concrete
minibus,4.55,concrete
planetarium,4.55,concrete
pupil,4.55,concrete
ram,4.55,concrete
scotch,4.55,concrete
server,4.55,concrete
sniper,4.55,concrete
spokeswoman,4.55,concrete
studio,4.55,concrete
tenant,4.55,concrete
terrarium,4.55,concrete
terrycloth,4.55,concrete
tranquilizer,4.55,concrete
trapeze,4.55,concrete
trucker,4.55,concrete
typhoon,4.55,concrete
vet,4.55,concrete
watermark,4.55,concrete
wave,4.55,concrete
blindfolded,4.55,concrete
can,4.55,concrete
cut,4.55,concrete
shed,4.55,concrete
apartment block,4.55,concrete
assembly line,4.55,concrete
chain gang,4.55,concrete
community center,4.55,concrete
control tower,4.55,concrete
day care,4.55,concrete
dotted line,4.55,concrete
flatboat,4.55,concrete
high jump,4.55,concrete
instrument panel,4.55,concrete
kickboxer,4.55,concrete
potholder,4.55,concrete
sports team,4.55,concrete
tattooer,4.55,concrete
telephone number,4.55,concrete
window dressing,4.55,concrete
worktop,4.55,concrete
yellow card,4.55,concrete
crematory,4.56,concrete
frost,4.56,concrete
jersey,4.56,concrete
marlin,4.56,concrete
trumpeter,4.56,concrete
acupuncturist,4.56,concrete
aftershave,4.56,concrete
biophysicist,4.56,concrete
bolero,4.56,concrete
bowling,4.56,concrete
canon,4.56,concrete
chardonnay,4.56,concrete
chickenpox,4.56,concrete
choirboy,4.56,concrete
coil,4.56,concrete
corduroy,4.56,concrete
cornstarch,4.56,concrete
flagman,4.56,concrete
freckle,4.56,concrete
gift,4.56,concrete
gonad,4.56,concrete
grave,4.56,concrete
headmistress,4.56,concrete
ink,4.56,concrete
kid,4.56,concrete
kitchenette,4.56,concrete
lapel,4.56,concrete
linguini,4.56,concrete
longhorn,4.56,concrete
lumber,4.56,concrete
lumberyard,4.56,concrete
lump,4.56,concrete
mailwoman,4.56,concrete
manger,4.56,concrete
masseuse,4.56,concrete
meteorologist,4.56,concrete
midwife,4.56,concrete
mountaintop,4.56,concrete
neckwear,4.56,concrete
oilman,4.56,concrete
opium,4.56,concrete
parent,4.56,concrete
pellet,4.56,concrete
pile,4.56,concrete
pizzeria,4.56,concrete
reins,4.56,concrete
respirator,4.56,concrete
rink,4.56,concrete
rubble,4.56,concrete
sedative,4.56,concrete
seedling,4.56,concrete
shortbread,4.56,concrete
sidearm,4.56,concrete
site,4.56,concrete
sketch,4.56,concrete
snorkel,4.56,concrete
spectacles,4.56,concrete
stonemason,4.56,concrete
stretcher,4.56,concrete
teardrop,4.56,concrete
thorax,4.56,concrete
trapdoor,4.56,concrete
tumor,4.56,concrete
utensil,4.56,concrete
vent,4.56,concrete
wafer,4.56,concrete
waitress,4.56,concrete
wheelhouse,4.56,concrete
wiper,4.56,concrete
cleavers,4.56,concrete
skate,4.56,concrete
skywriting,4.56,concrete
tear,4.56,concrete
airbed,4.56,concrete
altar boy,4.56,concrete
chipboard,4.56,concrete
chop shop,4.56,concrete
coalfield,4.56,concrete
flat feet,4.56,concrete
garage sale,4.56,concrete
ice tea,4.56,concrete
medical record,4.56,concrete
memory stick,4.56,concrete
opera house,4.56,concrete
peel off,4.56,concrete
redbrick,4.56,concrete
spinning rod,4.56,concrete
tarpaper,4.56,concrete
tax collector,4.56,concrete
wing chair,4.56,concrete
worktable,4.56,concrete
zebra crossing,4.56,concrete
female,4.57,concrete
firebird,4.57,concrete
fishbone,4.57,concrete
abrasion,4.57,concrete
actor,4.57,concrete
afterbirth,4.57,concrete
appliance,4.57,concrete
aviator,4.57,concrete
babysitter,4.57,concrete
backyard,4.57,concrete
barometer,4.57,concrete
barricade,4.57,concrete
blindfold,4.57,concrete
board,4.57,concrete
brunette,4.57,concrete
buoy,4.57,concrete
cavern,4.57,concrete
cerebellum,4.57,concrete
chophouse,4.57,concrete
chrysanthemum,4.57,concrete
compactor,4.57,concrete
cones,4.57,concrete
costume,4.57,concrete
courtyard,4.57,concrete
cove,4.57,concrete
crossbar,4.57,concrete
deli,4.57,concrete
den,4.57,concrete
flamethrower,4.57,concrete
flannels,4.57,concrete
hailstone,4.57,concrete
handstand,4.57,concrete
harbor,4.57,concrete
herb,4.57,concrete
heroin,4.57,concrete
hinge,4.57,concrete
hyena,4.57,concrete
land,4.57,concrete
mailman,4.57,concrete
malt,4.57,concrete
mantle,4.57,concrete
manuscript,4.57,concrete
midfield,4.57,concrete
mildew,4.57,concrete
monogram,4.57,concrete
pager,4.57,concrete
palace,4.57,concrete
paperback,4.57,concrete
pediatrician,4.57,concrete
petal,4.57,concrete
petunia,4.57,concrete
quart,4.57,concrete
quarters,4.57,concrete
radar,4.57,concrete
rainbow,4.57,concrete
rooms,4.57,concrete
satin,4.57,concrete
seaport,4.57,concrete
serviceman,4.57,concrete
shoehorn,4.57,concrete
shrapnel,4.57,concrete
silhouette,4.57,concrete
slacks,4.57,concrete
speedway,4.57,concrete
spur,4.57,concrete
stuffing,4.57,concrete
sunburn,4.57,concrete
supermarket,4.57,concrete
surf,4.57,concrete
surfboard,4.57,concrete
teahouse,4.57,concrete
tick,4.57,concrete
turntable,4.57,concrete
twins,4.57,concrete
wok,4.57,concrete
workbook,4.57,concrete
handle,4.57,concrete
army base,4.57,concrete
ballot box,4.57,concrete
blood cell,4.57,concrete
cannon fire,4.57,concrete
chess game,4.57,concrete
cleaning lady,4.57,concrete
cookie cutter,4.57,concrete
cornhusker,4.57,concrete
flagstick,4.57,concrete
licence,4.57,concrete
mailroom,4.57,concrete
mealworm,4.57,concrete
movie star,4.57,concrete
olive branch,4.57,concrete
passenger ship,4.57,concrete
playing card,4.57,concrete
radio station,4.57,concrete
skin graft,4.57,concrete
smartphone,4.57,concrete
snack bar,4.57,concrete
souffle,4.57,concrete
sound system,4.57,concrete
sushi bar,4.57,concrete
telephone operator,4.57,concrete
title page,4.57,concrete
traveller,4.57,concrete
helmeted,4.58,concrete
hula,4.58,concrete
lungfish,4.58,concrete
backscratcher,4.58,concrete
balsawood,4.58,concrete
bugler,4.58,concrete
butterscotch,4.58,concrete
chair,4.58,concrete
chairperson,4.58,concrete
congressman,4.58,concrete
courier,4.58,concrete
crystal,4.58,concrete
dye,4.58,concrete
eardrum,4.58,concrete
entrails,4.58,concrete
faceplate,4.58,concrete
fiddler,4.58,concrete
fir,4.58,concrete
footlocker,4.58,concrete
footplate,4.58,concrete
giblets,4.58,concrete
gingerroot,4.58,concrete
graphite,4.58,concrete
groin,4.58,concrete
guitarist,4.58,concrete
hookworm,4.58,concrete
hovercraft,4.58,concrete
jazzman,4.58,concrete
kiosk,4.58,concrete
longshoreman,4.58,concrete
maize,4.58,concrete
mamma,4.58,concrete
mammogram,4.58,concrete
margarine,4.58,concrete
meetinghouse,4.58,concrete
mink,4.58,concrete
monument,4.58,concrete
oilpaper,4.58,concrete
planet,4.58,concrete
plastics,4.58,concrete
pontoon,4.58,concrete
receptacle,4.58,concrete
rosewater,4.58,concrete
slate,4.58,concrete
sprocket,4.58,concrete
stockyard,4.58,concrete
tearoom,4.58,concrete
veteran,4.58,concrete
woodsman,4.58,concrete
yearbook,4.58,concrete
tiled,4.58,concrete
bassoonist,4.58,concrete
boarding school,4.58,concrete
brontosaur,4.58,concrete
bucksaw,4.58,concrete
citronella,4.58,concrete
green belt,4.58,concrete
gunstock,4.58,concrete
high wire,4.58,concrete
identity card,4.58,concrete
knifeman,4.58,concrete
mulled wine,4.58,concrete
muttonfish,4.58,concrete
playfield,4.58,concrete
rock band,4.58,concrete
shoulder strap,4.58,concrete
shower curtain,4.58,concrete
strawflower,4.58,concrete
teacart,4.58,concrete
turbofan,4.58,concrete
whitecap,4.58,concrete
concrete,4.59,concrete
panty,4.59,concrete
pregnant,4.59,concrete
aspen,4.59,concrete
arch,4.59,concrete
baggie,4.59,concrete
barber,4.59,concrete
barley,4.59,concrete
beggar,4.59,concrete
boatyard,4.59,concrete
bobtail,4.59,concrete
bootie,4.59,concrete
boyfriend,4.59,concrete
cap,4.59,concrete
certificate,4.59,concrete
chamber,4.59,concrete
cleanser,4.59,concrete
copilot,4.59,concrete
councilwoman,4.59,concrete
croquet,4.59,concrete
crust,4.59,concrete
domino,4.59,concrete
esophagus,4.59,concrete
farm,4.59,concrete
filet,4.59,concrete
filter,4.59,concrete
fishtail,4.59,concrete
flesh,4.59,concrete
fungus,4.59,concrete
glassware,4.59,concrete
globe,4.59,concrete
gnome,4.59,concrete
graphics,4.59,concrete
handwriting,4.59,concrete
holster,4.59,concrete
hurricane,4.59,concrete
hydrocortisone,4.59,concrete
iron,4.59,concrete
jockey,4.59,concrete
lightning,4.59,concrete
limestone,4.59,concrete
lozenge,4.59,concrete
mammal,4.59,concrete
marigold,4.59,concrete
movie,4.59,concrete
mulch,4.59,concrete
muzzle,4.59,concrete
narcotics,4.59,concrete
painting,4.59,concrete
pallet,4.59,concrete
pavilion,4.59,concrete
pepper,4.59,concrete
phonograph,4.59,concrete
pinstripe,4.59,concrete
plaster,4.59,concrete
postmaster,4.59,concrete
potpourri,4.59,concrete
propane,4.59,concrete
railcar,4.59,concrete
refinery,4.59,concrete
scratches,4.59,concrete
senator,4.59,concrete
shallot,4.59,concrete
sharpshooter,4.59,concrete
shredder,4.59,concrete
sieve,4.59,concrete
sill,4.59,concrete
smoker,4.59,concrete
songbird,4.59,concrete
stain,4.59,concrete
suds,4.59,concrete
sugarplum,4.59,concrete
sundae,4.59,concrete
sweetshop,4.59,concrete
tailpipe,4.59,concrete
tee,4.59,concrete
teepee,4.59,concrete
telegraph,4.59,concrete
testicle,4.59,concrete
tourist,4.59,concrete
turbine,4.59,concrete
vat,4.59,concrete
videophone,4.59,concrete
wildfire,4.59,concrete
windscreen,4.59,concrete
woodblock,4.59,concrete
woodcarver,4.59,concrete
worker,4.59,concrete
kickboxing,4.59,concrete
puke,4.59,concrete
sail,4.59,concrete
stick,4.59,concrete
art exhibition,4.59,concrete
bank manager,4.59,concrete
bookstand,4.59,concrete
bucket seat,4.59,concrete
car alarm,4.59,concrete
clergywoman,4.59,concrete
computer game,4.59,concrete
dollar sign,4.59,concrete
dreadlock,4.59,concrete
dust cloud,4.59,concrete
Dutch oven,4.59,concrete
face mask,4.59,concrete
flower arrangement,4.59,concrete
football game,4.59,concrete
foxtail,4.59,concrete
fruitwood,4.59,concrete
giftcard,4.59,concrete
junk mail,4.59,concrete
juvenile court,4.59,concrete
miniature golf,4.59,concrete
phone number,4.59,concrete
public school,4.59,concrete
rootworm,4.59,concrete
satellite TV,4.59,concrete
sealing wax,4.59,concrete
speeding ticket,4.59,concrete
stem cell,4.59,concrete
suicide bomber,4.59,concrete
sunshade,4.59,concrete
tabasco,4.59,concrete
theater company,4.59,concrete
tree stump,4.59,concrete
wanted poster,4.59,concrete
water ski,4.59,concrete
sleeveless,4.6,concrete
amaretto,4.6,concrete
apparel,4.6,concrete
beverage,4.6,concrete
brainstem,4.6,concrete
bubble,4.6,concrete
butternut,4.6,concrete
carafe,4.6,concrete
cassette,4.6,concrete
chapel,4.6,concrete
collage,4.6,concrete
fungi,4.6,concrete
gadget,4.6,concrete
ganja,4.6,concrete
grassland,4.6,concrete
hazelnut,4.6,concrete
ladies,4.6,concrete
letterbox,4.6,concrete
lineman,4.6,concrete
longboat,4.6,concrete
massager,4.6,concrete
meteorite,4.6,concrete
mother,4.6,concrete
museum,4.6,concrete
padre,4.6,concrete
runway,4.6,concrete
sandbar,4.6,concrete
screen,4.6,concrete
sheik,4.6,concrete
tool,4.6,concrete
truffle,4.6,concrete
urinal,4.6,concrete
wharf,4.6,concrete
whorehouse,4.6,concrete
bullpen,4.6,concrete
drawing,4.6,concrete
amusement park,4.6,concrete
baby buggy,4.6,concrete
babycarriage,4.6,concrete
bus lane,4.6,concrete
corkwood,4.6,concrete
flight simulator,4.6,concrete
health club,4.6,concrete
lie detector,4.6,concrete
muzzleloader,4.6,concrete
penholder,4.6,concrete
poo,4.6,concrete
thyroid,4.61,concrete
wooden,4.61,concrete
doily,4.61,concrete
outdoors,4.61,concrete
robin,4.61,concrete
animal,4.61,concrete
aorta,4.61,concrete
awning,4.61,concrete
backseat,4.61,concrete
ballerina,4.61,concrete
barkeeper,4.61,concrete
bedding,4.61,concrete
bedsore,4.61,concrete
bible,4.61,concrete
billiards,4.61,concrete
bonbon,4.61,concrete
bow,4.61,concrete
brisket,4.61,concrete
cauldron,4.61,concrete
checklist,4.61,concrete
chute,4.61,concrete
citadel,4.61,concrete
clubhouse,4.61,concrete
cod,4.61,concrete
corner,4.61,concrete
crater,4.61,concrete
cuff,4.61,concrete
dashboard,4.61,concrete
dishwater,4.61,concrete
drain,4.61,concrete
embryo,4.61,concrete
ethanol,4.61,concrete
flycatcher,4.61,concrete
formaldehyde,4.61,concrete
gown,4.61,concrete
grease,4.61,concrete
hardcopy,4.61,concrete
hoofs,4.61,concrete
inseam,4.61,concrete
jeweler,4.61,concrete
kids,4.61,concrete
mainsail,4.61,concrete
milkman,4.61,concrete
note,4.61,concrete
pacifier,4.61,concrete
pamphlet,4.61,concrete
patella,4.61,concrete
paver,4.61,concrete
phalanges,4.61,concrete
photomontage,4.61,concrete
planter,4.61,concrete
pound,4.61,concrete
pup,4.61,concrete
pushup,4.61,concrete
quarterback,4.61,concrete
ravine,4.61,concrete
realtor,4.61,concrete
sandpiper,4.61,concrete
scallop,4.61,concrete
scorecard,4.61,concrete
shears,4.61,concrete
snowboarder,4.61,concrete
soot,4.61,concrete
stockroom,4.61,concrete
sundeck,4.61,concrete
sunspot,4.61,concrete
switchboard,4.61,concrete
tribesman,4.61,concrete
turret,4.61,concrete
turtledove,4.61,concrete
urn,4.61,concrete
barf,4.61,concrete
drool,4.61,concrete
liverwurst,4.61,concrete
peel,4.61,concrete
watch,4.61,concrete
accordionist,4.61,concrete
air freshener,4.61,concrete
bicyclist,4.61,concrete
board game,4.61,concrete
copperware,4.61,concrete
ditchwater,4.61,concrete
electroscope,4.61,concrete
garbage man,4.61,concrete
half moon,4.61,concrete
hardware store,4.61,concrete
mineshaft,4.61,concrete
mineworker,4.61,concrete
picture frame,4.61,concrete
plus sign,4.61,concrete
poker game,4.61,concrete
school bell,4.61,concrete
shoulder holster,4.61,concrete
soup kitchen,4.61,concrete
spinningwheel,4.61,concrete
state trooper,4.61,concrete
touchscreen,4.61,concrete
vacuum cleaner,4.61,concrete
weather vane,4.61,concrete
barefoot,4.62,concrete
bearded,4.62,concrete
hum,4.62,concrete
flintstone,4.62,concrete
kingfish,4.62,concrete
yellowbird,4.62,concrete
aqueduct,4.62,concrete
bookmarker,4.62,concrete
brewery,4.62,concrete
calendar,4.62,concrete
cargo,4.62,concrete
carp,4.62,concrete
centerpiece,4.62,concrete
ceramics,4.62,concrete
cervix,4.62,concrete
chaps,4.62,concrete
cherry,4.62,concrete
college,4.62,concrete
cookhouse,4.62,concrete
crosswalk,4.62,concrete
cube,4.62,concrete
daiquiri,4.62,concrete
dictionary,4.62,concrete
eaves,4.62,concrete
fetus,4.62,concrete
firework,4.62,concrete
fizz,4.62,concrete
flood,4.62,concrete
florist,4.62,concrete
flytrap,4.62,concrete
fruitcake,4.62,concrete
gaslight,4.62,concrete
gauze,4.62,concrete
giblet,4.62,concrete
hardware,4.62,concrete
helicopter,4.62,concrete
hotelkeeper,4.62,concrete
housetop,4.62,concrete
hummus,4.62,concrete
inspector,4.62,concrete
jellyroll,4.62,concrete
larvae,4.62,concrete
latrine,4.62,concrete
lovebird,4.62,concrete
marinara,4.62,concrete
marker,4.62,concrete
meal,4.62,concrete
mimosa,4.62,concrete
morgue,4.62,concrete
mothball,4.62,concrete
newsprint,4.62,concrete
nightdress,4.62,concrete
oilcan,4.62,concrete
paleontologist,4.62,concrete
peso,4.62,concrete
pier,4.62,concrete
pleat,4.62,concrete
prawn,4.62,concrete
pug,4.62,concrete
rash,4.62,concrete
rickshaw,4.62,concrete
rim,4.62,concrete
semicolon,4.62,concrete
shipbuilder,4.62,concrete
signboard,4.62,concrete
silkworm,4.62,concrete
singer,4.62,concrete
smoothie,4.62,concrete
sod,4.62,concrete
spool,4.62,concrete
sprayer,4.62,concrete
stapler,4.62,concrete
stockings,4.62,concrete
storehouse,4.62,concrete
swatch,4.62,concrete
teakwood,4.62,concrete
telemarketer,4.62,concrete
terrier,4.62,concrete
tights,4.62,concrete
tyrannosaurus,4.62,concrete
ukulele,4.62,concrete
vault,4.62,concrete
venom,4.62,concrete
wallpaper,4.62,concrete
waterhole,4.62,concrete
winterberry,4.62,concrete
workbench,4.62,concrete
milkweed,4.62,concrete
nod,4.62,concrete
sign,4.62,concrete
air hostess,4.62,concrete
bandaid,4.62,concrete
bottlebrush,4.62,concrete
car company,4.62,concrete
chain letter,4.62,concrete
cleft lip,4.62,concrete
dollarfish,4.62,concrete
facecloth,4.62,concrete
fireboat,4.62,concrete
flea market,4.62,concrete
foam rubber,4.62,concrete
front yard,4.62,concrete
frozen food,4.62,concrete
geiger counter,4.62,concrete
heat pump,4.62,concrete
horse race,4.62,concrete
insect repellent,4.62,concrete
land mine,4.62,concrete
moneybox,4.62,concrete
motor vehicle,4.62,concrete
physical therapist,4.62,concrete
pina colada,4.62,concrete
rain gauge,4.62,concrete
record company,4.62,concrete
screensaver,4.62,concrete
seafowl,4.62,concrete
swizzle stick,4.62,concrete
text message,4.62,concrete
white flag,4.62,concrete
work clothes,4.62,concrete
underarm,4.63,concrete
hoagie,4.63,concrete
artichoke,4.63,concrete
barstool,4.63,concrete
basin,4.63,concrete
beast,4.63,concrete
bedclothes,4.63,concrete
bosom,4.63,concrete
boxer,4.63,concrete
breathalyzer,4.63,concrete
bride,4.63,concrete
bungalow,4.63,concrete
butler,4.63,concrete
cameraman,4.63,concrete
camper,4.63,concrete
canary,4.63,concrete
cartwheel,4.63,concrete
cord,4.63,concrete
courtroom,4.63,concrete
cowgirl,4.63,concrete
dent,4.63,concrete
drugs,4.63,concrete
embroidery,4.63,concrete
fabric,4.63,concrete
gallbladder,4.63,concrete
girdle,4.63,concrete
heads,4.63,concrete
hookers,4.63,concrete
journal,4.63,concrete
keyhole,4.63,concrete
limousine,4.63,concrete
lunchroom,4.63,concrete
machetes,4.63,concrete
manicotti,4.63,concrete
marionette,4.63,concrete
methamphetamine,4.63,concrete
monkfish,4.63,concrete
mound,4.63,concrete
nectar,4.63,concrete
nightwear,4.63,concrete
oscilloscope,4.63,concrete
paperwork,4.63,concrete
plumber,4.63,concrete
pod,4.63,concrete
podiatrist,4.63,concrete
porcelain,4.63,concrete
railway,4.63,concrete
rainforest,4.63,concrete
reporter,4.63,concrete
rosary,4.63,concrete
sandstorm,4.63,concrete
searchlight,4.63,concrete
seashore,4.63,concrete
shipbuilding,4.63,concrete
shuttle,4.63,concrete
signpost,4.63,concrete
ski,4.63,concrete
songbook,4.63,concrete
spotlight,4.63,concrete
steamship,4.63,concrete
stem,4.63,concrete
stereo,4.63,concrete
stonecutter,4.63,concrete
stroganoff,4.63,concrete
supper,4.63,concrete
telegram,4.63,concrete
urologist,4.63,concrete
vein,4.63,concrete
waistcoat,4.63,concrete
wastebasket,4.63,concrete
wetsuit,4.63,concrete
windsurfer,4.63,concrete
workstation,4.63,concrete
chisel,4.63,concrete
meth,4.63,concrete
seal,4.63,concrete
shaving,4.63,concrete
stoop,4.63,concrete
beauty shop,4.63,concrete
bedcover,4.63,concrete
bicycler,4.63,concrete
boxing ring,4.63,concrete
cigarette holder,4.63,concrete
clipart,4.63,concrete
computer system,4.63,concrete
curry powder,4.63,concrete
desk clerk,4.63,concrete
eyeblink,4.63,concrete
first lady,4.63,concrete
French windows,4.63,concrete
highway patrol,4.63,concrete
kidney stone,4.63,concrete
knitwear,4.63,concrete
latticework,4.63,concrete
lightning rod,4.63,concrete
master bedroom,4.63,concrete
nuclear reactor,4.63,concrete
shaking hands,4.63,concrete
stockcar,4.63,concrete
tailfin,4.63,concrete
tin opener,4.63,concrete
water wheel,4.63,concrete
wet nurse,4.63,concrete
wind instrument,4.63,concrete
doe,4.64,concrete
flint,4.64,concrete
baguette,4.64,concrete
baton,4.64,concrete
beachwear,4.64,concrete
bifocals,4.64,concrete
birdcage,4.64,concrete
bookkeeper,4.64,concrete
brassiere,4.64,concrete
building,4.64,concrete
bunion,4.64,concrete
campus,4.64,concrete
cattle,4.64,concrete
cleavage,4.64,concrete
coffeepot,4.64,concrete
collar,4.64,concrete
custodian,4.64,concrete
cylinder,4.64,concrete
dock,4.64,concrete
dormitory,4.64,concrete
dressmaker,4.64,concrete
dung,4.64,concrete
duster,4.64,concrete
engineer,4.64,concrete
firearm,4.64,concrete
fireplug,4.64,concrete
forefinger,4.64,concrete
fowl,4.64,concrete
freckles,4.64,concrete
gearshift,4.64,concrete
guardsman,4.64,concrete
guillotine,4.64,concrete
handbook,4.64,concrete
handmaiden,4.64,concrete
hospital,4.64,concrete
inn,4.64,concrete
jester,4.64,concrete
jury,4.64,concrete
kickball,4.64,concrete
lager,4.64,concrete
latte,4.64,concrete
leeches,4.64,concrete
lens,4.64,concrete
limb,4.64,concrete
liqueur,4.64,concrete
maid,4.64,concrete
mantel,4.64,concrete
manure,4.64,concrete
molehill,4.64,concrete
neighbor,4.64,concrete
onyx,4.64,concrete
pickle,4.64,concrete
piggy,4.64,concrete
pimento,4.64,concrete
pirate,4.64,concrete
plug,4.64,concrete
projector,4.64,concrete
puppet,4.64,concrete
rabbi,4.64,concrete
rainwater,4.64,concrete
ratchet,4.64,concrete
roadrunner,4.64,concrete
roofline,4.64,concrete
sachet,4.64,concrete
sagebrush,4.64,concrete
sax,4.64,concrete
schoolmate,4.64,concrete
schoolroom,4.64,concrete
schoolyard,4.64,concrete
seismometer,4.64,concrete
servant,4.64,concrete
sharpener,4.64,concrete
shelter,4.64,concrete
shrubs,4.64,concrete
sifter,4.64,concrete
slaw,4.64,concrete
slug,4.64,concrete
snowman,4.64,concrete
stage,4.64,concrete
stucco,4.64,concrete
tapioca,4.64,concrete
throne,4.64,concrete
tit,4.64,concrete
town,4.64,concrete
tub,4.64,concrete
vehicle,4.64,concrete
vertebrae,4.64,concrete
vibrator,4.64,concrete
whirlpool,4.64,concrete
wiring,4.64,concrete
fly,4.64,concrete
shirtsleeve,4.64,concrete
siding,4.64,concrete
sprout,4.64,concrete
air shaft,4.64,concrete
appointment book,4.64,concrete
bowstring,4.64,concrete
chamber orchestra,4.64,concrete
clothespress,4.64,concrete
crepe paper,4.64,concrete
fire alarm,4.64,concrete
fire escape,4.64,concrete
firehose,4.64,concrete
fishing license,4.64,concrete
general store,4.64,concrete
ground floor,4.64,concrete
ice hockey,4.64,concrete
ice skater,4.64,concrete
laser pointer,4.64,concrete
laserjet,4.64,concrete
league table,4.64,concrete
lighthouse keeper,4.64,concrete
millworker,4.64,concrete
mother hen,4.64,concrete
mountain bike,4.64,concrete
nintendo,4.64,concrete
onionskin,4.64,concrete
record book,4.64,concrete
rockband,4.64,concrete
sim card,4.64,concrete
steelyard,4.64,concrete
test tube,4.64,concrete
ticker tape,4.64,concrete
tool kit,4.64,concrete
waterpolo,4.64,concrete
wort,4.64,concrete
arachnid,4.65,concrete
flywheel,4.65,concrete
mike,4.65,concrete
ale,4.65,concrete
blacktop,4.65,concrete
bubblegum,4.65,concrete
butcher,4.65,concrete
cashbox,4.65,concrete
comma,4.65,concrete
cowpoke,4.65,concrete
derriere,4.65,concrete
dumpling,4.65,concrete
fluoroscope,4.65,concrete
garbanzo,4.65,concrete
glue,4.65,concrete
goblet,4.65,concrete
grandmother,4.65,concrete
headboard,4.65,concrete
hut,4.65,concrete
incubator,4.65,concrete
lifebuoy,4.65,concrete
moneybag,4.65,concrete
orphanage,4.65,concrete
paintbox,4.65,concrete
parka,4.65,concrete
physician,4.65,concrete
popgun,4.65,concrete
quail,4.65,concrete
rattail,4.65,concrete
robot,4.65,concrete
sackcloth,4.65,concrete
sailfish,4.65,concrete
saleslady,4.65,concrete
scabbard,4.65,concrete
skater,4.65,concrete
tableware,4.65,concrete
tortoiseshell,4.65,concrete
toupee,4.65,concrete
university,4.65,concrete
upholstery,4.65,concrete
whiskbroom,4.65,concrete
yak,4.65,concrete
crochet,4.65,concrete
lock,4.65,concrete
boxingglove,4.65,concrete
citrus fruit,4.65,concrete
ebook,4.65,concrete
firing range,4.65,concrete
gas pedal,4.65,concrete
ice bucket,4.65,concrete
messageboard,4.65,concrete
refugee camp,4.65,concrete
screenshot,4.65,concrete
orange,4.66,concrete
anchorwoman,4.66,concrete
bazooka,4.66,concrete
boardroom,4.66,concrete
buzzer,4.66,concrete
calves,4.66,concrete
coal,4.66,concrete
colon,4.66,concrete
compass,4.66,concrete
creamer,4.66,concrete
crustacean,4.66,concrete
dominoes,4.66,concrete
dozen,4.66,concrete
fog,4.66,concrete
footwear,4.66,concrete
graph,4.66,concrete
gunfire,4.66,concrete
hailstorm,4.66,concrete
hog,4.66,concrete
hymen,4.66,concrete
icing,4.66,concrete
jackrabbit,4.66,concrete
jungle,4.66,concrete
lamppost,4.66,concrete
landlord,4.66,concrete
lane,4.66,concrete
manatee,4.66,concrete
mouthpiece,4.66,concrete
mural,4.66,concrete
neurosurgeon,4.66,concrete
newsletter,4.66,concrete
nudist,4.66,concrete
perfume,4.66,concrete
pinwheel,4.66,concrete
plankton,4.66,concrete
pole,4.66,concrete
poster,4.66,concrete
racquetball,4.66,concrete
roller,4.66,concrete
roofing,4.66,concrete
ruler,4.66,concrete
schoolbag,4.66,concrete
schoolgirl,4.66,concrete
shield,4.66,concrete
silverware,4.66,concrete
sirloin,4.66,concrete
snowfall,4.66,concrete
sourdough,4.66,concrete
spices,4.66,concrete
staircase,4.66,concrete
stoneware,4.66,concrete
stoplight,4.66,concrete
toucan,4.66,concrete
underclothes,4.66,concrete
vessel,4.66,concrete
visor,4.66,concrete
workroom,4.66,concrete
worksheet,4.66,concrete
barge,4.66,concrete
legging,4.66,concrete
balance beam,4.66,concrete
bloody mary,4.66,concrete
color wheel,4.66,concrete
cotton cloth,4.66,concrete
deposit box,4.66,concrete
folding chair,4.66,concrete
goose bumps,4.66,concrete
hair spray,4.66,concrete
headlamp,4.66,concrete
outboard motor,4.66,concrete
record player,4.66,concrete
side entrance,4.66,concrete
six pack,4.66,concrete
skin cancer,4.66,concrete
spark plug,4.66,concrete
stunt man,4.66,concrete
traffic light,4.66,concrete
water cooler,4.66,concrete
weedkiller,4.66,concrete
boulder,4.67,concrete
ark,4.67,concrete
armband,4.67,concrete
ass,4.67,concrete
bagpiper,4.67,concrete
bandleader,4.67,concrete
bar,4.67,concrete
bassoon,4.67,concrete
batboy,4.67,concrete
battery,4.67,concrete
beekeeper,4.67,concrete
bicep,4.67,concrete
bloodstain,4.67,concrete
bolt,4.67,concrete
breastplate,4.67,concrete
brushes,4.67,concrete
buck,4.67,concrete
buffet,4.67,concrete
catacomb,4.67,concrete
coleslaw,4.67,concrete
comet,4.67,concrete
copybook,4.67,concrete
cot,4.67,concrete
crossroads,4.67,concrete
cub,4.67,concrete
dachshund,4.67,concrete
drawer,4.67,concrete
enchilada,4.67,concrete
ferryman,4.67,concrete
flame,4.67,concrete
flock,4.67,concrete
floodlight,4.67,concrete
foliage,4.67,concrete
footrest,4.67,concrete
gemstone,4.67,concrete
gopher,4.67,concrete
guardhouse,4.67,concrete
hall,4.67,concrete
handcart,4.67,concrete
harpoon,4.67,concrete
harpsichord,4.67,concrete
intercom,4.67,concrete
laundryman,4.67,concrete
locker,4.67,concrete
macadamia,4.67,concrete
menu,4.67,concrete
moisturizer,4.67,concrete
mollusk,4.67,concrete
mouthwash,4.67,concrete
musket,4.67,concrete
outfielder,4.67,concrete
pagoda,4.67,concrete
pantry,4.67,concrete
parmesan,4.67,concrete
passageway,4.67,concrete
patrolman,4.67,concrete
pigtail,4.67,concrete
pilot,4.67,concrete
printer,4.67,concrete
puddle,4.67,concrete
raccoon,4.67,concrete
rag,4.67,concrete
redbird,4.67,concrete
rifleman,4.67,concrete
ringtone,4.67,concrete
roadway,4.67,concrete
sash,4.67,concrete
saucepan,4.67,concrete
seasoning,4.67,concrete
shelving,4.67,concrete
shepherd,4.67,concrete
snowbird,4.67,concrete
spa,4.67,concrete
stepbrother,4.67,concrete
stepladder,4.67,concrete
sticker,4.67,concrete
sundress,4.67,concrete
tailcoat,4.67,concrete
tailor,4.67,concrete
terrace,4.67,concrete
thermos,4.67,concrete
titanium,4.67,concrete
traffic,4.67,concrete
uniform,4.67,concrete
video,4.67,concrete
waiter,4.67,concrete
wardrobe,4.67,concrete
wasabi,4.67,concrete
waterfront,4.67,concrete
eave,4.67,concrete
jogging,4.67,concrete
smack,4.67,concrete
snowshoe,4.67,concrete
spout,4.67,concrete
autoworker,4.67,concrete
bank building,4.67,concrete
bath mat,4.67,concrete
bedrail,4.67,concrete
brass band,4.67,concrete
cartoon strip,4.67,concrete
cattle ranch,4.67,concrete
college student,4.67,concrete
datasheet,4.67,concrete
dehumidifier,4.67,concrete
doorplate,4.67,concrete
double bed,4.67,concrete
drinking water,4.67,concrete
fashion model,4.67,concrete
fire department,4.67,concrete
matchboard,4.67,concrete
mugshot,4.67,concrete
orange rind,4.67,concrete
police officer,4.67,concrete
rainwear,4.67,concrete
rest stop,4.67,concrete
rye bread,4.67,concrete
sesame seed,4.67,concrete
shower room,4.67,concrete
suckling pig,4.67,concrete
teletypewriter,4.67,concrete
toyshop,4.67,concrete
wind turbine,4.67,concrete
hemorrhoid,4.68,concrete
bill,4.68,concrete
crane,4.68,concrete
rosemary,4.68,concrete
aardvark,4.68,concrete
airstrip,4.68,concrete
axes,4.68,concrete
balcony,4.68,concrete
ballplayer,4.68,concrete
band,4.68,concrete
barbwire,4.68,concrete
barista,4.68,concrete
beaver,4.68,concrete
bison,4.68,concrete
blizzard,4.68,concrete
broth,4.68,concrete
bullring,4.68,concrete
buttermilk,4.68,concrete
canal,4.68,concrete
carburetor,4.68,concrete
carnival,4.68,concrete
catalog,4.68,concrete
catnip,4.68,concrete
cellar,4.68,concrete
chameleon,4.68,concrete
chessboard,4.68,concrete
coaster,4.68,concrete
curb,4.68,concrete
cushion,4.68,concrete
defibrillator,4.68,concrete
dugout,4.68,concrete
dumpster,4.68,concrete
dynamite,4.68,concrete
fire,4.68,concrete
firecracker,4.68,concrete
firehouse,4.68,concrete
fireplace,4.68,concrete
gallstone,4.68,concrete
geyser,4.68,concrete
goaltender,4.68,concrete
grout,4.68,concrete
gurney,4.68,concrete
guy,4.68,concrete
herring,4.68,concrete
icepick,4.68,concrete
janitor,4.68,concrete
jogger,4.68,concrete
kitchenware,4.68,concrete
liver,4.68,concrete
lizard,4.68,concrete
medallion,4.68,concrete
muffler,4.68,concrete
optician,4.68,concrete
pacemaker,4.68,concrete
parfait,4.68,concrete
petticoat,4.68,concrete
pipeline,4.68,concrete
pit,4.68,concrete
pocket,4.68,concrete
pompom,4.68,concrete
prison,4.68,concrete
recliner,4.68,concrete
riverbank,4.68,concrete
rupee,4.68,concrete
saloon,4.68,concrete
saloonkeeper,4.68,concrete
sandal,4.68,concrete
sauna,4.68,concrete
scarecrow,4.68,concrete
shampoo,4.68,concrete
silicon,4.68,concrete
slipknot,4.68,concrete
snapshot,4.68,concrete
spaceman,4.68,concrete
sparkler,4.68,concrete
sunroof,4.68,concrete
suspenders,4.68,concrete
sweatpants,4.68,concrete
tanker,4.68,concrete
tile,4.68,concrete
tricycle,4.68,concrete
tummy,4.68,concrete
tutu,4.68,concrete
vanilla,4.68,concrete
watchman,4.68,concrete
whetstone,4.68,concrete
wingtip,4.68,concrete
wishbone,4.68,concrete
woodshed,4.68,concrete
caulk,4.68,concrete
sandbag,4.68,concrete
whip,4.68,concrete
belly dancer,4.68,concrete
big dipper,4.68,concrete
black widow,4.68,concrete
body stocking,4.68,concrete
bookroom,4.68,concrete
brassware,4.68,concrete
bubble bath,4.68,concrete
chair lift,4.68,concrete
coral reef,4.68,concrete
drag queen,4.68,concrete
ear lobe,4.68,concrete
flatscreen,4.68,concrete
fly rod,4.68,concrete
freezer compartment,4.68,concrete
guestbook,4.68,concrete
guide dog,4.68,concrete
irish coffee,4.68,concrete
irish whiskey,4.68,concrete
lightswitch,4.68,concrete
lungworm,4.68,concrete
oatcake,4.68,concrete
pepper mill,4.68,concrete
play dough,4.68,concrete
price tag,4.68,concrete
prison guard,4.68,concrete
public library,4.68,concrete
soldering iron,4.68,concrete
soymilk,4.68,concrete
spray can,4.68,concrete
sunbonnet,4.68,concrete
symphony orchestra,4.68,concrete
toggle switch,4.68,concrete
towel rail,4.68,concrete
townhome,4.68,concrete
walmart,4.68,concrete
warehouseman,4.68,concrete
windshield wiper,4.68,concrete
wine cellar,4.68,concrete
workbasket,4.68,concrete
bald,4.69,concrete
lilac,4.69,concrete
jean,4.69,concrete
lily,4.69,concrete
poppy,4.69,concrete
watermill,4.69,concrete
wick,4.69,concrete
album,4.69,concrete
alfalfa,4.69,concrete
bathhouse,4.69,concrete
beautician,4.69,concrete
blowfish,4.69,concrete
brain,4.69,concrete
cannabis,4.69,concrete
cinema,4.69,concrete
cityscape,4.69,concrete
clover,4.69,concrete
cogwheel,4.69,concrete
crevasse,4.69,concrete
debris,4.69,concrete
dewdrop,4.69,concrete
diver,4.69,concrete
doctor,4.69,concrete
dumbbell,4.69,concrete
eel,4.69,concrete
elm,4.69,concrete
email,4.69,concrete
epidermis,4.69,concrete
featherbed,4.69,concrete
forearm,4.69,concrete
fur,4.69,concrete
furnace,4.69,concrete
garbage,4.69,concrete
genitalia,4.69,concrete
grandnephew,4.69,concrete
grapevine,4.69,concrete
handbrake,4.69,concrete
hardcover,4.69,concrete
humpback,4.69,concrete
lab,4.69,concrete
landfill,4.69,concrete
linebacker,4.69,concrete
mail,4.69,concrete
mastiff,4.69,concrete
measles,4.69,concrete
moat,4.69,concrete
moth,4.69,concrete
mussel,4.69,concrete
nutmeg,4.69,concrete
pendulum,4.69,concrete
petroleum,4.69,concrete
pianist,4.69,concrete
pincushion,4.69,concrete
ramp,4.69,concrete
revolver,4.69,concrete
riverbed,4.69,concrete
rosebush,4.69,concrete
scaffold,4.69,concrete
seafloor,4.69,concrete
sharpie,4.69,concrete
slipcover,4.69,concrete
sneaker,4.69,concrete
speaker,4.69,concrete
speakerphone,4.69,concrete
spearfish,4.69,concrete
splint,4.69,concrete
star,4.69,concrete
sternum,4.69,concrete
storekeeper,4.69,concrete
straightjacket,4.69,concrete
sunrise,4.69,concrete
tea,4.69,concrete
thumbprint,4.69,concrete
timer,4.69,concrete
tollgate,4.69,concrete
ulcer,4.69,concrete
vaccine,4.69,concrete
viper,4.69,concrete
warehouse,4.69,concrete
wheatgrass,4.69,concrete
wildflower,4.69,concrete
yardstick,4.69,concrete
auction house,4.69,concrete
beach chair,4.69,concrete
brake pedal,4.69,concrete
car bomb,4.69,concrete
car door,4.69,concrete
deckchair,4.69,concrete
dorm room,4.69,concrete
file folder,4.69,concrete
gameboy,4.69,concrete
garbage dump,4.69,concrete
griddlecake,4.69,concrete
haircutter,4.69,concrete
marathon runner,4.69,concrete
monkey wrench,4.69,concrete
motorhome,4.69,concrete
nicotine patch,4.69,concrete
operating room,4.69,concrete
overnight bag,4.69,concrete
pubic hair,4.69,concrete
rearview mirror,4.69,concrete
revolving door,4.69,concrete
ritalin,4.69,concrete
rock concert,4.69,concrete
rockfish,4.69,concrete
root vegetable,4.69,concrete
septic tank,4.69,concrete
shirtdress,4.69,concrete
social worker,4.69,concrete
tear gas,4.69,concrete
tennis player,4.69,concrete
touring car,4.69,concrete
vacuum pump,4.69,concrete
viperfish,4.69,concrete
soy,4.7,concrete
arrowhead,4.7,concrete
gong,4.7,concrete
provolone,4.7,concrete
reed,4.7,concrete
abdomen,4.7,concrete
airfield,4.7,concrete
army,4.7,concrete
auditorium,4.7,concrete
badminton,4.7,concrete
ballroom,4.7,concrete
beanstalk,4.7,concrete
biker,4.7,concrete
boomerang,4.7,concrete
brass,4.7,concrete
breadboard,4.7,concrete
bullfighter,4.7,concrete
bullhorn,4.7,concrete
buttonhole,4.7,concrete
campground,4.7,concrete
caviar,4.7,concrete
chamomile,4.7,concrete
cheese,4.7,concrete
cheetah,4.7,concrete
chess,4.7,concrete
chestnut,4.7,concrete
chowder,4.7,concrete
cleaver,4.7,concrete
comforter,4.7,concrete
denture,4.7,concrete
dildo,4.7,concrete
divers,4.7,concrete
doorknocker,4.7,concrete
doorpost,4.7,concrete
drywall,4.7,concrete
extinguisher,4.7,concrete
eyeglass,4.7,concrete
eyewash,4.7,concrete
fairground,4.7,concrete
fettuccine,4.7,concrete
freeway,4.7,concrete
frisbee,4.7,concrete
frogfish,4.7,concrete
glacier,4.7,concrete
gooseberry,4.7,concrete
grandmamma,4.7,concrete
gunsmith,4.7,concrete
heliport,4.7,concrete
henhouse,4.7,concrete
hoopskirt,4.7,concrete
hotplate,4.7,concrete
kayak,4.7,concrete
kneecap,4.7,concrete
lawyer,4.7,concrete
letter,4.7,concrete
limo,4.7,concrete
livestock,4.7,concrete
lobby,4.7,concrete
magnet,4.7,concrete
manhole,4.7,concrete
manor,4.7,concrete
market,4.7,concrete
meter,4.7,concrete
mines,4.7,concrete
notepad,4.7,concrete
nylon,4.7,concrete
patch,4.7,concrete
plaque,4.7,concrete
preacher,4.7,concrete
prune,4.7,concrete
reef,4.7,concrete
reindeer,4.7,concrete
ripcord,4.7,concrete
rodent,4.7,concrete
salamander,4.7,concrete
salsa,4.7,concrete
sergeant,4.7,concrete
silk,4.7,concrete
snakebite,4.7,concrete
sombrero,4.7,concrete
spaniel,4.7,concrete
spearmint,4.7,concrete
spittoon,4.7,concrete
spleen,4.7,concrete
squash,4.7,concrete
stamp,4.7,concrete
stewpot,4.7,concrete
storm,4.7,concrete
sunroom,4.7,concrete
swordsman,4.7,concrete
termite,4.7,concrete
ticket,4.7,concrete
trash,4.7,concrete
turtleneck,4.7,concrete
washer,4.7,concrete
whisker,4.7,concrete
windowsill,4.7,concrete
baby oil,4.7,concrete
breast implant,4.7,concrete
bulgur wheat,4.7,concrete
bullet hole,4.7,concrete
candlewick,4.7,concrete
clubfeet,4.7,concrete
collection box,4.7,concrete
cottonseed,4.7,concrete
dairyman,4.7,concrete
deerhound,4.7,concrete
electronic device,4.7,concrete
eye socket,4.7,concrete
fire exit,4.7,concrete
football coach,4.7,concrete
football player,4.7,concrete
hoody,4.7,concrete
little finger,4.7,concrete
living room,4.7,concrete
mine field,4.7,concrete
oil pan,4.7,concrete
operating table,4.7,concrete
orchestra pit,4.7,concrete
playset,4.7,concrete
pressure cooker,4.7,concrete
prozac,4.7,concrete
rock garden,4.7,concrete
round table,4.7,concrete
spiderweb,4.7,concrete
stateswoman,4.7,concrete
tax form,4.7,concrete
tennisracket,4.7,concrete
tree house,4.7,concrete
water fountain,4.7,concrete
water heater,4.7,concrete
woodchopper,4.7,concrete
Yorkshire pudding,4.7,concrete
billfold,4.71,concrete
canine,4.71,concrete
flowerbed,4.71,concrete
baker,4.71,concrete
cliff,4.71,concrete
piccolo,4.71,concrete
almond,4.71,concrete
apartments,4.71,concrete
appetizer,4.71,concrete
bassinet,4.71,concrete
blackhead,4.71,concrete
blister,4.71,concrete
bulldog,4.71,concrete
buttercup,4.71,concrete
cafeteria,4.71,concrete
cartilage,4.71,concrete
cheekbone,4.71,concrete
chip,4.71,concrete
cloak,4.71,concrete
codfish,4.71,concrete
corncob,4.71,concrete
cornflower,4.71,concrete
couch,4.71,concrete
driver,4.71,concrete
fan,4.71,concrete
film,4.71,concrete
fisherwoman,4.71,concrete
fishpond,4.71,concrete
frankincense,4.71,concrete
gerbil,4.71,concrete
golfer,4.71,concrete
hangnail,4.71,concrete
headdress,4.71,concrete
icebox,4.71,concrete
inhaler,4.71,concrete
jam,4.71,concrete
kilt,4.71,concrete
kingfisher,4.71,concrete
magnolia,4.71,concrete
monorail,4.71,concrete
navel,4.71,concrete
newsstand,4.71,concrete
noodle,4.71,concrete
ostrich,4.71,concrete
penlight,4.71,concrete
pet,4.71,concrete
pictures,4.71,concrete
pigeon,4.71,concrete
playroom,4.71,concrete
pope,4.71,concrete
pub,4.71,concrete
roadblock,4.71,concrete
sandalwood,4.71,concrete
scab,4.71,concrete
seed,4.71,concrete
shaft,4.71,concrete
silt,4.71,concrete
sleigh,4.71,concrete
squid,4.71,concrete
sweat,4.71,concrete
tattoo,4.71,concrete
tombstone,4.71,concrete
trunk,4.71,concrete
uterus,4.71,concrete
waffle,4.71,concrete
whey,4.71,concrete
zookeeper,4.71,concrete
buckle,4.71,concrete
spit,4.71,concrete
air mattress,4.71,concrete
blue cheese,4.71,concrete
building site,4.71,concrete
cake pan,4.71,concrete
car battery,4.71,concrete
cereal bowl,4.71,concrete
council member,4.71,concrete
cutting board,4.71,concrete
dart board,4.71,concrete
department store,4.71,concrete
earflap,4.71,concrete
first floor,4.71,concrete
fish oil,4.71,concrete
hangglider,4.71,concrete
ice skating,4.71,concrete
light switch,4.71,concrete
prize money,4.71,concrete
rag doll,4.71,concrete
shopping list,4.71,concrete
stenograph,4.71,concrete
sweet pepper,4.71,concrete
tickertape,4.71,concrete
wrapping paper,4.71,concrete
liquid,4.72,concrete
fort,4.72,concrete
passionflower,4.72,concrete
snakehead,4.72,concrete
stork,4.72,concrete
van,4.72,concrete
anchorman,4.72,concrete
atrium,4.72,concrete
beaker,4.72,concrete
bees,4.72,concrete
bin,4.72,concrete
blackboard,4.72,concrete
booklet,4.72,concrete
bulletin,4.72,concrete
cashmere,4.72,concrete
cereals,4.72,concrete
chinchilla,4.72,concrete
chocolate,4.72,concrete
condiment,4.72,concrete
copier,4.72,concrete
cornstalk,4.72,concrete
corridor,4.72,concrete
cosmetics,4.72,concrete
cowboy,4.72,concrete
daggers,4.72,concrete
feedbag,4.72,concrete
fishnet,4.72,concrete
gashouse,4.72,concrete
gasoline,4.72,concrete
gazelle,4.72,concrete
gearbox,4.72,concrete
gel,4.72,concrete
gravestone,4.72,concrete
hamstring,4.72,concrete
hand,4.72,concrete
handrail,4.72,concrete
highway,4.72,concrete
honeycomb,4.72,concrete
lambskin,4.72,concrete
ledge,4.72,concrete
mill,4.72,concrete
motorist,4.72,concrete
mullets,4.72,concrete
mummy,4.72,concrete
odometer,4.72,concrete
package,4.72,concrete
pavement,4.72,concrete
person,4.72,concrete
photocopier,4.72,concrete
pickax,4.72,concrete
pill,4.72,concrete
playhouse,4.72,concrete
pottery,4.72,concrete
poultry,4.72,concrete
princess,4.72,concrete
quartz,4.72,concrete
rudder,4.72,concrete
scallion,4.72,concrete
script,4.72,concrete
sedan,4.72,concrete
sheepdog,4.72,concrete
slicer,4.72,concrete
snakeskin,4.72,concrete
soldier,4.72,concrete
soup,4.72,concrete
stallion,4.72,concrete
stone,4.72,concrete
stripe,4.72,concrete
sunbather,4.72,concrete
sundial,4.72,concrete
tonsil,4.72,concrete
tripod,4.72,concrete
trout,4.72,concrete
valley,4.72,concrete
waist,4.72,concrete
weightlifter,4.72,concrete
wig,4.72,concrete
wire,4.72,concrete
yeast,4.72,concrete
bedspring,4.72,concrete
pee,4.72,concrete
pinkeye,4.72,concrete
slap,4.72,concrete
thundershower,4.72,concrete
air rifle,4.72,concrete
barbed wire,4.72,concrete
black eye,4.72,concrete
black tie,4.72,concrete
car dealer,4.72,concrete
dance hall,4.72,concrete
dark glasses,4.72,concrete
eye patch,4.72,concrete
finger painting,4.72,concrete
football team,4.72,concrete
goosebumps,4.72,concrete
icecream,4.72,concrete
landing strip,4.72,concrete
locker room,4.72,concrete
ocean liner,4.72,concrete
page number,4.72,concrete
piano player,4.72,concrete
price list,4.72,concrete
razor wire,4.72,concrete
rocket launcher,4.72,concrete
rolling pin,4.72,concrete
rubber stamp,4.72,concrete
safety pin,4.72,concrete
shower gel,4.72,concrete
snack food,4.72,concrete
soda water,4.72,concrete
travel agent,4.72,concrete
weather map,4.72,concrete
white paper,4.72,concrete
wind farm,4.72,concrete
boulevard,4.73,concrete
dolly,4.73,concrete
yoyo,4.73,concrete
ballot,4.73,concrete
bearskin,4.73,concrete
boatman,4.73,concrete
bowls,4.73,concrete
bruise,4.73,concrete
caramel,4.73,concrete
clergyman,4.73,concrete
cockatoo,4.73,concrete
copperhead,4.73,concrete
coveralls,4.73,concrete
dingo,4.73,concrete
fisherman,4.73,concrete
fluid,4.73,concrete
football,4.73,concrete
garden,4.73,concrete
giraffe,4.73,concrete
goldsmith,4.73,concrete
graffiti,4.73,concrete
highschool,4.73,concrete
igloo,4.73,concrete
jaybird,4.73,concrete
kennel,4.73,concrete
leatherjacket,4.73,concrete
lice,4.73,concrete
liquor,4.73,concrete
magma,4.73,concrete
mane,4.73,concrete
orthopedist,4.73,concrete
pajamas,4.73,concrete
pastureland,4.73,concrete
possum,4.73,concrete
prong,4.73,concrete
ranch,4.73,concrete
rocket,4.73,concrete
salon,4.73,concrete
satchel,4.73,concrete
satellite,4.73,concrete
skillet,4.73,concrete
smokestack,4.73,concrete
stableman,4.73,concrete
straitjacket,4.73,concrete
surfer,4.73,concrete
tassel,4.73,concrete
toga,4.73,concrete
tomb,4.73,concrete
tracksuit,4.73,concrete
trolley,4.73,concrete
vulture,4.73,concrete
wand,4.73,concrete
weatherman,4.73,concrete
crankshaft,4.73,concrete
piss,4.73,concrete
aluminum foil,4.73,concrete
black-eyed pea,4.73,concrete
clock tower,4.73,concrete
coal miner,4.73,concrete
cottonweed,4.73,concrete
crystal ball,4.73,concrete
field glasses,4.73,concrete
flying fish,4.73,concrete
grocery list,4.73,concrete
hair dye,4.73,concrete
lego,4.73,concrete
maternity hospital,4.73,concrete
mosquito bite,4.73,concrete
nametag,4.73,concrete
netbook,4.73,concrete
palmtree,4.73,concrete
parking lot,4.73,concrete
peg leg,4.73,concrete
phone company,4.73,concrete
polaroid,4.73,concrete
spinal cord,4.73,concrete
star fruit,4.73,concrete
sugar bowl,4.73,concrete
telephone line,4.73,concrete
toolshed,4.73,concrete
water pump,4.73,concrete
paramedic,4.74,concrete
pinewood,4.74,concrete
arcade,4.74,concrete
beanie,4.74,concrete
beef,4.74,concrete
bleach,4.74,concrete
bouquet,4.74,concrete
busboy,4.74,concrete
buzzard,4.74,concrete
cable,4.74,concrete
cardinal,4.74,concrete
decal,4.74,concrete
dimple,4.74,concrete
dome,4.74,concrete
drawstring,4.74,concrete
duct,4.74,concrete
earphone,4.74,concrete
eraser,4.74,concrete
eyepiece,4.74,concrete
farmhouse,4.74,concrete
granddaddy,4.74,concrete
grits,4.74,concrete
groceries,4.74,concrete
hallway,4.74,concrete
hoe,4.74,concrete
hoop,4.74,concrete
houseboat,4.74,concrete
intestines,4.74,concrete
joystick,4.74,concrete
lasso,4.74,concrete
leotard,4.74,concrete
milkmaid,4.74,concrete
mocha,4.74,concrete
mouth,4.74,concrete
nightstick,4.74,concrete
overalls,4.74,concrete
park,4.74,concrete
pastrami,4.74,concrete
peephole,4.74,concrete
pentagram,4.74,concrete
persimmon,4.74,concrete
postman,4.74,concrete
pretzel,4.74,concrete
pulley,4.74,concrete
radio,4.74,concrete
rye,4.74,concrete
sandstone,4.74,concrete
sawmill,4.74,concrete
scales,4.74,concrete
scar,4.74,concrete
shuffleboard,4.74,concrete
sink,4.74,concrete
steeple,4.74,concrete
stiletto,4.74,concrete
sunscreen,4.74,concrete
tattooist,4.74,concrete
teriyaki,4.74,concrete
tetherball,4.74,concrete
tray,4.74,concrete
treetop,4.74,concrete
warplane,4.74,concrete
washbasin,4.74,concrete
weasel,4.74,concrete
whiskey,4.74,concrete
cornflake,4.74,concrete
safflower,4.74,concrete
seedpod,4.74,concrete
barcode,4.74,concrete
bristle brush,4.74,concrete
chinstrap,4.74,concrete
corned beef,4.74,concrete
dinner table,4.74,concrete
discount store,4.74,concrete
listerine,4.74,concrete
maternity ward,4.74,concrete
omelette,4.74,concrete
peat moss,4.74,concrete
pine needle,4.74,concrete
plum pudding,4.74,concrete
recordplayer,4.74,concrete
red light,4.74,concrete
safety glass,4.74,concrete
scuba diver,4.74,concrete
slotted spoon,4.74,concrete
smoke alarm,4.74,concrete
sparkling water,4.74,concrete
tap water,4.74,concrete
teflon,4.74,concrete
town house,4.74,concrete
towrope,4.74,concrete
water filter,4.74,concrete
yellowcake,4.74,concrete
anklet,4.75,concrete
antenna,4.75,concrete
astronaut,4.75,concrete
banister,4.75,concrete
bodyguard,4.75,concrete
boysenberry,4.75,concrete
bronco,4.75,concrete
butt,4.75,concrete
cabbage,4.75,concrete
crypt,4.75,concrete
cutlery,4.75,concrete
dancer,4.75,concrete
dartboard,4.75,concrete
doorway,4.75,concrete
eclair,4.75,concrete
fillet,4.75,concrete
flashbulb,4.75,concrete
fleece,4.75,concrete
hairbrush,4.75,concrete
head,4.75,concrete
headstand,4.75,concrete
headwear,4.75,concrete
horsehair,4.75,concrete
kabob,4.75,concrete
keg,4.75,concrete
kettle,4.75,concrete
knob,4.75,concrete
lumberjack,4.75,concrete
lunchbox,4.75,concrete
machinery,4.75,concrete
mare,4.75,concrete
men,4.75,concrete
microchip,4.75,concrete
mockingbird,4.75,concrete
monastery,4.75,concrete
neighborhood,4.75,concrete
orchard,4.75,concrete
panda,4.75,concrete
pendant,4.75,concrete
pheasant,4.75,concrete
pinhole,4.75,concrete
puzzle,4.75,concrete
quicksand,4.75,concrete
reservoir,4.75,concrete
rhinoceros,4.75,concrete
road,4.75,concrete
rooster,4.75,concrete
sauce,4.75,concrete
seaplane,4.75,concrete
sideburn,4.75,concrete
squeegee,4.75,concrete
street,4.75,concrete
strings,4.75,concrete
supertanker,4.75,concrete
toolbox,4.75,concrete
trunks,4.75,concrete
twig,4.75,concrete
veal,4.75,concrete
volcano,4.75,concrete
windpipe,4.75,concrete
xylophone,4.75,concrete
skating,4.75,concrete
vomit,4.75,concrete
answering machine,4.75,concrete
basketball player,4.75,concrete
battering ram,4.75,concrete
bell tower,4.75,concrete
bookrack,4.75,concrete
bushfire,4.75,concrete
car wash,4.75,concrete
concert hall,4.75,concrete
dishwashing liquid,4.75,concrete
dry cleaners,4.75,concrete
duckbill,4.75,concrete
eyepatch,4.75,concrete
eyewink,4.75,concrete
gravel pit,4.75,concrete
hot tub,4.75,concrete
ice cap,4.75,concrete
ironworker,4.75,concrete
punchboard,4.75,concrete
razorblade,4.75,concrete
roller coaster,4.75,concrete
rollerskate,4.75,concrete
sailing ship,4.75,concrete
school teacher,4.75,concrete
ski resort,4.75,concrete
street sign,4.75,concrete
sweetcorn,4.75,concrete
tastebud,4.75,concrete
totem pole,4.75,concrete
truck stop,4.75,concrete
violinmaker,4.75,concrete
wagon wheel,4.75,concrete
whoopee cushion,4.75,concrete
yellow pages,4.75,concrete
armrest,4.76,concrete
basil,4.76,concrete
corvette,4.76,concrete
cypress,4.76,concrete
alcohol,4.76,concrete
aphid,4.76,concrete
armor,4.76,concrete
aspirin,4.76,concrete
bats,4.76,concrete
beefsteak,4.76,concrete
blimp,4.76,concrete
bloodhound,4.76,concrete
boy,4.76,concrete
brochure,4.76,concrete
cantaloupe,4.76,concrete
cheeseboard,4.76,concrete
classroom,4.76,concrete
clothes,4.76,concrete
cologne,4.76,concrete
condo,4.76,concrete
cowhide,4.76,concrete
detonator,4.76,concrete
drink,4.76,concrete
factory,4.76,concrete
fertilizer,4.76,concrete
fibula,4.76,concrete
fin,4.76,concrete
forest,4.76,concrete
gecko,4.76,concrete
geranium,4.76,concrete
gingersnap,4.76,concrete
greenhouse,4.76,concrete
grove,4.76,concrete
handlebar,4.76,concrete
hankie,4.76,concrete
hanky,4.76,concrete
hilltop,4.76,concrete
hydrant,4.76,concrete
ivory,4.76,concrete
kneepad,4.76,concrete
ladybird,4.76,concrete
lemongrass,4.76,concrete
mandolin,4.76,concrete
megaphone,4.76,concrete
mitt,4.76,concrete
mucus,4.76,concrete
packhorse,4.76,concrete
photographer,4.76,concrete
piranha,4.76,concrete
plant,4.76,concrete
playpen,4.76,concrete
powder,4.76,concrete
powerboat,4.76,concrete
rectangle,4.76,concrete
sapphire,4.76,concrete
schoolchild,4.76,concrete
schoolmaster,4.76,concrete
scrapbook,4.76,concrete
skyscraper,4.76,concrete
snowflake,4.76,concrete
soccer,4.76,concrete
spareribs,4.76,concrete
spud,4.76,concrete
string,4.76,concrete
superintendant,4.76,concrete
syrup,4.76,concrete
tailbone,4.76,concrete
teaspoon,4.76,concrete
timecard,4.76,concrete
toboggan,4.76,concrete
tollbooth,4.76,concrete
toolkit,4.76,concrete
topcoat,4.76,concrete
torch,4.76,concrete
tower,4.76,concrete
turban,4.76,concrete
tusk,4.76,concrete
washbowl,4.76,concrete
washroom,4.76,concrete
weapon,4.76,concrete
baking powder,4.76,concrete
bar code,4.76,concrete
birthday party,4.76,concrete
black pudding,4.76,concrete
blood vessel,4.76,concrete
cell phone,4.76,concrete
city hall,4.76,concrete
coat rack,4.76,concrete
disk drive,4.76,concrete
dressing room,4.76,concrete
elevator shaft,4.76,concrete
harddisk,4.76,concrete
hound dog,4.76,concrete
ice storm,4.76,concrete
jet engine,4.76,concrete
patchwork quilt,4.76,concrete
power cable,4.76,concrete
railway station,4.76,concrete
road map,4.76,concrete
sirloin steak,4.76,concrete
sleeping pill,4.76,concrete
steam bath,4.76,concrete
swinging door,4.76,concrete
vintage car,4.76,concrete
watering can,4.76,concrete
wet suit,4.76,concrete
wind chimes,4.76,concrete
eucalyptus,4.77,concrete
saltwater,4.77,concrete
bongo,4.77,concrete
cape,4.77,concrete
pumpernickel,4.77,concrete
ruby,4.77,concrete
anchor,4.77,concrete
aquarium,4.77,concrete
bayonet,4.77,concrete
beeper,4.77,concrete
blueprint,4.77,concrete
bobsleigh,4.77,concrete
casino,4.77,concrete
collie,4.77,concrete
comics,4.77,concrete
cricket,4.77,concrete
crossbow,4.77,concrete
crotch,4.77,concrete
datebook,4.77,concrete
deck,4.77,concrete
denim,4.77,concrete
detergent,4.77,concrete
driveway,4.77,concrete
eggshell,4.77,concrete
ferryboat,4.77,concrete
flypaper,4.77,concrete
footboard,4.77,concrete
fountain,4.77,concrete
ground,4.77,concrete
haircut,4.77,concrete
hammer,4.77,concrete
highlighter,4.77,concrete
jet,4.77,concrete
koala,4.77,concrete
lakefront,4.77,concrete
latex,4.77,concrete
lever,4.77,concrete
multivitamin,4.77,concrete
neckband,4.77,concrete
nutcrackers,4.77,concrete
organ,4.77,concrete
parsley,4.77,concrete
pillar,4.77,concrete
pimple,4.77,concrete
plate,4.77,concrete
playground,4.77,concrete
ponytail,4.77,concrete
pool,4.77,concrete
priest,4.77,concrete
sharkskin,4.77,concrete
silverfish,4.77,concrete
spinach,4.77,concrete
straw,4.77,concrete
streets,4.77,concrete
swimmer,4.77,concrete
tequila,4.77,concrete
webpage,4.77,concrete
wolverine,4.77,concrete
hardhat,4.77,concrete
bee sting,4.77,concrete
boa constrictor,4.77,concrete
chamber pot,4.77,concrete
clothesbasket,4.77,concrete
ear canal,4.77,concrete
farm worker,4.77,concrete
fruit fly,4.77,concrete
frying pan,4.77,concrete
glove compartment,4.77,concrete
hand towel,4.77,concrete
iceskate,4.77,concrete
lilly,4.77,concrete
millipede,4.77,concrete
ovenware,4.77,concrete
reclining chair,4.77,concrete
salad dressing,4.77,concrete
shaving cream,4.77,concrete
tennis court,4.77,concrete
tommy gun,4.77,concrete
touchpad,4.77,concrete
tumble dryer,4.77,concrete
vacuumcleaner,4.77,concrete
teddy,4.78,concrete
areola,4.78,concrete
ashcan,4.78,concrete
bank,4.78,concrete
barrack,4.78,concrete
boardwalk,4.78,concrete
boathouse,4.78,concrete
bodice,4.78,concrete
buckshot,4.78,concrete
burlap,4.78,concrete
burner,4.78,concrete
calipers,4.78,concrete
calzone,4.78,concrete
canvas,4.78,concrete
cartridge,4.78,concrete
child,4.78,concrete
earwig,4.78,concrete
garment,4.78,concrete
garter,4.78,concrete
gramophone,4.78,concrete
hillside,4.78,concrete
iceboat,4.78,concrete
incinerator,4.78,concrete
jigsaw,4.78,concrete
llama,4.78,concrete
matchbox,4.78,concrete
melon,4.78,concrete
moccasin,4.78,concrete
muffin,4.78,concrete
mullet,4.78,concrete
notepaper,4.78,concrete
oats,4.78,concrete
okra,4.78,concrete
pantsuit,4.78,concrete
paperweight,4.78,concrete
parachute,4.78,concrete
parenthesis,4.78,concrete
pasture,4.78,concrete
periscope,4.78,concrete
pharmacy,4.78,concrete
puppy,4.78,concrete
radiator,4.78,concrete
redhead,4.78,concrete
rollerblade,4.78,concrete
ropes,4.78,concrete
salami,4.78,concrete
sawhorse,4.78,concrete
seat,4.78,concrete
sheepskin,4.78,concrete
shirttail,4.78,concrete
skydiver,4.78,concrete
sleet,4.78,concrete
smock,4.78,concrete
snowdrift,4.78,concrete
speedometer,4.78,concrete
stripper,4.78,concrete
stump,4.78,concrete
sweater,4.78,concrete
swimsuit,4.78,concrete
tabletop,4.78,concrete
tar,4.78,concrete
tavern,4.78,concrete
tightrope,4.78,concrete
tugboat,4.78,concrete
washrag,4.78,concrete
yolk,4.78,concrete
chickenfeed,4.78,concrete
flatworm,4.78,concrete
leaves,4.78,concrete
art gallery,4.78,concrete
birthday card,4.78,concrete
butternut squash,4.78,concrete
cash machine,4.78,concrete
compost heap,4.78,concrete
dining room,4.78,concrete
handgrenade,4.78,concrete
hempseed,4.78,concrete
jelly roll,4.78,concrete
office furniture,4.78,concrete
oil tanker,4.78,concrete
old lady,4.78,concrete
parking space,4.78,concrete
razor blade,4.78,concrete
redfish,4.78,concrete
residential home,4.78,concrete
sandwich board,4.78,concrete
sewingmachine,4.78,concrete
shopping center,4.78,concrete
ski boots,4.78,concrete
sofa bed,4.78,concrete
step stool,4.78,concrete
stun gun,4.78,concrete
trolley car,4.78,concrete
whiteboard,4.78,concrete
china,4.79,concrete
cob,4.79,concrete
knight,4.79,concrete
shore,4.79,concrete
amplifier,4.79,concrete
amputee,4.79,concrete
ape,4.79,concrete
atlas,4.79,concrete
audiotape,4.79,concrete
barbell,4.79,concrete
barn,4.79,concrete
barnyard,4.79,concrete
beach,4.79,concrete
beanpole,4.79,concrete
bedpost,4.79,concrete
bib,4.79,concrete
blackheads,4.79,concrete
blazer,4.79,concrete
bluefish,4.79,concrete
body,4.79,concrete
breadfruit,4.79,concrete
brickyard,4.79,concrete
bucktooth,4.79,concrete
bunker,4.79,concrete
buttock,4.79,concrete
cabana,4.79,concrete
cabdriver,4.79,concrete
calamari,4.79,concrete
campfire,4.79,concrete
cannon,4.79,concrete
cappuccino,4.79,concrete
carport,4.79,concrete
chandelier,4.79,concrete
chili,4.79,concrete
city,4.79,concrete
cobblestone,4.79,concrete
cock,4.79,concrete
coconut,4.79,concrete
cola,4.79,concrete
cornbread,4.79,concrete
coupon,4.79,concrete
cupboard,4.79,concrete
dandruff,4.79,concrete
daughter,4.79,concrete
dinnerware,4.79,concrete
dishrag,4.79,concrete
doghouse,4.79,concrete
doorframe,4.79,concrete
doorman,4.79,concrete
dough,4.79,concrete
drums,4.79,concrete
dryer,4.79,concrete
earpiece,4.79,concrete
elevator,4.79,concrete
emu,4.79,concrete
encyclopedia,4.79,concrete
flag,4.79,concrete
flask,4.79,concrete
fondue,4.79,concrete
footpath,4.79,concrete
forceps,4.79,concrete
forklift,4.79,concrete
fuselage,4.79,concrete
futon,4.79,concrete
gazebo,4.79,concrete
gelatin,4.79,concrete
goldfish,4.79,concrete
gumball,4.79,concrete
gunpowder,4.79,concrete
hairball,4.79,concrete
hairdresser,4.79,concrete
hairstylist,4.79,concrete
headphones,4.79,concrete
herbs,4.79,concrete
hook,4.79,concrete
housedress,4.79,concrete
inkpad,4.79,concrete
kaleidoscope,4.79,concrete
latch,4.79,concrete
loaf,4.79,concrete
lotion,4.79,concrete
man,4.79,concrete
medicine,4.79,concrete
motorbike,4.79,concrete
motorcyclist,4.79,concrete
nickel,4.79,concrete
orchestra,4.79,concrete
paintball,4.79,concrete
paintbrush,4.79,concrete
pancreas,4.79,concrete
pantaloons,4.79,concrete
particleboard,4.79,concrete
payphone,4.79,concrete
placenta,4.79,concrete
plastic,4.79,concrete
police,4.79,concrete
pork,4.79,concrete
pussycat,4.79,concrete
railing,4.79,concrete
ravens,4.79,concrete
roof,4.79,concrete
roofer,4.79,concrete
room,4.79,concrete
rug,4.79,concrete
saucer,4.79,concrete
scanner,4.79,concrete
school,4.79,concrete
sculpture,4.79,concrete
sea,4.79,concrete
seatbelt,4.79,concrete
semen,4.79,concrete
sheepherder,4.79,concrete
shipyard,4.79,concrete
sketchbook,4.79,concrete
skin,4.79,concrete
skylight,4.79,concrete
somersault,4.79,concrete
spyglass,4.79,concrete
stadium,4.79,concrete
steakhouse,4.79,concrete
steamroller,4.79,concrete
strap,4.79,concrete
strongbox,4.79,concrete
syringes,4.79,concrete
taffy,4.79,concrete
thesaurus,4.79,concrete
tinderbox,4.79,concrete
trailer,4.79,concrete
train,4.79,concrete
turnip,4.79,concrete
villa,4.79,concrete
waistband,4.79,concrete
wheelbarrow,4.79,concrete
wildcat,4.79,concrete
wine,4.79,concrete
wolf,4.79,concrete
woodworm,4.79,concrete
wristband,4.79,concrete
centipede,4.79,concrete
firebomb,4.79,concrete
handcuff,4.79,concrete
paint,4.79,concrete
apartment building,4.79,concrete
automatic pistol,4.79,concrete
baby powder,4.79,concrete
bank robber,4.79,concrete
blow dryer,4.79,concrete
butcher shop,4.79,concrete
carbon paper,4.79,concrete
celery salt,4.79,concrete
chicken pox,4.79,concrete
cover letter,4.79,concrete
creme caramel,4.79,concrete
deckhouse,4.79,concrete
doorsill,4.79,concrete
double chin,4.79,concrete
duffel bag,4.79,concrete
flying saucer,4.79,concrete
funeral home,4.79,concrete
garden hose,4.79,concrete
gas station,4.79,concrete
gift wrap,4.79,concrete
glass eye,4.79,concrete
hoodie,4.79,concrete
letter opener,4.79,concrete
life vest,4.79,concrete
lightsaber,4.79,concrete
love seat,4.79,concrete
luggage rack,4.79,concrete
measuring stick,4.79,concrete
meat grinder,4.79,concrete
minidress,4.79,concrete
nail file,4.79,concrete
oil refinery,4.79,concrete
paper clip,4.79,concrete
rain drop,4.79,concrete
rolex,4.79,concrete
sailor suit,4.79,concrete
salesclerk,4.79,concrete
school principal,4.79,concrete
ski lodge,4.79,concrete
sleeping bag,4.79,concrete
sperm bank,4.79,concrete
state prison,4.79,concrete
sweet corn,4.79,concrete
tarot card,4.79,concrete
telephone booth,4.79,concrete
tidal wave,4.79,concrete
truck driver,4.79,concrete
tuna fish,4.79,concrete
turn signal,4.79,concrete
video game,4.79,concrete
war memorial,4.79,concrete
yellowpages,4.79,concrete
headrest,4.8,concrete
armpit,4.8,concrete
banner,4.8,concrete
beet,4.8,concrete
belly,4.8,concrete
beret,4.8,concrete
boar,4.8,concrete
broomstick,4.8,concrete
buttons,4.8,concrete
cannonball,4.8,concrete
celery,4.8,concrete
cheesecloth,4.8,concrete
chicken,4.8,concrete
coalmine,4.8,concrete
cowbell,4.8,concrete
crumb,4.8,concrete
disk,4.8,concrete
earth,4.8,concrete
fireman,4.8,concrete
floor,4.8,concrete
food,4.8,concrete
fortress,4.8,concrete
goatskin,4.8,concrete
grain,4.8,concrete
headpiece,4.8,concrete
heater,4.8,concrete
jeep,4.8,concrete
lamplight,4.8,concrete
library,4.8,concrete
linen,4.8,concrete
locust,4.8,concrete
matchbook,4.8,concrete
mug,4.8,concrete
officer,4.8,concrete
paddle,4.8,concrete
prairie,4.8,concrete
saleswoman,4.8,concrete
shell,4.8,concrete
shinbone,4.8,concrete
shrimp,4.8,concrete
spacecraft,4.8,concrete
stegosaurus,4.8,concrete
submarine,4.8,concrete
sunflower,4.8,concrete
talon,4.8,concrete
tank,4.8,concrete
tarmac,4.8,concrete
vineyard,4.8,concrete
wolfhound,4.8,concrete
sit,4.8,concrete
air filter,4.8,concrete
baseball player,4.8,concrete
bowler hat,4.8,concrete
checkbox,4.8,concrete
chewing gum,4.8,concrete
comic strip,4.8,concrete
cruise missile,4.8,concrete
diving board,4.8,concrete
drainage ditch,4.8,concrete
fieldworker,4.8,concrete
flute player,4.8,concrete
horsetail,4.8,concrete
jazz band,4.8,concrete
kickstand,4.8,concrete
oil lamp,4.8,concrete
orange juice,4.8,concrete
plexiglas,4.8,concrete
radiophone,4.8,concrete
rainbow trout,4.8,concrete
smoke detector,4.8,concrete
soapsuds,4.8,concrete
spice rack,4.8,concrete
sprinkler system,4.8,concrete
sugar cube,4.8,concrete
Swiss chard,4.8,concrete
tapemeasure,4.8,concrete
tea bag,4.8,concrete
theme park,4.8,concrete
threshing machine,4.8,concrete
toadfish,4.8,concrete
wooden spoon,4.8,concrete
tangerine,4.81,concrete
beagle,4.81,concrete
mace,4.81,concrete
airbag,4.81,concrete
albatross,4.81,concrete
alpaca,4.81,concrete
ambulance,4.81,concrete
ankle,4.81,concrete
bankbook,4.81,concrete
bathmat,4.81,concrete
battleship,4.81,concrete
bay,4.81,concrete
beanbags,4.81,concrete
brandy,4.81,concrete
cake,4.81,concrete
camisole,4.81,concrete
canyon,4.81,concrete
capes,4.81,concrete
coffee,4.81,concrete
cowskin,4.81,concrete
crabmeat,4.81,concrete
crown,4.81,concrete
crumpet,4.81,concrete
door,4.81,concrete
ductwork,4.81,concrete
eyedrop,4.81,concrete
fiddle,4.81,concrete
flamingo,4.81,concrete
flowerpot,4.81,concrete
footbridge,4.81,concrete
fruit,4.81,concrete
gold,4.81,concrete
goose,4.81,concrete
gymnasium,4.81,concrete
hanger,4.81,concrete
hole,4.81,concrete
horseradish,4.81,concrete
inchworm,4.81,concrete
inkblot,4.81,concrete
kale,4.81,concrete
keypad,4.81,concrete
lavatory,4.81,concrete
macaw,4.81,concrete
miniskirt,4.81,concrete
nightstand,4.81,concrete
nutcracker,4.81,concrete
orangutan,4.81,concrete
oregano,4.81,concrete
parcel,4.81,concrete
perspiration,4.81,concrete
piston,4.81,concrete
pot,4.81,concrete
pothole,4.81,concrete
ring,4.81,concrete
rodeo,4.81,concrete
rowboat,4.81,concrete
rump,4.81,concrete
salesman,4.81,concrete
salmon,4.81,concrete
snowmobile,4.81,concrete
syringe,4.81,concrete
teleprompter,4.81,concrete
tweed,4.81,concrete
veggie,4.81,concrete
wallet,4.81,concrete
waterspout,4.81,concrete
wiener,4.81,concrete
zoo,4.81,concrete
screw,4.81,concrete
tie,4.81,concrete
air pump,4.81,concrete
bank card,4.81,concrete
bed linen,4.81,concrete
black box,4.81,concrete
booster seat,4.81,concrete
brain scan,4.81,concrete
butcher knife,4.81,concrete
canopener,4.81,concrete
check mark,4.81,concrete
chicken wire,4.81,concrete
chive,4.81,concrete
chocolate mousse,4.81,concrete
cigar box,4.81,concrete
dalmatian,4.81,concrete
drycleaner,4.81,concrete
evening gown,4.81,concrete
freight train,4.81,concrete
golf cart,4.81,concrete
golf course,4.81,concrete
hand mirror,4.81,concrete
hunting lodge,4.81,concrete
jewelry store,4.81,concrete
jumbo jet,4.81,concrete
mole rat,4.81,concrete
motion picture,4.81,concrete
paraglider,4.81,concrete
patrol car,4.81,concrete
postage stamp,4.81,concrete
quill pen,4.81,concrete
rollercoaster,4.81,concrete
silverplate,4.81,concrete
soupspoon,4.81,concrete
sun porch,4.81,concrete
sweat suit,4.81,concrete
weed killer,4.81,concrete
zoom lens,4.81,concrete
soybean,4.82,concrete
airboat,4.82,concrete
alley,4.82,concrete
bartender,4.82,concrete
bratwurst,4.82,concrete
brownie,4.82,concrete
champagne,4.82,concrete
chinaware,4.82,concrete
cornflakes,4.82,concrete
cougar,4.82,concrete
crossbeam,4.82,concrete
curtain,4.82,concrete
diaper,4.82,concrete
diner,4.82,concrete
dishware,4.82,concrete
doorbell,4.82,concrete
doorstop,4.82,concrete
drugstore,4.82,concrete
earplug,4.82,concrete
fence,4.82,concrete
flagstone,4.82,concrete
gladiator,4.82,concrete
glass,4.82,concrete
grate,4.82,concrete
hairpiece,4.82,concrete
jewelry,4.82,concrete
jumpsuit,4.82,concrete
kiln,4.82,concrete
labia,4.82,concrete
lampshade,4.82,concrete
lava,4.82,concrete
leather,4.82,concrete
locket,4.82,concrete
locomotive,4.82,concrete
loudspeaker,4.82,concrete
lung,4.82,concrete
machete,4.82,concrete
newspaper,4.82,concrete
oak,4.82,concrete
people,4.82,concrete
plywood,4.82,concrete
pressroom,4.82,concrete
rhinestone,4.82,concrete
scalp,4.82,concrete
shingle,4.82,concrete
shorts,4.82,concrete
sidecar,4.82,concrete
skateboarder,4.82,concrete
skirt,4.82,concrete
snails,4.82,concrete
sperm,4.82,concrete
streetlight,4.82,concrete
swimwear,4.82,concrete
tablet,4.82,concrete
teabag,4.82,concrete
tinsel,4.82,concrete
toadstool,4.82,concrete
tube,4.82,concrete
tunnel,4.82,concrete
vagina,4.82,concrete
welder,4.82,concrete
yard,4.82,concrete
clamshell,4.82,concrete
calender,4.82,concrete
chicken leg,4.82,concrete
dental floss,4.82,concrete
doorhandle,4.82,concrete
fish farm,4.82,concrete
fruit punch,4.82,concrete
gun barrel,4.82,concrete
hang glider,4.82,concrete
iced tea,4.82,concrete
icemaker,4.82,concrete
japan,4.82,concrete
mince pie,4.82,concrete
mountain climber,4.82,concrete
paddlefish,4.82,concrete
pinewoods,4.82,concrete
rice paper,4.82,concrete
roadmap,4.82,concrete
salad oil,4.82,concrete
sketch pad,4.82,concrete
space shuttle,4.82,concrete
sugar cane,4.82,concrete
tupperware,4.82,concrete
water tank,4.82,concrete
whisk broom,4.82,concrete
buffalo,4.83,concrete
aloe,4.83,concrete
arena,4.83,concrete
asphalt,4.83,concrete
bakery,4.83,concrete
bathwater,4.83,concrete
beetle,4.83,concrete
billboard,4.83,concrete
blowgun,4.83,concrete
bonfire,4.83,concrete
boxcar,4.83,concrete
brick,4.83,concrete
broiler,4.83,concrete
bullet,4.83,concrete
buttocks,4.83,concrete
candy,4.83,concrete
cedar,4.83,concrete
cereal,4.83,concrete
chalice,4.83,concrete
cheek,4.83,concrete
claw,4.83,concrete
closet,4.83,concrete
coatroom,4.83,concrete
cocoon,4.83,concrete
coke,4.83,concrete
cornmeal,4.83,concrete
cream,4.83,concrete
crocodile,4.83,concrete
cubicle,4.83,concrete
cucumber,4.83,concrete
darts,4.83,concrete
doormat,4.83,concrete
dragonfly,4.83,concrete
equipment,4.83,concrete
eyeliner,4.83,concrete
ferry,4.83,concrete
gnat,4.83,concrete
graveyard,4.83,concrete
guidebook,4.83,concrete
gun,4.83,concrete
gym,4.83,concrete
hairpin,4.83,concrete
headgear,4.83,concrete
headset,4.83,concrete
highchair,4.83,concrete
hitchhiker,4.83,concrete
hive,4.83,concrete
hookah,4.83,concrete
horsehide,4.83,concrete
iguana,4.83,concrete
jail,4.83,concrete
leg,4.83,concrete
lemonade,4.83,concrete
luggage,4.83,concrete
mall,4.83,concrete
marmalade,4.83,concrete
martini,4.83,concrete
mat,4.83,concrete
missile,4.83,concrete
molar,4.83,concrete
mouse,4.83,concrete
mousse,4.83,concrete
mushroom,4.83,concrete
nipple,4.83,concrete
palm,4.83,concrete
penknife,4.83,concrete
penny,4.83,concrete
picnic,4.83,concrete
platypus,4.83,concrete
poop,4.83,concrete
racehorse,4.83,concrete
rancher,4.83,concrete
sandbank,4.83,concrete
scaffolding,4.83,concrete
seafood,4.83,concrete
sherbet,4.83,concrete
skies,4.83,concrete
skull,4.83,concrete
slaughterhouse,4.83,concrete
sloth,4.83,concrete
sphinx,4.83,concrete
stairway,4.83,concrete
stencil,4.83,concrete
sticks,4.83,concrete
stopper,4.83,concrete
sun,4.83,concrete
sunglasses,4.83,concrete
tarantula,4.83,concrete
television,4.83,concrete
thread,4.83,concrete
thunderstorm,4.83,concrete
tomahawk,4.83,concrete
torso,4.83,concrete
valve,4.83,concrete
weeds,4.83,concrete
yoke,4.83,concrete
zipper,4.83,concrete
lei,4.83,concrete
houseplant,4.83,concrete
addressbook,4.83,concrete
air base,4.83,concrete
bass guitar,4.83,concrete
body armor,4.83,concrete
breastmilk,4.83,concrete
candle flame,4.83,concrete
car horn,4.83,concrete
chili pepper,4.83,concrete
coal mine,4.83,concrete
coffee shop,4.83,concrete
computer screen,4.83,concrete
computer store,4.83,concrete
cornhusk,4.83,concrete
dress shop,4.83,concrete
egg white,4.83,concrete
ferris wheel,4.83,concrete
firing squad,4.83,concrete
fishing gear,4.83,concrete
fishing rod,4.83,concrete
fishtank,4.83,concrete
fitting room,4.83,concrete
fur coat,4.83,concrete
garter belt,4.83,concrete
gokart,4.83,concrete
health spa,4.83,concrete
horsemeat,4.83,concrete
ironingboard,4.83,concrete
keycard,4.83,concrete
liquor store,4.83,concrete
mousepad,4.83,concrete
musical instrument,4.83,concrete
mustard seed,4.83,concrete
pencil case,4.83,concrete
piecrust,4.83,concrete
piggybank,4.83,concrete
prayer book,4.83,concrete
prison cell,4.83,concrete
salad bowl,4.83,concrete
sea horse,4.83,concrete
shoe store,4.83,concrete
side door,4.83,concrete
slot machine,4.83,concrete
string quartet,4.83,concrete
sun deck,4.83,concrete
table tennis,4.83,concrete
tee shirt,4.83,concrete
toilet bowl,4.83,concrete
vendingmachine,4.83,concrete
wedding ring,4.83,concrete
weeping willow,4.83,concrete
white sauce,4.83,concrete
woodstove,4.83,concrete
bomb,4.84,concrete
bookshop,4.84,concrete
bugle,4.84,concrete
cookware,4.84,concrete
curry,4.84,concrete
cyclist,4.84,concrete
gator,4.84,concrete
mice,4.84,concrete
minnow,4.84,concrete
molasses,4.84,concrete
motor,4.84,concrete
oar,4.84,concrete
sack,4.84,concrete
scorpion,4.84,concrete
sealskin,4.84,concrete
sleeve,4.84,concrete
truck,4.84,concrete
tumbleweed,4.84,concrete
violinist,4.84,concrete
rake,4.84,concrete
apple tree,4.84,concrete
christmastree,4.84,concrete
coffee can,4.84,concrete
emergency room,4.84,concrete
ice water,4.84,concrete
keelboat,4.84,concrete
marblewood,4.84,concrete
metal detector,4.84,concrete
oillamp,4.84,concrete
pencil skirt,4.84,concrete
scrambled egg,4.84,concrete
roadsweeper,4.85,concrete
garland,4.85,concrete
marsh,4.85,concrete
sparrow,4.85,concrete
altar,4.85,concrete
ammo,4.85,concrete
antennae,4.85,concrete
bandage,4.85,concrete
barbershop,4.85,concrete
bath,4.85,concrete
bedspread,4.85,concrete
bull,4.85,concrete
bullwhip,4.85,concrete
candleholder,4.85,concrete
catfish,4.85,concrete
catsup,4.85,concrete
ceiling,4.85,concrete
charcoal,4.85,concrete
cinnamon,4.85,concrete
collarbone,4.85,concrete
container,4.85,concrete
corkscrew,4.85,concrete
cottage,4.85,concrete
custard,4.85,concrete
daybook,4.85,concrete
dime,4.85,concrete
disc,4.85,concrete
dog,4.85,concrete
dogwood,4.85,concrete
duvet,4.85,concrete
eyebrow,4.85,concrete
eyes,4.85,concrete
foam,4.85,concrete
gargoyle,4.85,concrete
girl,4.85,concrete
granola,4.85,concrete
gutter,4.85,concrete
gymnast,4.85,concrete
harp,4.85,concrete
hayfield,4.85,concrete
hearse,4.85,concrete
hemp,4.85,concrete
jalapeno,4.85,concrete
kazoo,4.85,concrete
kebab,4.85,concrete
kerchief,4.85,concrete
lace,4.85,concrete
landmine,4.85,concrete
levers,4.85,concrete
linoleum,4.85,concrete
machinegun,4.85,concrete
mantis,4.85,concrete
marble,4.85,concrete
marshmallow,4.85,concrete
mistletoe,4.85,concrete
mold,4.85,concrete
oyster,4.85,concrete
pajama,4.85,concrete
parsnip,4.85,concrete
pinecone,4.85,concrete
plum,4.85,concrete
potato,4.85,concrete
potpie,4.85,concrete
punchbowl,4.85,concrete
raceway,4.85,concrete
rat,4.85,concrete
rifle,4.85,concrete
saddle,4.85,concrete
sandpaper,4.85,concrete
scissors,4.85,concrete
scone,4.85,concrete
snow,4.85,concrete
stairwell,4.85,concrete
stickers,4.85,concrete
sunfish,4.85,concrete
tablecloth,4.85,concrete
tarp,4.85,concrete
tepee,4.85,concrete
topsoil,4.85,concrete
valium,4.85,concrete
washstand,4.85,concrete
wood,4.85,concrete
wristwatch,4.85,concrete
zit,4.85,concrete
blinking,4.85,concrete
earmuff,4.85,concrete
alarm clock,4.85,concrete
armored car,4.85,concrete
ball park,4.85,concrete
ballpoint pen,4.85,concrete
buttercream,4.85,concrete
carriage house,4.85,concrete
curling iron,4.85,concrete
dance floor,4.85,concrete
data file,4.85,concrete
easter egg,4.85,concrete
felt-tip pen,4.85,concrete
file cabinet,4.85,concrete
fire hydrant,4.85,concrete
fire station,4.85,concrete
grizzly bear,4.85,concrete
hand luggage,4.85,concrete
headscarf,4.85,concrete
hockey stick,4.85,concrete
hymnbook,4.85,concrete
milk powder,4.85,concrete
minibar,4.85,concrete
motel room,4.85,concrete
motor scooter,4.85,concrete
muppet,4.85,concrete
oil well,4.85,concrete
phone bill,4.85,concrete
phototube,4.85,concrete
piano stool,4.85,concrete
ping-pong ball,4.85,concrete
plaster cast,4.85,concrete
plasterboard,4.85,concrete
polo shirt,4.85,concrete
pot roast,4.85,concrete
punchingbag,4.85,concrete
safetypin,4.85,concrete
satellite dish,4.85,concrete
sea bass,4.85,concrete
shoebox,4.85,concrete
solar panel,4.85,concrete
teacake,4.85,concrete
treeline,4.85,concrete
twin bed,4.85,concrete
underwire,4.85,concrete
walking stick,4.85,concrete
washingmachine,4.85,concrete
rubber,4.86,concrete
coffeecake,4.86,concrete
accordion,4.86,concrete
ant,4.86,concrete
anteater,4.86,concrete
antler,4.86,concrete
anus,4.86,concrete
asteroid,4.86,concrete
bamboo,4.86,concrete
barrel,4.86,concrete
baseball,4.86,concrete
blood,4.86,concrete
briefcase,4.86,concrete
calculator,4.86,concrete
candle,4.86,concrete
canoe,4.86,concrete
carriage,4.86,concrete
casket,4.86,concrete
cat,4.86,concrete
cathedral,4.86,concrete
chariot,4.86,concrete
chiropractor,4.86,concrete
clothesline,4.86,concrete
cloverleaf,4.86,concrete
coffin,4.86,concrete
cone,4.86,concrete
cork,4.86,concrete
cornea,4.86,concrete
courthouse,4.86,concrete
crib,4.86,concrete
cufflink,4.86,concrete
deer,4.86,concrete
desert,4.86,concrete
dice,4.86,concrete
dirt,4.86,concrete
dishtowel,4.86,concrete
dishwasher,4.86,concrete
dollhouse,4.86,concrete
drainpipe,4.86,concrete
duck,4.86,concrete
engine,4.86,concrete
farmland,4.86,concrete
figurine,4.86,concrete
fireworks,4.86,concrete
flagpole,4.86,concrete
frosting,4.86,concrete
gourd,4.86,concrete
grandfather,4.86,concrete
grill,4.86,concrete
guava,4.86,concrete
hamster,4.86,concrete
hatbox,4.86,concrete
heel,4.86,concrete
honeybee,4.86,concrete
honeydew,4.86,concrete
husk,4.86,concrete
jacket,4.86,concrete
kangaroo,4.86,concrete
kitten,4.86,concrete
kiwi,4.86,concrete
leggings,4.86,concrete
lobster,4.86,concrete
meadow,4.86,concrete
mower,4.86,concrete
mud,4.86,concrete
nacho,4.86,concrete
neckline,4.86,concrete
nest,4.86,concrete
ocean,4.86,concrete
onion,4.86,concrete
otter,4.86,concrete
ox,4.86,concrete
pan,4.86,concrete
pancake,4.86,concrete
pants,4.86,concrete
paperboy,4.86,concrete
pasta,4.86,concrete
pawnshop,4.86,concrete
pebble,4.86,concrete
peninsula,4.86,concrete
phone,4.86,concrete
pollen,4.86,concrete
pomegranate,4.86,concrete
professor,4.86,concrete
puma,4.86,concrete
rainstorm,4.86,concrete
raven,4.86,concrete
receipt,4.86,concrete
rhubarb,4.86,concrete
rice,4.86,concrete
ricotta,4.86,concrete
rooftop,4.86,concrete
runner,4.86,concrete
sailor,4.86,concrete
sandbox,4.86,concrete
scalpel,4.86,concrete
schoolhouse,4.86,concrete
sheetrock,4.86,concrete
shin,4.86,concrete
skateboard,4.86,concrete
sketchpad,4.86,concrete
slipper,4.86,concrete
snowboard,4.86,concrete
snowstorm,4.86,concrete
stethoscope,4.86,concrete
stocking,4.86,concrete
subway,4.86,concrete
sunlamp,4.86,concrete
tadpole,4.86,concrete
taillight,4.86,concrete
tamale,4.86,concrete
tambourine,4.86,concrete
tampon,4.86,concrete
teashop,4.86,concrete
textbook,4.86,concrete
toenail,4.86,concrete
tofu,4.86,concrete
towel,4.86,concrete
townhouse,4.86,concrete
trashcan,4.86,concrete
trumpet,4.86,concrete
tuba,4.86,concrete
turpentine,4.86,concrete
tuxedo,4.86,concrete
vine,4.86,concrete
wall,4.86,concrete
warship,4.86,concrete
washboard,4.86,concrete
wheel,4.86,concrete
window,4.86,concrete
windowpane,4.86,concrete
windshield,4.86,concrete
wing,4.86,concrete
wool,4.86,concrete
zebra,4.86,concrete
ankle bracelet,4.86,concrete
apple juice,4.86,concrete
armored vehicle,4.86,concrete
banana peel,4.86,concrete
bathing suit,4.86,concrete
beer bottle,4.86,concrete
book bag,4.86,concrete
bookbag,4.86,concrete
bow tie,4.86,concrete
bus driver,4.86,concrete
bus station,4.86,concrete
cargo ship,4.86,concrete
cd player,4.86,concrete
checkered flag,4.86,concrete
chess set,4.86,concrete
christmas card,4.86,concrete
cocker spaniel,4.86,concrete
cold sore,4.86,concrete
cookie jar,4.86,concrete
credit card,4.86,concrete
cruise ship,4.86,concrete
cuckoo clock,4.86,concrete
dairy farm,4.86,concrete
deck chair,4.86,concrete
delivery boy,4.86,concrete
emergency exit,4.86,concrete
eyeshadow,4.86,concrete
family room,4.86,concrete
filing cabinet,4.86,concrete
fishing line,4.86,concrete
fishinghook,4.86,concrete
flashcard,4.86,concrete
football field,4.86,concrete
french toast,4.86,concrete
gasmask,4.86,concrete
half dollar,4.86,concrete
ice rink,4.86,concrete
ipod,4.86,concrete
kitchen stove,4.86,concrete
knife blade,4.86,concrete
laser printer,4.86,concrete
library card,4.86,concrete
log cabin,4.86,concrete
lounge chair,4.86,concrete
mineral water,4.86,concrete
movie theater,4.86,concrete
nail clippers,4.86,concrete
nursing home,4.86,concrete
paper mill,4.86,concrete
picket fence,4.86,concrete
plastic bag,4.86,concrete
power line,4.86,concrete
power plant,4.86,concrete
radio transmitter,4.86,concrete
ring finger,4.86,concrete
road sign,4.86,concrete
rope ladder,4.86,concrete
scotch tape,4.86,concrete
shoe polish,4.86,concrete
shopping cart,4.86,concrete
ski pole,4.86,concrete
steel band,4.86,concrete
steering wheel,4.86,concrete
straw hat,4.86,concrete
stretch pants,4.86,concrete
sweatsuit,4.86,concrete
swivel chair,4.86,concrete
television set,4.86,concrete
toaster oven,4.86,concrete
toilet tissue,4.86,concrete
towboat,4.86,concrete
town hall,4.86,concrete
traffic cop,4.86,concrete
train set,4.86,concrete
tube top,4.86,concrete
umbilical cord,4.86,concrete
water faucet,4.86,concrete
water lily,4.86,concrete
wind tunnel,4.86,concrete
window washer,4.86,concrete
pearl,4.87,concrete
airport,4.87,concrete
apron,4.87,concrete
bench,4.87,concrete
bowl,4.87,concrete
broccoli,4.87,concrete
cane,4.87,concrete
casserole,4.87,concrete
caterpillar,4.87,concrete
condom,4.87,concrete
crayon,4.87,concrete
creek,4.87,concrete
crowbar,4.87,concrete
desk,4.87,concrete
dinosaur,4.87,concrete
earwax,4.87,concrete
face,4.87,concrete
firefighter,4.87,concrete
fishhook,4.87,concrete
freezer,4.87,concrete
hay,4.87,concrete
haystack,4.87,concrete
hose,4.87,concrete
jaw,4.87,concrete
knot,4.87,concrete
knuckles,4.87,concrete
lingerie,4.87,concrete
loveseat,4.87,concrete
metal,4.87,concrete
papaya,4.87,concrete
pecan,4.87,concrete
radish,4.87,concrete
scrotum,4.87,concrete
ship,4.87,concrete
shoestring,4.87,concrete
shoreline,4.87,concrete
slingshot,4.87,concrete
soil,4.87,concrete
speedboat,4.87,concrete
steel,4.87,concrete
sugar,4.87,concrete
thermostat,4.87,concrete
tin,4.87,concrete
tortoise,4.87,concrete
woods,4.87,concrete
zucchini,4.87,concrete
corn field,4.87,concrete
cut glass,4.87,concrete
double door,4.87,concrete
false teeth,4.87,concrete
fire engine,4.87,concrete
fire hose,4.87,concrete
foot pedal,4.87,concrete
french fries,4.87,concrete
goat cheese,4.87,concrete
hair gel,4.87,concrete
hot dog,4.87,concrete
passion fruit,4.87,concrete
placemat,4.87,concrete
plane ticket,4.87,concrete
powdered milk,4.87,concrete
skating rink,4.87,concrete
sour cream,4.87,concrete
teddy bear,4.87,concrete
train station,4.87,concrete
waste basket,4.87,concrete
window screen,4.87,concrete
frankfurter,4.88,concrete
aluminum,4.88,concrete
ammunition,4.88,concrete
banknote,4.88,concrete
bear,4.88,concrete
bee,4.88,concrete
beer,4.88,concrete
beeswax,4.88,concrete
bun,4.88,concrete
cab,4.88,concrete
candelabra,4.88,concrete
canteen,4.88,concrete
cigarette,4.88,concrete
cockatiel,4.88,concrete
cymbals,4.88,concrete
dam,4.88,concrete
dove,4.88,concrete
driftwood,4.88,concrete
femur,4.88,concrete
gardenia,4.88,concrete
gavel,4.88,concrete
gem,4.88,concrete
gingerbread,4.88,concrete
griddlecakes,4.88,concrete
guppy,4.88,concrete
hare,4.88,concrete
hat,4.88,concrete
hemlock,4.88,concrete
honey,4.88,concrete
hood,4.88,concrete
kumquat,4.88,concrete
lake,4.88,concrete
lard,4.88,concrete
loincloth,4.88,concrete
microphone,4.88,concrete
mosquito,4.88,concrete
motorway,4.88,concrete
octopi,4.88,concrete
pencil,4.88,concrete
pipe,4.88,concrete
saddlebag,4.88,concrete
sausage,4.88,concrete
schoolteacher,4.88,concrete
sickle,4.88,concrete
skunk,4.88,concrete
spine,4.88,concrete
stovepipe,4.88,concrete
tobacco,4.88,concrete
typewriter,4.88,concrete
whaleboat,4.88,concrete
banana split,4.88,concrete
bay leaf,4.88,concrete
church bell,4.88,concrete
cotton candy,4.88,concrete
dog food,4.88,concrete
dreidel,4.88,concrete
dried fruit,4.88,concrete
feather duster,4.88,concrete
home appliance,4.88,concrete
hot-water bottle,4.88,concrete
kevlar,4.88,concrete
photo booth,4.88,concrete
pool table,4.88,concrete
print shop,4.88,concrete
punching bag,4.88,concrete
railroadtracks,4.88,concrete
rollingpin,4.88,concrete
slotmachine,4.88,concrete
sports car,4.88,concrete
subwoofer,4.88,concrete
sugar beet,4.88,concrete
swimmingpool,4.88,concrete
toiletpaper,4.88,concrete
treehouse,4.88,concrete
whipped cream,4.88,concrete
dogsled,4.89,concrete
carrousel,4.89,concrete
acne,4.89,concrete
anthill,4.89,concrete
avocado,4.89,concrete
backpacker,4.89,concrete
basement,4.89,concrete
bellman,4.89,concrete
bicycle,4.89,concrete
binder,4.89,concrete
bookstore,4.89,concrete
bowtie,4.89,concrete
breadbox,4.89,concrete
breast,4.89,concrete
broom,4.89,concrete
cabinet,4.89,concrete
car,4.89,concrete
cart,4.89,concrete
cashier,4.89,concrete
checkers,4.89,concrete
children,4.89,concrete
chin,4.89,concrete
clam,4.89,concrete
cocoa,4.89,concrete
coin,4.89,concrete
corpse,4.89,concrete
diamond,4.89,concrete
drawbridge,4.89,concrete
earthworm,4.89,concrete
eggbeater,4.89,concrete
fishbowl,4.89,concrete
flapjack,4.89,concrete
flea,4.89,concrete
floorboard,4.89,concrete
foreskin,4.89,concrete
fudge,4.89,concrete
furniture,4.89,concrete
garlic,4.89,concrete
goatee,4.89,concrete
graves,4.89,concrete
guacamole,4.89,concrete
gum,4.89,concrete
hairspray,4.89,concrete
hammock,4.89,concrete
hoof,4.89,concrete
housecoat,4.89,concrete
ice,4.89,concrete
insect,4.89,concrete
jackhammer,4.89,concrete
juice,4.89,concrete
key,4.89,concrete
lasagna,4.89,concrete
leash,4.89,concrete
mackerel,4.89,concrete
mailbag,4.89,concrete
mansion,4.89,concrete
marijuana,4.89,concrete
medal,4.89,concrete
mitten,4.89,concrete
mongoose,4.89,concrete
mozzarella,4.89,concrete
mustang,4.89,concrete
nose,4.89,concrete
nostril,4.89,concrete
optometrist,4.89,concrete
outhouse,4.89,concrete
paratrooper,4.89,concrete
patio,4.89,concrete
peanut,4.89,concrete
peppercorn,4.89,concrete
photograph,4.89,concrete
pistol,4.89,concrete
podium,4.89,concrete
policewoman,4.89,concrete
poodle,4.89,concrete
porridge,4.89,concrete
racetrack,4.89,concrete
raindrop,4.89,concrete
ravioli,4.89,concrete
restaurant,4.89,concrete
ribbon,4.89,concrete
river,4.89,concrete
sailboat,4.89,concrete
saliva,4.89,concrete
salt,4.89,concrete
seahorse,4.89,concrete
seaweed,4.89,concrete
shamrock,4.89,concrete
shower,4.89,concrete
shrubbery,4.89,concrete
sledgehammer,4.89,concrete
sleepwear,4.89,concrete
snout,4.89,concrete
softball,4.89,concrete
sprinkler,4.89,concrete
squirrel,4.89,concrete
stomach,4.89,concrete
streetcar,4.89,concrete
sugarcane,4.89,concrete
swordfish,4.89,concrete
tables,4.89,concrete
tiara,4.89,concrete
toffee,4.89,concrete
tooth,4.89,concrete
tortellini,4.89,concrete
tortilla,4.89,concrete
trophy,4.89,concrete
trouser,4.89,concrete
trucks,4.89,concrete
tuna,4.89,concrete
turkey,4.89,concrete
tweezer,4.89,concrete
underpants,4.89,concrete
vegetable,4.89,concrete
village,4.89,concrete
vinegar,4.89,concrete
wagon,4.89,concrete
wart,4.89,concrete
watermelon,4.89,concrete
webcam,4.89,concrete
wheat,4.89,concrete
whiskers,4.89,concrete
windmill,4.89,concrete
woodchuck,4.89,concrete
superglue,4.89,concrete
baby carriage,4.89,concrete
back seat,4.89,concrete
baseball game,4.89,concrete
baseball glove,4.89,concrete
basketball court,4.89,concrete
breadcrumb,4.89,concrete
cake mix,4.89,concrete
cigarette case,4.89,concrete
cigarette lighter,4.89,concrete
coffee mug,4.89,concrete
coffee table,4.89,concrete
convenience store,4.89,concrete
creditcard,4.89,concrete
creme brulee,4.89,concrete
elastic band,4.89,concrete
electric chair,4.89,concrete
eskimo,4.89,concrete
eyebrow pencil,4.89,concrete
flight attendant,4.89,concrete
flower bed,4.89,concrete
food processor,4.89,concrete
freight car,4.89,concrete
french bread,4.89,concrete
fryingpan,4.89,concrete
ginger ale,4.89,concrete
hayfork,4.89,concrete
hot sauce,4.89,concrete
hotel clerk,4.89,concrete
ID card,4.89,concrete
index finger,4.89,concrete
jetski,4.89,concrete
jump suit,4.89,concrete
lemon juice,4.89,concrete
license plate,4.89,concrete
mail slot,4.89,concrete
middle finger,4.89,concrete
music box,4.89,concrete
paper bag,4.89,concrete
parking meter,4.89,concrete
personal computer,4.89,concrete
pet food,4.89,concrete
phone booth,4.89,concrete
playstation,4.89,concrete
punch bowl,4.89,concrete
rice pudding,4.89,concrete
roast pork,4.89,concrete
seabird,4.89,concrete
shower cap,4.89,concrete
shuttle bus,4.89,concrete
silicon chip,4.89,concrete
ski jacket,4.89,concrete
soccer ball,4.89,concrete
soft drink,4.89,concrete
spare ribs,4.89,concrete
spiral staircase,4.89,concrete
sun hat,4.89,concrete
telephone cord,4.89,concrete
tin can,4.89,concrete
washing machine,4.89,concrete
water jug,4.89,concrete
water meter,4.89,concrete
wedding cake,4.89,concrete
window box,4.89,concrete
window glass,4.89,concrete
wine bar,4.89,concrete
xbox,4.89,concrete
bobsled,4.9,concrete
cardboard,4.9,concrete
olive,4.9,concrete
armadillo,4.9,concrete
moss,4.9,concrete
stingray,4.9,concrete
apartment,4.9,concrete
ax,4.9,concrete
bacon,4.9,concrete
bag,4.9,concrete
banjo,4.9,concrete
baseboard,4.9,concrete
bead,4.9,concrete
bedroom,4.9,concrete
belt,4.9,concrete
biscuit,4.9,concrete
bone,4.9,concrete
book,4.9,concrete
bookmark,4.9,concrete
box,4.9,concrete
branch,4.9,concrete
bulldozer,4.9,concrete
bullfrog,4.9,concrete
bus,4.9,concrete
bush,4.9,concrete
butter,4.9,concrete
card,4.9,concrete
chainsaw,4.9,concrete
chalk,4.9,concrete
cheerleader,4.9,concrete
chips,4.9,concrete
church,4.9,concrete
cloth,4.9,concrete
clown,4.9,concrete
cookbook,4.9,concrete
crab,4.9,concrete
crouton,4.9,concrete
dart,4.9,concrete
dish,4.9,concrete
doornail,4.9,concrete
earplugs,4.9,concrete
exoskeleton,4.9,concrete
eye,4.9,concrete
falcon,4.9,concrete
feather,4.9,concrete
fiberglass,4.9,concrete
firefly,4.9,concrete
foot,4.9,concrete
forehead,4.9,concrete
fork,4.9,concrete
fossil,4.9,concrete
glasses,4.9,concrete
grenade,4.9,concrete
guitar,4.9,concrete
gumdrop,4.9,concrete
ham,4.9,concrete
harmonica,4.9,concrete
hen,4.9,concrete
hipbone,4.9,concrete
jaguar,4.9,concrete
javelin,4.9,concrete
jellybean,4.9,concrete
kelp,4.9,concrete
kettledrum,4.9,concrete
knapsack,4.9,concrete
knife,4.9,concrete
ladle,4.9,concrete
lipstick,4.9,concrete
mayonnaise,4.9,concrete
meat,4.9,concrete
monkey,4.9,concrete
moon,4.9,concrete
mustache,4.9,concrete
nightgown,4.9,concrete
ottoman,4.9,concrete
page,4.9,concrete
panties,4.9,concrete
parakeet,4.9,concrete
pea,4.9,concrete
peach,4.9,concrete
peanuts,4.9,concrete
piano,4.9,concrete
pond,4.9,concrete
pony,4.9,concrete
portrait,4.9,concrete
propeller,4.9,concrete
pudding,4.9,concrete
pumpkin,4.9,concrete
purse,4.9,concrete
rail,4.9,concrete
razor,4.9,concrete
rhino,4.9,concrete
rib,4.9,concrete
riverboat,4.9,concrete
rose,4.9,concrete
sandwich,4.9,concrete
schoolbook,4.9,concrete
scoreboard,4.9,concrete
screwdriver,4.9,concrete
sheep,4.9,concrete
sofa,4.9,concrete
starfish,4.9,concrete
steamboat,4.9,concrete
stirrup,4.9,concrete
stool,4.9,concrete
table,4.9,concrete
tape,4.9,concrete
thigh,4.9,concrete
timber,4.9,concrete
toaster,4.9,concrete
trombone,4.9,concrete
waterfall,4.9,concrete
weed,4.9,concrete
worm,4.9,concrete
yogurt,4.9,concrete
scissor,4.9,concrete
body lotion,4.9,concrete
boxer shorts,4.9,concrete
bubble gum,4.9,concrete
bulletproof vest,4.9,concrete
christmas tree,4.9,concrete
clock radio,4.9,concrete
cocktail shaker,4.9,concrete
conveyor belt,4.9,concrete
cooking oil,4.9,concrete
deerskin,4.9,concrete
dinner plate,4.9,concrete
drum kit,4.9,concrete
fire truck,4.9,concrete
fish bowl,4.9,concrete
gas tank,4.9,concrete
gift shop,4.9,concrete
gingerbread man,4.9,concrete
green beans,4.9,concrete
hand grenade,4.9,concrete
kitchen sink,4.9,concrete
milk shake,4.9,concrete
pay phone,4.9,concrete
pencil eraser,4.9,concrete
plastic film,4.9,concrete
post office,4.9,concrete
punch card,4.9,concrete
rain forest,4.9,concrete
roof rack,4.9,concrete
roulette wheel,4.9,concrete
salad bar,4.9,concrete
shopping mall,4.9,concrete
soup bowl,4.9,concrete
sumo wrestler,4.9,concrete
talcum powder,4.9,concrete
ticket office,4.9,concrete
vaseline,4.9,concrete
vending machine,4.9,concrete
video camera,4.9,concrete
videogame,4.9,concrete
wine glass,4.9,concrete
wrist watch,4.9,concrete
bottle,4.91,concrete
grasshopper,4.91,concrete
nozzle,4.91,concrete
rock,4.91,concrete
sidewall,4.91,concrete
sock,4.91,concrete
juniper berries,4.91,concrete
rocking horse,4.91,concrete
sea gull,4.91,concrete
window pane,4.91,concrete
cymbal,4.92,concrete
ginger,4.92,concrete
moonstone,4.92,concrete
rosewood,4.92,concrete
airship,4.92,concrete
anklebone,4.92,concrete
applecart,4.92,concrete
ashes,4.92,concrete
baboon,4.92,concrete
balloon,4.92,concrete
barnacle,4.92,concrete
bathtub,4.92,concrete
boa,4.92,concrete
bread,4.92,concrete
cabin,4.92,concrete
caribou,4.92,concrete
cashew,4.92,concrete
clarinet,4.92,concrete
cobweb,4.92,concrete
corkboard,4.92,concrete
eyeball,4.92,concrete
eyeglasses,4.92,concrete
fridge,4.92,concrete
gondola,4.92,concrete
helmet,4.92,concrete
ladybug,4.92,concrete
leek,4.92,concrete
limes,4.92,concrete
mast,4.92,concrete
milk,4.92,concrete
minivan,4.92,concrete
motorbus,4.92,concrete
notebook,4.92,concrete
nun,4.92,concrete
orchid,4.92,concrete
padlock,4.92,concrete
pen,4.92,concrete
pie,4.92,concrete
pin,4.92,concrete
plane,4.92,concrete
poinsettia,4.92,concrete
porch,4.92,concrete
quesadilla,4.92,concrete
rectum,4.92,concrete
seesaw,4.92,concrete
shrub,4.92,concrete
sparkplug,4.92,concrete
spindle,4.92,concrete
stopwatch,4.92,concrete
storybook,4.92,concrete
streetlamp,4.92,concrete
student,4.92,concrete
teacup,4.92,concrete
theater,4.92,concrete
videotape,4.92,concrete
waterbird,4.92,concrete
aloe vera,4.92,concrete
belt buckle,4.92,concrete
brake light,4.92,concrete
bus stop,4.92,concrete
buzz saw,4.92,concrete
cable car,4.92,concrete
candy store,4.92,concrete
cotton wool,4.92,concrete
electric razor,4.92,concrete
garbage truck,4.92,concrete
garter snake,4.92,concrete
home plate,4.92,concrete
humvee,4.92,concrete
kleenex,4.92,concrete
meat loaf,4.92,concrete
road atlas,4.92,concrete
rockingchair,4.92,concrete
seat belt,4.92,concrete
shopping bag,4.92,concrete
shoulder blade,4.92,concrete
silly putty,4.92,concrete
silver foil,4.92,concrete
velcro,4.92,concrete
water tower,4.92,concrete
wateringcan,4.92,concrete
human,4.93,concrete
waterbed,4.93,concrete
berry,4.93,concrete
bookbinder,4.93,concrete
hawk,4.93,concrete
peg,4.93,concrete
yam,4.93,concrete
algae,4.93,concrete
anaconda,4.93,concrete
backboard,4.93,concrete
badge,4.93,concrete
bagpipes,4.93,concrete
bakeshop,4.93,concrete
beehive,4.93,concrete
biceps,4.93,concrete
blade,4.93,concrete
blowtorch,4.93,concrete
boat,4.93,concrete
bobcat,4.93,concrete
bologna,4.93,concrete
bonnet,4.93,concrete
bookcase,4.93,concrete
bookshelf,4.93,concrete
bourbon,4.93,concrete
bulb,4.93,concrete
burger,4.93,concrete
butterfly,4.93,concrete
camel,4.93,concrete
candlestick,4.93,concrete
canister,4.93,concrete
carousel,4.93,concrete
cemetery,4.93,concrete
cheeseburger,4.93,concrete
chest,4.93,concrete
chick,4.93,concrete
chopstick,4.93,concrete
churchyard,4.93,concrete
cigar,4.93,concrete
clay,4.93,concrete
clipboard,4.93,concrete
clitoris,4.93,concrete
coffeehouse,4.93,concrete
coffeemaker,4.93,concrete
coliseum,4.93,concrete
computer,4.93,concrete
confetti,4.93,concrete
crackers,4.93,concrete
cradle,4.93,concrete
crate,4.93,concrete
crayfish,4.93,concrete
crow,4.93,concrete
cumin,4.93,concrete
dentist,4.93,concrete
dessert,4.93,concrete
diploma,4.93,concrete
dollar,4.93,concrete
donut,4.93,concrete
dress,4.93,concrete
duckling,4.93,concrete
emerald,4.93,concrete
envelope,4.93,concrete
fingernail,4.93,concrete
fingertip,4.93,concrete
firewood,4.93,concrete
fishhooks,4.93,concrete
fist,4.93,concrete
folder,4.93,concrete
glowworm,4.93,concrete
goggles,4.93,concrete
grass,4.93,concrete
groundhog,4.93,concrete
gunshot,4.93,concrete
handbag,4.93,concrete
hatchet,4.93,concrete
headphone,4.93,concrete
hedgehog,4.93,concrete
hill,4.93,concrete
hippo,4.93,concrete
hippopotamus,4.93,concrete
hotel,4.93,concrete
hourglass,4.93,concrete
infant,4.93,concrete
jelly,4.93,concrete
jellyfish,4.93,concrete
jukebox,4.93,concrete
keyboard,4.93,concrete
knuckle,4.93,concrete
laundry,4.93,concrete
lawn,4.93,concrete
mallet,4.93,concrete
map,4.93,concrete
mascara,4.93,concrete
meatball,4.93,concrete
motel,4.93,concrete
motorboat,4.93,concrete
motorcar,4.93,concrete
mustard,4.93,concrete
napkin,4.93,concrete
needle,4.93,concrete
nightlight,4.93,concrete
oatmeal,4.93,concrete
office,4.93,concrete
oil,4.93,concrete
omelet,4.93,concrete
opossum,4.93,concrete
owl,4.93,concrete
pail,4.93,concrete
panther,4.93,concrete
paper,4.93,concrete
pear,4.93,concrete
pedometer,4.93,concrete
pegboard,4.93,concrete
pelvis,4.93,concrete
peroxide,4.93,concrete
photo,4.93,concrete
pickaxe,4.93,concrete
piglet,4.93,concrete
pillowcase,4.93,concrete
pistachio,4.93,concrete
pitcher,4.93,concrete
platter,4.93,concrete
pliers,4.93,concrete
pocketknife,4.93,concrete
policeman,4.93,concrete
popsicle,4.93,concrete
postcard,4.93,concrete
rabbit,4.93,concrete
rainfall,4.93,concrete
raspberry,4.93,concrete
restroom,4.93,concrete
roosters,4.93,concrete
rope,4.93,concrete
rum,4.93,concrete
sawdust,4.93,concrete
shack,4.93,concrete
shark,4.93,concrete
sheet,4.93,concrete
shoulder,4.93,concrete
showerhead,4.93,concrete
skittles,4.93,concrete
snail,4.93,concrete
snowball,4.93,concrete
soap,4.93,concrete
speakers,4.93,concrete
stagecoach,4.93,concrete
stair,4.93,concrete
statue,4.93,concrete
sweatshirt,4.93,concrete
sword,4.93,concrete
taco,4.93,concrete
tapeworm,4.93,concrete
taxi,4.93,concrete
text,4.93,concrete
thong,4.93,concrete
tissue,4.93,concrete
toast,4.93,concrete
toe,4.93,concrete
tongue,4.93,concrete
toothpick,4.93,concrete
toy,4.93,concrete
treadmill,4.93,concrete
trousers,4.93,concrete
urine,4.93,concrete
volleyball,4.93,concrete
washcloth,4.93,concrete
wheelchair,4.93,concrete
wineglass,4.93,concrete
woodpecker,4.93,concrete
wreath,4.93,concrete
wrench,4.93,concrete
wrist,4.93,concrete
yarn,4.93,concrete
elk,4.93,concrete
hotcake,4.93,concrete
nail,4.93,concrete
aerosol can,4.93,concrete
air conditioner,4.93,concrete
aircraft carrier,4.93,concrete
apple pie,4.93,concrete
bank vault,4.93,concrete
barbecue pit,4.93,concrete
battery charger,4.93,concrete
bay window,4.93,concrete
beer can,4.93,concrete
birthday cake,4.93,concrete
black locust,4.93,concrete
bok choy,4.93,concrete
bulletin board,4.93,concrete
bunkbed,4.93,concrete
bus shelter,4.93,concrete
cadillac,4.93,concrete
can opener,4.93,concrete
car mechanic,4.93,concrete
car seat,4.93,concrete
cattail,4.93,concrete
chess piece,4.93,concrete
chickpea,4.93,concrete
clownfish,4.93,concrete
coat hanger,4.93,concrete
coffee filter,4.93,concrete
coffee pot,4.93,concrete
combination lock,4.93,concrete
contact lens,4.93,concrete
cowboy hat,4.93,concrete
dish towel,4.93,concrete
dishcloth,4.93,concrete
dog collar,4.93,concrete
dogfood,4.93,concrete
easy chair,4.93,concrete
engagement ring,4.93,concrete
fish tank,4.93,concrete
fishnet stockings,4.93,concrete
football stadium,4.93,concrete
fountain pen,4.93,concrete
fruit cocktail,4.93,concrete
garlic butter,4.93,concrete
grape juice,4.93,concrete
guinea pig,4.93,concrete
hair dryer,4.93,concrete
hazard lights,4.93,concrete
hearing aid,4.93,concrete
iceberg lettuce,4.93,concrete
ice-cream cone,4.93,concrete
ignition key,4.93,concrete
iphone,4.93,concrete
jigsaw puzzle,4.93,concrete
jogging suit,4.93,concrete
jumprope,4.93,concrete
kitchen cabinet,4.93,concrete
lamb chop,4.93,concrete
laserdisc,4.93,concrete
lawn mower,4.93,concrete
lip gloss,4.93,concrete
microwave oven,4.93,concrete
milk can,4.93,concrete
mosquito net,4.93,concrete
napkin ring,4.93,concrete
oil rig,4.93,concrete
olive oil,4.93,concrete
outlet store,4.93,concrete
oxygen mask,4.93,concrete
peanut butter,4.93,concrete
pencil sharpener,4.93,concrete
pet shop,4.93,concrete
phone book,4.93,concrete
phone card,4.93,concrete
picture book,4.93,concrete
ping-pong table,4.93,concrete
pork roast,4.93,concrete
praying mantis,4.93,concrete
race car,4.93,concrete
racing car,4.93,concrete
racoon,4.93,concrete
reception desk,4.93,concrete
remote control,4.93,concrete
rocking chair,4.93,concrete
root beer,4.93,concrete
school bus,4.93,concrete
scrap metal,4.93,concrete
shoulder bag,4.93,concrete
skin rash,4.93,concrete
space bar,4.93,concrete
street lamp,4.93,concrete
suntan lotion,4.93,concrete
swimming pool,4.93,concrete
table lamp,4.93,concrete
tank top,4.93,concrete
tape recorder,4.93,concrete
taperecorder,4.93,concrete
telephone pole,4.93,concrete
trash bin,4.93,concrete
trenchcoat,4.93,concrete
t-shirt,4.93,concrete
tuning fork,4.93,concrete
tv set,4.93,concrete
vegetable oil,4.93,concrete
wall clock,4.93,concrete
water bottle,4.93,concrete
wooden horse,4.93,concrete
wooden leg,4.93,concrete
writing desk,4.93,concrete
cuticle,4.94,concrete
eggroll,4.94,concrete
pineapple,4.94,concrete
shirt,4.94,concrete
flip flops,4.94,concrete
lip balm,4.94,concrete
measuring cup,4.94,concrete
water pistol,4.94,concrete
willow tree,4.94,concrete
mapleleaf,4.95,concrete
plunger,4.96,concrete
housefly,4.96,concrete
ash,4.96,concrete
colt,4.96,concrete
macaroon,4.96,concrete
mayo,4.96,concrete
redwood,4.96,concrete
rosebud,4.96,concrete
swan,4.96,concrete
acorn,4.96,concrete
airplane,4.96,concrete
alligator,4.96,concrete
anchovy,4.96,concrete
anvil,4.96,concrete
applesauce,4.96,concrete
arm,4.96,concrete
asparagus,4.96,concrete
automobile,4.96,concrete
backpack,4.96,concrete
beak,4.96,concrete
beanbag,4.96,concrete
beard,4.96,concrete
bell,4.96,concrete
bikini,4.96,concrete
birdbath,4.96,concrete
birdhouse,4.96,concrete
birdseed,4.96,concrete
blouse,4.96,concrete
blueberry,4.96,concrete
boot,4.96,concrete
bracelet,4.96,concrete
bucket,4.96,concrete
bumblebee,4.96,concrete
bumper,4.96,concrete
button,4.96,concrete
caboose,4.96,concrete
cafe,4.96,concrete
cardigan,4.96,concrete
carpet,4.96,concrete
castle,4.96,concrete
cave,4.96,concrete
cello,4.96,concrete
checkerboard,4.96,concrete
chimp,4.96,concrete
chimpanzee,4.96,concrete
cockroach,4.96,concrete
corn,4.96,concrete
cornfield,4.96,concrete
cow,4.96,concrete
coyote,4.96,concrete
cracker,4.96,concrete
cranberry,4.96,concrete
crawlspace,4.96,concrete
croissant,4.96,concrete
daffodil,4.96,concrete
dagger,4.96,concrete
dolphin,4.96,concrete
doughnut,4.96,concrete
drawers,4.96,concrete
dresser,4.96,concrete
drum,4.96,concrete
drumstick,4.96,concrete
earlobe,4.96,concrete
earring,4.96,concrete
feces,4.96,concrete
fingerprint,4.96,concrete
foghorn,4.96,concrete
footstool,4.96,concrete
garage,4.96,concrete
gate,4.96,concrete
genitals,4.96,concrete
goalpost,4.96,concrete
grapefruit,4.96,concrete
hacksaw,4.96,concrete
hairnet,4.96,concrete
hornet,4.96,concrete
hummingbird,4.96,concrete
iceberg,4.96,concrete
icicle,4.96,concrete
island,4.96,concrete
jawbone,4.96,concrete
jewel,4.96,concrete
jug,4.96,concrete
kerosene,4.96,concrete
kidney,4.96,concrete
laptop,4.96,concrete
lid,4.96,concrete
lighthouse,4.96,concrete
lime,4.96,concrete
lint,4.96,concrete
lion,4.96,concrete
lip,4.96,concrete
log,4.96,concrete
lollipop,4.96,concrete
longbow,4.96,concrete
marbles,4.96,concrete
mask,4.96,concrete
matchstick,4.96,concrete
meteor,4.96,concrete
mountain,4.96,concrete
moustache,4.96,concrete
muskrat,4.96,concrete
necklace,4.96,concrete
necktie,4.96,concrete
needles,4.96,concrete
nightclub,4.96,concrete
noodles,4.96,concrete
paperclip,4.96,concrete
parrotfish,4.96,concrete
pelican,4.96,concrete
pillbox,4.96,concrete
pyramid,4.96,concrete
python,4.96,concrete
ribcage,4.96,concrete
roach,4.96,concrete
saltshaker,4.96,concrete
sandcastle,4.96,concrete
scooter,4.96,concrete
seashell,4.96,concrete
shelf,4.96,concrete
shotgun,4.96,concrete
sideburns,4.96,concrete
sidewalk,4.96,concrete
spacesuit,4.96,concrete
spatula,4.96,concrete
spoon,4.96,concrete
steak,4.96,concrete
stove,4.96,concrete
stroller,4.96,concrete
sushi,4.96,concrete
swamp,4.96,concrete
tail,4.96,concrete
teapot,4.96,concrete
teeth,4.96,concrete
telephone,4.96,concrete
tent,4.96,concrete
thermometer,4.96,concrete
thighbone,4.96,concrete
thumb,4.96,concrete
thumbtack,4.96,concrete
thyme,4.96,concrete
tinfoil,4.96,concrete
torpedo,4.96,concrete
tux,4.96,concrete
tweezers,4.96,concrete
underwear,4.96,concrete
violin,4.96,concrete
washtub,4.96,concrete
wasp,4.96,concrete
whale,4.96,concrete
smoke,4.96,concrete
air bag,4.96,concrete
airport terminal,4.96,concrete
baking sheet,4.96,concrete
baseball cap,4.96,concrete
beefburger,4.96,concrete
bluefin,4.96,concrete
boiled egg,4.96,concrete
bottle opener,4.96,concrete
broom handle,4.96,concrete
caesar salad,4.96,concrete
candy bar,4.96,concrete
cereal box,4.96,concrete
clothing store,4.96,concrete
coathanger,4.96,concrete
comic book,4.96,concrete
debit card,4.96,concrete
digital watch,4.96,concrete
drinking glass,4.96,concrete
duct tape,4.96,concrete
fencepost,4.96,concrete
fire pit,4.96,concrete
first-aid kit,4.96,concrete
fishing pole,4.96,concrete
fishingpole,4.96,concrete
front porch,4.96,concrete
garbage can,4.96,concrete
gasoline station,4.96,concrete
hard disk,4.96,concrete
hard-boiled egg,4.96,concrete
hospital room,4.96,concrete
hot chocolate,4.96,concrete
hot-air balloon,4.96,concrete
ice pack,4.96,concrete
ipad,4.96,concrete
jet plane,4.96,concrete
life jacket,4.96,concrete
magnifying glass,4.96,concrete
overhead projector,4.96,concrete
paper cup,4.96,concrete
pepper spray,4.96,concrete
phone cord,4.96,concrete
phonebook,4.96,concrete
pickup truck,4.96,concrete
piggy bank,4.96,concrete
pine tree,4.96,concrete
pogo stick,4.96,concrete
police car,4.96,concrete
police station,4.96,concrete
pooltable,4.96,concrete
racecar,4.96,concrete
red cabbage,4.96,concrete
roller skates,4.96,concrete
safe-deposit box,4.96,concrete
safety belt,4.96,concrete
sandworm,4.96,concrete
sea urchin,4.96,concrete
sport coat,4.96,concrete
spring roll,4.96,concrete
steam engine,4.96,concrete
subway train,4.96,concrete
swing set,4.96,concrete
table salt,4.96,concrete
tennis racket,4.96,concrete
top hat,4.96,concrete
traffic signal,4.96,concrete
trash can,4.96,concrete
water bed,4.96,concrete
water pipe,4.96,concrete
water tap,4.96,concrete
wax paper,4.96,concrete
wedding dress,4.96,concrete
wine cooler,4.96,concrete
wineshop,4.96,concrete
horsefly,4.97,concrete
fox,4.97,concrete
kitty,4.97,concrete
apricot,4.97,concrete
arms,4.97,concrete
arrow,4.97,concrete
ashtray,4.97,concrete
bagpipe,4.97,concrete
basketball,4.97,concrete
blackberry,4.97,concrete
bluebird,4.97,concrete
bridge,4.97,concrete
bunny,4.97,concrete
cement,4.97,concrete
chalkboard,4.97,concrete
checkbook,4.97,concrete
cheesecake,4.97,concrete
chipmunk,4.97,concrete
cider,4.97,concrete
coat,4.97,concrete
cotton,4.97,concrete
doorknob,4.97,concrete
easel,4.97,concrete
egg,4.97,concrete
eggplant,4.97,concrete
ferret,4.97,concrete
fig,4.97,concrete
flour,4.97,concrete
glove,4.97,concrete
gorilla,4.97,concrete
gravy,4.97,concrete
hair,4.97,concrete
hairdryer,4.97,concrete
handprint,4.97,concrete
headlight,4.97,concrete
jockstrap,4.97,concrete
kitchen,4.97,concrete
lamb,4.97,concrete
lamp,4.97,concrete
lawnmower,4.97,concrete
lettuce,4.97,concrete
licorice,4.97,concrete
macaroni,4.97,concrete
maggot,4.97,concrete
milkshake,4.97,concrete
mirror,4.97,concrete
moose,4.97,concrete
mop,4.97,concrete
motorcycle,4.97,concrete
oven,4.97,concrete
pastry,4.97,concrete
poncho,4.97,concrete
rafter,4.97,concrete
rain,4.97,concrete
raisin,4.97,concrete
salad,4.97,concrete
scarf,4.97,concrete
serpent,4.97,concrete
shoe,4.97,concrete
shovel,4.97,concrete
skeleton,4.97,concrete
snowplow,4.97,concrete
soda,4.97,concrete
spandex,4.97,concrete
spider,4.97,concrete
suit,4.97,concrete
suitcase,4.97,concrete
teakettle,4.97,concrete
throat,4.97,concrete
toilet,4.97,concrete
toothpaste,4.97,concrete
vodka,4.97,concrete
walnut,4.97,concrete
wax,4.97,concrete
yacht,4.97,concrete
alarmclock,4.97,concrete
baking tray,4.97,concrete
basketball hoop,4.97,concrete
beachball,4.97,concrete
bell pepper,4.97,concrete
blue jeans,4.97,concrete
bluejay,4.97,concrete
boxing gloves,4.97,concrete
breadstick,4.97,concrete
bubble wrap,4.97,concrete
bus ticket,4.97,concrete
camera lens,4.97,concrete
candy cane,4.97,concrete
cash register,4.97,concrete
chocolate milk,4.97,concrete
coffee bean,4.97,concrete
cookie sheet,4.97,concrete
dancefloor,4.97,concrete
egg roll,4.97,concrete
flower garden,4.97,concrete
fruit salad,4.97,concrete
gas mask,4.97,concrete
golf club,4.97,concrete
grocery bag,4.97,concrete
ice pick,4.97,concrete
light bulb,4.97,concrete
mobile phone,4.97,concrete
name tag,4.97,concrete
parking ticket,4.97,concrete
pencilsharpener,4.97,concrete
pocket calculator,4.97,concrete
pocket knife,4.97,concrete
pocket watch,4.97,concrete
projection screen,4.97,concrete
red carpet,4.97,concrete
rib cage,4.97,concrete
roast beef,4.97,concrete
sewing kit,4.97,concrete
ski mask,4.97,concrete
soy sauce,4.97,concrete
spider web,4.97,concrete
swimming trunks,4.97,concrete
tree trunk,4.97,concrete
wastepaper basket,4.97,concrete
sled,5.0,concrete
daisy,5.0,concrete
peacock,5.0,concrete
quill,5.0,concrete
thorn,5.0,concrete
tulip,5.0,concrete
angelfish,5.0,concrete
antelope,5.0,concrete
apple,5.0,concrete
armchair,5.0,concrete
axe,5.0,concrete
baby,5.0,concrete
bagel,5.0,concrete
ball,5.0,concrete
banana,5.0,concrete
bandanna,5.0,concrete
barracuda,5.0,concrete
basket,5.0,concrete
bat,5.0,concrete
bathrobe,5.0,concrete
bean,5.0,concrete
bed,5.0,concrete
bedpan,5.0,concrete
bellybutton,5.0,concrete
bike,5.0,concrete
binoculars,5.0,concrete
bird,5.0,concrete
blackbird,5.0,concrete
blanket,5.0,concrete
blender,5.0,concrete
boots,5.0,concrete
braces,5.0,concrete
breasts,5.0,concrete
bug,5.0,concrete
burrito,5.0,concrete
cactus,5.0,concrete
cage,5.0,concrete
camcorder,5.0,concrete
camera,5.0,concrete
carrot,5.0,concrete
carton,5.0,concrete
cauliflower,5.0,concrete
chimney,5.0,concrete
chopsticks,5.0,concrete
clock,5.0,concrete
cobra,5.0,concrete
cookie,5.0,concrete
crawfish,5.0,concrete
cup,5.0,concrete
cupcake,5.0,concrete
dandelion,5.0,concrete
deodorant,5.0,concrete
dogs,5.0,concrete
doll,5.0,concrete
donkey,5.0,concrete
doorstep,5.0,concrete
dustpan,5.0,concrete
eagle,5.0,concrete
ear,5.0,concrete
eggnog,5.0,concrete
elbow,5.0,concrete
elephant,5.0,concrete
escalator,5.0,concrete
eyedropper,5.0,concrete
eyelash,5.0,concrete
eyelid,5.0,concrete
fern,5.0,concrete
finger,5.0,concrete
fish,5.0,concrete
flashlight,5.0,concrete
flower,5.0,concrete
flute,5.0,concrete
flyswatter,5.0,concrete
frog,5.0,concrete
goat,5.0,concrete
granite,5.0,concrete
grape,5.0,concrete
gravel,5.0,concrete
greyhound,5.0,concrete
guardrail,5.0,concrete
hamburger,5.0,concrete
handgun,5.0,concrete
handkerchief,5.0,concrete
handsaw,5.0,concrete
headband,5.0,concrete
horn,5.0,concrete
horse,5.0,concrete
horseshoe,5.0,concrete
hotdog,5.0,concrete
house,5.0,concrete
hubcap,5.0,concrete
icepack,5.0,concrete
jar,5.0,concrete
jeans,5.0,concrete
ketchup,5.0,concrete
kite,5.0,concrete
knee,5.0,concrete
ladder,5.0,concrete
lantern,5.0,concrete
leaf,5.0,concrete
lemon,5.0,concrete
leopard,5.0,concrete
lightbulb,5.0,concrete
lollypop,5.0,concrete
magazine,5.0,concrete
mailbox,5.0,concrete
mango,5.0,concrete
margarita,5.0,concrete
mattress,5.0,concrete
meatloaf,5.0,concrete
microscope,5.0,concrete
mousetrap,5.0,concrete
mule,5.0,concrete
neck,5.0,concrete
nectarine,5.0,concrete
nightshirt,5.0,concrete
oat,5.0,concrete
octopus,5.0,concrete
pantyhose,5.0,concrete
paprika,5.0,concrete
parrot,5.0,concrete
passport,5.0,concrete
penguin,5.0,concrete
penis,5.0,concrete
pepperoni,5.0,concrete
pig,5.0,concrete
pillow,5.0,concrete
pitchfork,5.0,concrete
pizza,5.0,concrete
plank,5.0,concrete
pocketbook,5.0,concrete
popcorn,5.0,concrete
porcupine,5.0,concrete
quilt,5.0,concrete
raft,5.0,concrete
railroad,5.0,concrete
raincoat,5.0,concrete
rattlesnake,5.0,concrete
refrigerator,5.0,concrete
robe,5.0,concrete
sand,5.0,concrete
sardine,5.0,concrete
saxophone,5.0,concrete
seagull,5.0,concrete
shawl,5.0,concrete
shoelace,5.0,concrete
snake,5.0,concrete
snowsuit,5.0,concrete
spaghetti,5.0,concrete
spear,5.0,concrete
sponge,5.0,concrete
stairs,5.0,concrete
strawberry,5.0,concrete
switchblade,5.0,concrete
tablespoon,5.0,concrete
taxicab,5.0,concrete
telescope,5.0,concrete
thimble,5.0,concrete
tiger,5.0,concrete
toad,5.0,concrete
tomato,5.0,concrete
tongs,5.0,concrete
toothbrush,5.0,concrete
tractor,5.0,concrete
trampoline,5.0,concrete
tree,5.0,concrete
turtle,5.0,concrete
udder,5.0,concrete
umbrella,5.0,concrete
undershirt,5.0,concrete
unicycle,5.0,concrete
vase,5.0,concrete
videocassette,5.0,concrete
walrus,5.0,concrete
warthog,5.0,concrete
watchband,5.0,concrete
water,5.0,concrete
whisky,5.0,concrete
woodpile,5.0,concrete
comb,5.0,concrete
escargot,5.0,concrete
tire,5.0,concrete
baking soda,5.0,concrete
barbedwire,5.0,concrete
baseball bat,5.0,concrete
bath towel,5.0,concrete
beach ball,5.0,concrete
bed sheet,5.0,concrete
bedsheet,5.0,concrete
big toe,5.0,concrete
birth certificate,5.0,concrete
bomb shelter,5.0,concrete
bowling ball,5.0,concrete
brussels sprouts,5.0,concrete
business card,5.0,concrete
cassette player,5.0,concrete
cellphone,5.0,concrete
cement mixer,5.0,concrete
chain saw,5.0,concrete
chicken breast,5.0,concrete
chocolate bar,5.0,concrete
chocolate cake,5.0,concrete
cigarette butt,5.0,concrete
coffee cup,5.0,concrete
coffee machine,5.0,concrete
computer mouse,5.0,concrete
coral snake,5.0,concrete
cream cheese,5.0,concrete
dill pickle,5.0,concrete
dirt bike,5.0,concrete
evening dress,5.0,concrete
eye drops,5.0,concrete
firehydrant,5.0,concrete
firetruck,5.0,concrete
fishing boat,5.0,concrete
football helmet,5.0,concrete
french horn,5.0,concrete
fruit juice,5.0,concrete
full moon,5.0,concrete
golden retriever,5.0,concrete
grocery store,5.0,concrete
hula hoop,5.0,concrete
ice cream,5.0,concrete
ice cube,5.0,concrete
ironing board,5.0,concrete
jelly bean,5.0,concrete
jump rope,5.0,concrete
kitchen table,5.0,concrete
knitting needle,5.0,concrete
lab coat,5.0,concrete
laundry basket,5.0,concrete
machine gun,5.0,concrete
maple syrup,5.0,concrete
mashed potato,5.0,concrete
meerkat,5.0,concrete
mobile home,5.0,concrete
motor home,5.0,concrete
nail polish,5.0,concrete
nail scissors,5.0,concrete
nailbrush,5.0,concrete
newspaper clipping,5.0,concrete
palm tree,5.0,concrete
paper plate,5.0,concrete
paper towel,5.0,concrete
pick-up truck,5.0,concrete
pitbull,5.0,concrete
place mat,5.0,concrete
polar bear,5.0,concrete
railroad track,5.0,concrete
raisin bread,5.0,concrete
salt shaker,5.0,concrete
sea turtle,5.0,concrete
sewing machine,5.0,concrete
shopping basket,5.0,concrete
ski lift,5.0,concrete
spaghetti sauce,5.0,concrete
sponge cake,5.0,concrete
squirt gun,5.0,concrete
stained glass,5.0,concrete
staple gun,5.0,concrete
station wagon,5.0,concrete
steak knife,5.0,concrete
steeringwheel,5.0,concrete
string cheese,5.0,concrete
sweet potato,5.0,concrete
telephone book,5.0,concrete
telephone wire,5.0,concrete
tennis ball,5.0,concrete
tin foil,5.0,concrete
tiramisu,5.0,concrete
toilet paper,5.0,concrete
tomato sauce,5.0,concrete
towel rack,5.0,concrete
traffic lights,5.0,concrete
trench coat,5.0,concrete
tv,5.0,concrete
waffle iron,5.0,concrete
wedding gown,5.0,concrete
wine bottle,5.0,concrete
yo-yo,5.0,concrete
